"code","title","artist","video_id","source"
"3416","(Everything I Do) I Do It For You","Bryan Adams","4LiVxS-wqzY","platinum"
"7534","(I Just Died) In Your Arms Tonight","Cutting Crew","3tZJyBes2EQ","platinum"
"7538","(I've Had) The Time Of My Life","Dirty Dancing Theme","8g0lSh8XbEU","platinum"
"7369","(Nice To Be) Happy","Alexia","Ro3_o-PzxQw","platinum"
"7537","(You Drive Me) Crazy","Britney Spears","oKW0IcWfPX0","platinum"
"3031","(You're) Having My Baby","Paul Anka","tf272dGZV2w","platinum"
"11644","1 + 1","Beyonce","d0aldeP2UJA","platinum"
"6020","10 Guitars","Engelbert Humperdinck","HeAQYxr_cnM","platinum"
"3750","10,000 Promises","Backstreet Boys","-NhbV0iFYKw","platinum"
"7814","100 Years","Five For Fighting","YN2GZzVVKtE","platinum"
"3298","12 Days Of Christmas","Traditional","7FpU6W4YnKs","platinum"
"9109","1963","New Order","qOqA-K-zSXI","platinum"
"0092","1999","Prince","Ty65U6lqfKk","platinum"
"4285","2 Become 1","Spice Girls","AImB9oMjumc","platinum"
"11646","2 Different Tears","Wonder Girls","EUidv0vJdcE","platinum"
"6032","2 In A Million","S Club 7","BYNPe0UYtaU","platinum"
"4911","2 Times","Ann Lee","NevdzgMwuMY","platinum"
"7539","2001 C.C. Rider","Elvis Presley","ouIZudZItcM","platinum"
"8320","2005 Opm Hits Medley","Various Artist","oPJs_fHWM6Q","platinum"
"8373","2006-1 Opm Medley","Various Artist","gzqSlf6acyk","platinum"
"11732","2012 It Ain't The End","Jay Sean Ft. Nicki Minaj","3-qjqanFqtw","platinum"
"11004","21 Guns","Greenday","CNVkvHUhDqA","platinum"
"5872","214","Rivermaya","hNmgGtSTqb8","platinum"
"44862","22","Lily Allen","V4pHkHiCruA","platinum"
"8446","24 Hour Ago","Cueshe'","BiKU79XjelQ","platinum"
"8445","241 (My Favorite Song)","Rivermaya","ZBuu21E4Zd8","platinum"
"4266","25 6 To 4","Chicago","jlV1pdBS-c4","platinum"
"4324","25 Minutes","Michael Learns To Rock","fMlyH-A4wzg","platinum"
"44881","3","Britney Spears","S__mzBhS6fw","platinum"
"1766","3 A.M.","Matchbox 20","2JRHo6V_Szw","platinum"
"11148","3 Words","Cheryl Cole Ft Will I. Am","ZA-KN_ILDMo","platinum"
"11771","5 O'Clock","T Pain Ft. Wiz Khalifa &","noLrCDzAp5M","platinum"
"9908","50 Ways To Leave Your Lover","Bamboo","km4_tx0vQRY","platinum"
"5773","6 8 12","Brian Mcknight","dwnV1pQeW-E","platinum"
"11557","6 Foot 7 Foot","Lil Wayne","Yjs77mFSabY","platinum"
"44756","7 Things","Miley Cyrus","6f13QrObIls","platinum"
"9110","7 Twenty 7","Roxette","4SdaqNGATfI","platinum"
"44168","99 Red Balloons","Nena","UQhft51HZEs","platinum"
"7551","A Better Man","Ogie Alcasid","-xi0Abhp3KA","platinum"
"4391","A Big Hunk O' Love","Elvis Presley","tEBfX-FF-es","platinum"
"7597","A Broken Spirit","Gospel Song","dpB6GFiy9LE","platinum"
"2923","A Certain Smile","Johnny Mathis","9RGKksK7BtI","platinum"
"3312","A Day In The Life","The Beatles","esTV1ZIcDns","platinum"
"9807","A Day On A Rainbow","Gerald Santos","qWToaxrL9B0","platinum"
"44038","A Different Beat","Boyzone","pf00o8BPZco","platinum"
"1564","A Fool Such As I","Elvis Presley","80Ru_4xtbfk","platinum"
"7872","A Girl Can Dream","Nina","kIMq5BZWd88","platinum"
"7541","A Girl Like You","Edwyn Collins","r4BHYQ29pv0","platinum"
"2945","A Hard Days Night","Beatles","ljZgPRU8fy4","platinum"
"0075","A Hazy Shade Of Winter","Bangles","heJAahcwGng","platinum"
"7566","A Heart Like Mine","Charlotte Dample","iU2nUeee02Y","platinum"
"0088","A Horse With No Name","America","OLf5UgXWWzU","platinum"
"7543","A Kind Of Magic","Queen","IWy9mO-TjNw","platinum"
"7881","A Little Bit","M.Y.M.P.","KsqnUNkwuxI","platinum"
"3714","A Little Help From My Friends","The Beatles","9X-co26zWc8","platinum"
"8867","A Little Respect","Wheatus","frA71An3Bx4","platinum"
"9921","A Little Respect","Erasure","yd5wdixEKCU","platinum"
"9547","A Little Too Not Over You","David Archuleta","I5qF0AYEAoY","platinum"
"9244","A Little Too Perfect","Sam Milby","yiXAH-UZbVM","platinum"
"0273","A Long And Lasting Love","Crystal Gayle","4pngCxH8wq0","platinum"
"9801","A Long And Lasting Love","Kuh Ledesma","9aa8UI9scSM","platinum"
"1584","A Long Long Time Ago","Odette Quesada","OLcydNssDTw","platinum"
"7540","A Love Affair","To Remember","FPWCvoY0LDA","platinum"
"8950","A Love Song","Kenny Rogers","dmc4ibkcHYY","platinum"
"1454","A Love To Last A Lifetime","Jose Mari Chan","sQBLX5di70I","platinum"
"7544","A Man And A Woman","Engelbert Humperdick","rSQixKvagR8","platinum"
"6658","A Man I'll Never Be","Boston","C2nVJ19UXAc","platinum"
"0084","A Man Without Love","Engelbert Humperdinck","tUkyQWWV4bk","platinum"
"7001","A Matter Of Trust","Billy Joel","Rk53LQmAo1E","platinum"
"9659","A Million Miles","Joey Albert","PCw5W1yGHEo","platinum"
"8313","A Moment Like This","Kelly Clarkson","uLg7J5GHuYk","platinum"
"9933","A Moment Like This","Leona Lewis","TzrWhXsDblI","platinum"
"6159","A Natural Woman","Carole King","_GOE0Me5ZJ4","platinum"
"6878","A New Day Has Come","Celine Dion","DJb6cE8Po5o","platinum"
"4396","A Night Like This","The Cure","YgHmdJRJYIM","platinum"
"9245","A Night To Remember","Shalamar","TsgYCC182GA","platinum"
"5125","A Perfect Christmas","Jose Mari Chan","MRagA5nB8-I","platinum"
"11622","A Perfect Place","Stonefree","Vj2CXaOcT7c","platinum"
"7536","A Place In The Sun","Stevie Wonder","mtIMfy4Drfg","platinum"
"7546","A Poor Man's Roses","Victor Wood","cVZCj-vOUes","platinum"
"11105","A Public Affair","Jessica Simpson","wBSLUhlhTB4","platinum"
"7569","A Pure Heart","Gospel","510klbnI8LE","platinum"
"7570","A Shield About Me","Nikki Jacinto","SytIAfQ1cPM","platinum"
"7571","A Simple Prayer","Chrishell Williams","e6cL7N5YMyI","platinum"
"1570","A Smile In Your Heart","Jam Morales","8XA2lWhHPe4","platinum"
"5771","A Song For Mama","Boyz II men","_RXDXwJLVMM","platinum"
"0073","A Summer Place","Letterman","xEporce7JiU","platinum"
"7547","A Taste Of Honey","The Beatles","qc0EWEjPwmg","platinum"
"7572","A Thankful Heart","Chloe","P6496CVcfps","platinum"
"7862","A Thousand Miles","Vanessa Carlton","u2K-525UPUA","platinum"
"11703","A Thousand Years","Christina Perri","85zr83teaug","platinum"
"2529","A Time For Us","Donny Osmond","RlfBKado03Q","platinum"
"7548","A Very Special Love","Maureen Mcgovern","WshokGDGA_c","platinum"
"9437","A Very Special Love","Sarah Geronimo","BA_J7GAYrb0","platinum"
"4397","A Very Special Love Song","Charlie Rich","Z7bg28XoXhE","platinum"
"4398","A View To Kill","Duran Duran","ea0S804H69E","platinum"
"44559","A Voice Within","Christina Aguilera","y_S8UIxJ2Kg","platinum"
"7549","A Well Respected Man","Gary Lewis","7kbGzz7bJfo","platinum"
"4399","A Whiter Shade Of Pale","Procol Halum","Jn9AN_By2n0","platinum"
"3326","A Whole New World","Patti Austin","Fl388or5BuU","platinum"
"11106","A Woman's Love","Alan Jackson","SEnV_6iWlkY","platinum"
"7995","A Woman's Worth","Alicia Keys","s_aU9u6VqI4","platinum"
"6160","A Word In Spanish","Elton John & Bernie","UxkuwzOC4b8","platinum"
"11364","A Year Without Rain","Selena Gomez","31JZKMP70zw","platinum"
"9264","Aaminin","6 Cycle Mind","CCwYXIe-LJw","platinum"
"6805","Aangkin Sa Puso Ko","Vina Morales","BrojgegYtys","platinum"
"7542","Aanhin Pa Ang Pag-Ibig","Kathleen","MYwTTKkNQvc","platinum"
"0374","Abacab","Genesis","urdo4xsyrE0","platinum"
"3036","Abc","Michael Jackson","1VIHgW0C7p4","platinum"
"8631","Ablihi Na","Milyo Naryo","guOaY2A57jA","platinum"
"8315","Abot Kamay","Orange And Lemons","2EVf8pYUOf0","platinum"
"1474","About A Girl","Nirvana","yv5doKYYXbc","platinum"
"9955","About You Now","Sugababes","ulnrX9slyBQ","platinum"
"7594","Above All","Scotty Hall","1nW5yNbO2fg","platinum"
"6161","Abracadabra","Steve Miller Band","CtLcuA0JlBA","platinum"
"5434","Absolutely Everybody","Vanesa Amorosi","A3YbRT1MKn0","platinum"
"7356","Absorbing Man","Parokya Ni Edgar","79lAqIzrflg","platinum"
"5923","Achy Breaky Heart","Billy Joe Cyrus","HisAayo4Dio","platinum"
"3354","Achy Breaky Song","Weird Al Yankovich","-O8BjDRWyEE","platinum"
"7552","Across The Universe","The Beatles","znQ_854S64U","platinum"
"1644","Act Naturally","Ringo Star","Kzt3abx9xL4","platinum"
"3037","Adam And Eve","Paul Anka","atwkooNFvPs","platinum"
"0435","Addicted To Love","Robert Palmer","PR58tKJ24D0","platinum"
"4400","Adia","Sarah Mclachlan","2iYF8tNl7RU","platinum"
"8809","Adik Daw","Bisrock","yaWLf-Twppw","platinum"
"5553","Adik Sa 'Yo","Mystica","iEREQOknx8g","platinum"
"7553","Adlaw Ug Gabi","Pilita Corales","30meI0Wq7kw","platinum"
"11726","Adolescents","Incubus","zEYK-0uGzlU","platinum"
"6851","Adrienne","The Calling","5aBs3Fuz2TA","platinum"
"5417","Affairs Of The Heart","Fleetwood Mac","dKR28yQhZ4w","platinum"
"6392","Affirmation","Savage Garden","Vjgsdnl8m1w","platinum"
"11206","Afraid For Love To Fade","Christian Bautista","OIoEWmwj55w","platinum"
"1195","Afraid For Love To Fade","Jose Mari Chan","QII8e1iNLJo","platinum"
"3039","Africa","Toto","CRrZlEF7-SU","platinum"
"44264","After All","Cher And Peter Cetera","eXoVgjkkplw","platinum"
"9463","After All These Years","Arnel Pineda","cd8Lbf0PnaQ","platinum"
"0830","After Midnight","Eric Clapton","kS2CtZi_v5o","platinum"
"3040","After The Love Has Gone","Earth Wind And Fire","C30acK7AcwA","platinum"
"0788","After The Loving","Englebert Humperdinck","YqT1qRDHiL4","platinum"
"11788","Afterglow","Jose Mari Chan","0LQWIq-X8eM","platinum"
"5790","Afternoon Delight","Starland Vocal Band","NUz41uqBSdI","platinum"
"44350","Afternoons And Coffee Spoons","Crash Test Dummies","VcouUjtXqYA","platinum"
"9917","Agadoo","Black Lace","dddDvdDgeIY","platinum"
"0535","Again","Janet Jackson","j2BKElM8tqc","platinum"
"5435","Again","Lenny Kravitz","VzTN1Enh2Q4","platinum"
"2795","Against All Odds","Phil Collins","BJyUEsNC-_s","platinum"
"5406","Againts The Wind","Bob Seger","iEUcKL6uVWc","platinum"
"8910","Agay","Bisrock","h5go1h9-7ho","platinum"
"8632","Agayat Ken Paayat","Ilocano Song","agyrTO_1zZc","platinum"
"9734","Agent Orange","Slapshock","wTUNZONcbmc","platinum"
"7760","Aguy Uray","Ilocano Song","pk0MGd80uLs","platinum"
"6868","Ain't It Funny","Jennifer Lopez","iJq8YRfTFSg","platinum"
"44269","Ain't No Mountain High Enough","Diana Ross","ovuGk0WsvVA","platinum"
"8539","Ain't No Other Man","Christina Aguilera","7neUHk0Dw4w","platinum"
"7556","Ain't No Stopping Us Now","McFadden & Whitehead","kzh0Df42vms","platinum"
"6164","Ain't No Sunshine","Bill Withers","zvjhSC9_tjA","platinum"
"7555","Ain't No Way To Treat A Lady","Helen Reddy","vH97l17OqBg","platinum"
"1544","Ain't That A Shame","Fats Domino","b-PtVVKwDLc","platinum"
"3041","Ain't Nothing Like The Real","Marvin Gaye","6Rx_tnDR2bE","platinum"
"7557","Air That I Breathe","Simply Red","k17ucqn28lQ","platinum"
"11172","Airplane","B.O.B. Feat Hayley Williams","5nziYy_f6Xo","platinum"
"11508","Airplanes Part 1","B.O.B. Feat Hayley Williams","5nziYy_f6Xo","platinum"
"0851","Aja","Steely Dan","GqjOxnfP-cU","platinum"
"9425","Akala","Parokya Ni Edgar","JQuy4jr5QqE","platinum"
"9795","Akala Ko Ay Ikaw Na","Willie Revillame","LgAbiK_75Gg","platinum"
"1040","Akala Ko'y Para Sa Akin","Allona","Ud_-Nh4X5KQ","platinum"
"5914","Akala Mo","Aiza Seguerra","L9X5QthJLRA","platinum"
"9023","Akala Mo Lang","Zelle","iVdkHa8RU3Q","platinum"
"8246","Akap","Imago","xuGZr7WWpkM","platinum"
"8444","Akin Ka Na Lang","Itchy Worms","v8sJfzhnwOM","platinum"
"1042","Aking Ama","Father & Sons","bPsWvlhirw4","platinum"
"9246","Aking Hiling","Third Avenue","w9_mfFx5lLo","platinum"
"0315","Aking Minahal","Rockstar 2","IxQp6FyIWvA","platinum"
"7794","Aking Susundin","Leny Prieto","OHXwHkHMvy8","platinum"
"8862","Ako","Rj Jimenez","In1Yt6J0T5M","platinum"
"7708","Ako Ang Mamisita","Visayan Song","BWNs997gYvo","platinum"
"5555","Ako Ang Nagtanim","Mabuhay Singers","0oNBpKM_-PA","platinum"
"0254","Ako Ay Ikaw Rin","","nDZiQr-uS3c","platinum"
"7435","Ako Ay May Pusa","Awit Pambata","SToSSptfEtk","platinum"
"7709","Ako Ay Para Sa Iyo","Edwin Roces","b8wIP6ggNtg","platinum"
"9660","Ako Ay Pilipino","Kuh Ledesma","MxTSPkZL_54","platinum"
"6771","Ako Ba O Siya?","Hannah Villame","Efouwke5WAE","platinum"
"7712","Ako Kini Higala","Visayan Song","zLcesUsV_6Q","platinum"
"5484","Ako Na Ang Lalayo","Fredrick Guerrero","4yyz3ajYkbs","platinum"
"11687","Ako Na Lang","Zia Quizon","aegNpVvctWg","platinum"
"7112","Ako Na Lang Ang Lalayo","Chino Roces","ASaPdaYdKhs","platinum"
"7562","Ako Nga Ba Ito","Imelda Papin","vgv9MinGPW0","platinum"
"8431","Ako Pa Rin","Shamrock","pbtZl1zI9jY","platinum"
"8432","Ako Si M-16","Junior Kilat","XzfqApjYvsY","platinum"
"0494","Ako Si Superman","Rey Valera","2TAD9twtq8w","platinum"
"6915","Ako'y Ikaw Rin","Nnoy Zuniga","nDZiQr-uS3c","platinum"
"1246","Ako'y Nagkamali","Cristy Mendoza","L0yVrXI9tI0","platinum"
"8633","Akong Kalibutan","Visayan Song","lmD3yvdKKyA","platinum"
"7143","Akong Pinagga","Visayan Song","TJep5LJCxLQ","platinum"
"6527","Ako'y Ako","Erma Dela Cruz","QEDHXzDXKeQ","platinum"
"9413","Ako'y Babalik","Callalily","nvFljgEnGuU","platinum"
"5703","Ako'y Isang Pinoy","Florante","r1G8G-9zCqM","platinum"
"7863","Ako'y Maghihintay","M.Bautista And","63X9g18RbA4","platinum"
"7714","Ako'y Magpupuri","Maranatha Singers","jI80EobQClY","platinum"
"9111","Ako'y Nagkamali","Cristy Mendoza","L0yVrXI9tI0","platinum"
"7815","Ako'y Sa 'Yo Lamang","Piolo Pascual","cpmJieEYpXU","platinum"
"5557","Ako'y Sa'yo","First Circle","n0kHqvaeQ5M","platinum"
"9803","Ako'y Sa'yo","Regine Velasquez","ns6CnEBst9c","platinum"
"7716","Ako'y Sayong Sayo","Himig","w_LsLWGjMdo","platinum"
"6773","Alaala","Freddie Aguilar","qRDXGz3MCnk","platinum"
"7816","Ala-Ala","True Faith","imPY6ToUK9Q","platinum"
"8951","Ala-Ala","Kollide","R6JyzwgUpJA","platinum"
"6772","Alaala Ay Ikaw","Eddie Peregrina","mALQcI5Dhhc","platinum"
"0316","Ala-Ala Mo","White Lies","iUUI4JNgY8U","platinum"
"5126","Ala-Ala Ng Lumipas","","mALQcI5Dhhc","platinum"
"9600","Ala-Ala Niya","Piolo Pascual","_R_8vTZfv7Q","platinum"
"11651","Ala-Alang Nagbabalik","Edgar Mortiz","l3qFf_ZBjdY","platinum"
"7222","Ala-Ala'y Nagbabalik","Henna V.","9q_5uxyy5uc","platinum"
"6774","Alab","Hannah Villame","rSWgnTtEmps","platinum"
"7560","Alab Ng Puso","Rivermaya","90BBDnH-ZWI","platinum"
"7561","Alabang Girls","Andrew E.","JJoNg1EEhI4","platinum"
"7428","Alam Kong Ako'y Mahal Mo","Bayani Agbayani","9YKFfmkufEk","platinum"
"7721","Alam Kong Alam Mo","A. Flores","-yTJsOonLx4","platinum"
"7415","Alam Kong Di Ako Ok Lang","Bayani Agbayani","xAtGJsQ3OJw","platinum"
"1315","Alam Mo Ba","Vina Morales","LlnljzM3vJE","platinum"
"6775","Alam Mo Ba","Marissa Sanchez","R-JtcsD9X-Y","platinum"
"7273","Alam Mo Ba","Ara Mina","H9onOSiBwP4","platinum"
"8823","Alam Ng Ating Mga Puso","Rachelle Ann Go","Y45wD0YIt6g","platinum"
"9601","Alapaap","Eraserheads","sZF0q_oAD-I","platinum"
"2309","Alas De Papel","La Mafia","QW8dSGURtDQ","platinum"
"11239","Alay","Kamikaze","xNchS40L8cE","platinum"
"7620","Alay Ko Sa'yo","Carmela Cuneta","8FTTnF9aPls","platinum"
"6917","Alay Sa Yo","Vic J.","1lQQrO081i0","platinum"
"8799","Ale","The Bloomfields","BAXQW1ZEhWU","platinum"
"11165","Alejandro","Lady Gaga","rqVw5tCvPno","platinum"
"7224","Alimukon","Visayan Song","n--QvCzyoG4","platinum"
"8810","Alinlangan","Jolina M.","y_0ixmGCipM","platinum"
"8390","Alipin","Shamrock","x9eDhu8Hj_A","platinum"
"7817","Alipin Ako","Mari V. Saturno","xcqknU9voqg","platinum"
"9865","Alipin Ako","Laarni Lozada","oblsgESIhdA","platinum"
"7713","Alipinin Mo Ako","Crisel Perez","1eoIvJQ2fho","platinum"
"11752","Alive","Never The Strangers","gek7LdfO870","platinum"
"8491","Alive","Frio","4vsyW8IDvuI","platinum"
"2989","Alive And Kicking","Simple Minds","DxrpcJ1yDWA","platinum"
"11593","All About Him","Auburn","urft6qVqY0o","platinum"
"6090","All About The Money","Meja","ydCap1qOIHE","platinum"
"9938","All About You","Mcfly","QfuJ8vXbdPg","platinum"
"44635","All American Girl","Carrie Underwood","XAqVo9SAukI","platinum"
"1574","All Apologies","Nirvana","BCUG1rIPWG8","platinum"
"3043","All At Once","Whitney Houston","C59DpP2dW3o","platinum"
"11160","All Behind Us Now","Patti Austin","AMPXq1qreE8","platinum"
"3044","All By Myself","Eric Carmen","huNAqhAIyng","platinum"
"4367","All By Myself","Celine Dion","eiTOcxAmyLA","platinum"
"3743","All Day All Night","","_41uXCdoT28","platinum"
"0737","All For Love","Color Me Badd","01bomoKit9s","platinum"
"5749","All For Love","Bryan Adams,Rod","N_4loJvEi98","platinum"
"5537","All For You","Janet Jackson","Q19RLsMoC7U","platinum"
"6091","All I Ask Of You","Barbra Streisand","GVVZ8gBDMUA","platinum"
"9219","All I Have","Jennifer Lopez Feat.","C55aLwQezPA","platinum"
"2772","All I Have To Do Is Dream","Juice Newton","_U4xcahpuDo","platinum"
"4301","All I Have To Give","Backstreet Boys","pHZJDruEBj0","platinum"
"1768","All I Need","Jay R.","jCZB5k_ZZkY","platinum"
"7563","All I Need","Jack Wagner","-rA7u4QGryQ","platinum"
"9283","All I Need","Shamrock","dyCaFoJDyJM","platinum"
"1685","All I Wanna Do","Sheryl Crow","y_5YVCI-nBA","platinum"
"5401","All I Wanna Do Is Make Love To You","Heart","1oSdFrREotU","platinum"
"0512","All I Want","Toad The Wet Sprocket","gD4hzeblJOk","platinum"
"1765","All I Want Is Everything","Def Leppard","qZvskdzVHFU","platinum"
"4404","All I Want Is You","Carly Simon","q9zEEBs6cjk","platinum"
"7225","All In Love Is Fair","Stevie B.","dErCf5Jf2H4","platinum"
"11236","All Me","Toni Gonzaga","e-akJaJTBO0","platinum"
"0547","All My Life","America","IcQ8noPu8hQ","platinum"
"4293","All My Life","Kc & Jojo","mgt9QudIVrY","platinum"
"0790","All My Lovin","The Beatles","5_Syaz3zzvo","platinum"
"4183","All Night Long","Lionel Ritchie","y1ZnaCAb-y8","platinum"
"5810","All Of A Sudden","Matt Monro","OM0G9mFFZVM","platinum"
"2532","All Of Me","Frank Sinatra","oxlr3ww4ILA","platinum"
"5925","All Or Nothing","O-Town","05e33y630oo","platinum"
"2751","All Out Of Love","Air Supply","FBQeaKYmZtA","platinum"
"8532","All Over You","Live","0cZQnmw0qwc","platinum"
"3046","All Shook Up","Elvis Presley","1eoOs_dDgC4","platinum"
"7002","All Star","Smash Mouth","ABOYo7ioQJo","platinum"
"11088","All Summer Long","Kid Rock","AmKWv2dl930","platinum"
"4313","All That I Need","Boyzone","JgJWYTr9znc","platinum"
"4357","All That She Wants","Ace Of Base","8GcxmRJJH2o","platinum"
"5538","All The Love In The World","The Corrs","MjfEJChi3B4","platinum"
"11194","All The Lovers","Kylie Minogue","TW3M819lGzc","platinum"
"0498","All The Man That I Need","Whitney Houston","WZIqIMnDdsA","platinum"
"6669","All The Small Things","Blink 182","WCWHVRaBtLg","platinum"
"7013","All The Way","Johnny Mathis","zwIWHCWbB6Y","platinum"
"9913","All The Young Dudes","Mott The Hoople","1WISX7YspHY","platinum"
"4184","All Things You Are","Frank Sinatra","7qLW35aRJPA","platinum"
"1688","All This Time","Tiffany","EWoj6AeYGe4","platinum"
"9599","All This Time","Six Part Invention","FvpP7eGCeMk","platinum"
"2997","All You Need Is Love","The Beatles","YC8l6OKqV18","platinum"
"7683","All You Wanted","Michelle Branch","-4OS1KdrMJg","platinum"
"1545","Almas","Randy Crawford","V2y1DJCvANw","platinum"
"6530","Almost Over You","Sheena Easton","QOAPoyNp8HA","platinum"
"9783","Almost Over You","Karylle","5uYi8w-v7ow","platinum"
"1723","Almost Paradise","Mike Reno & Ann Wilson","NsnYmbAOWLo","platinum"
"7046","Alone","Hearts","zAbT9dr1R30","platinum"
"2716","Alone Again","Gilbert O'sullivan","qRI1YXonIXY","platinum"
"1316","Alphabet Song","Traditional","8V9XBGiheLs","platinum"
"44886","Already Gone","Kelly Clarkson","1wIKWfZZdpA","platinum"
"9956","Alright","Supergrass","pbW-3EZGMGM","platinum"
"1769","Alumni Home Coming","Parokya Ni Edgar","PWTv97ylMlY","platinum"
"3048","Always","Bon Jovi","RBgimRYxorE","platinum"
"7057","Always","Atlantic Star","jrlqWiRto1U","platinum"
"8213","Always","Erasure","lVZlbp1mcto","platinum"
"8263","Always","Marco Sison","PfzS6xh8Okg","platinum"
"0246","Always And Forever","Heatwave","j3ja-TJP6GQ","platinum"
"3314","Always Be My Baby","Mariah Carey","dhgkVlm4aWE","platinum"
"9394","Always Be My Baby","David Cook","zcUz-skZjdQ","platinum"
"5757","Always On My Mind","Pet Shop Boys","c-SdBzTqHQo","platinum"
"4331","Always Something There To Remind Me","Naked Eyes","r3T9-EIrXBk","platinum"
"3049","Always Somewhere","Scorpions","VdoFZ7BE5QY","platinum"
"9780","Always You","Charice Pempengco","Z9MJRLhN-ak","platinum"
"1435","Am I That Easy To Forget","Engelbert Humperdinck","OCVHjuscWGY","platinum"
"5926","Am I The Same Girl","Swing Out Sister","LMgc3_nCyP4","platinum"
"11652","Amanda","Boston","nMbRuWhuVVA","platinum"
"9661","Amats","Parokya Ni Edgar","Td2BeAbnReo","platinum"
"4408","Amazed","Lonestar","HHigjZSmsSs","platinum"
"1317","Amazing","Aerosmith","RrrrKgX7b_8","platinum"
"2533","Amazing Grace","Judy Collins","loPDeBbmRLg","platinum"
"8555","Ambisyoso","Kamikazee","iXkEqlG20yM","platinum"
"9373","Ambot Ha Im","Bolingling","0cwkvL__Jts","platinum"
"9945","America","Razorlight","lQnjvrnGSm8","platinum"
"9922","American Boy","Estelle","o2asvfE1TDY","platinum"
"9411","American Gurl","Marcus Highway","ro1og0kE4sw","platinum"
"8016","American Pie","Don Mclean","ybujfv_yaHc","platinum"
"44391","American Woman","Lenny Kravitz","Da93eCo6p2M","platinum"
"9602","Aminin","Rachel Alejandro","1S8URBwncXM","platinum"
"8314","Amoy Ng Papa","Sexbomb Girls","UKnuehClMMA","platinum"
"9550","An Updated Version Of Me","Kc Concepcion","dGQZip5KFI4","platinum"
"1426","Anak","Freddie Aguilar","v5_CXC8HVzI","platinum"
"9516","Anak Ka Ng Langit","Vhong Navarro","9pRIlMfstTk","platinum"
"8176","Anak Ng Pasig","Geneva Cruz","rKCMTr3gQrI","platinum"
"8413","Anatani Aitakute","Matsuda Seiko","lphJupv5rkM","platinum"
"11483","And I Am Telling You","Charice Pempengco","ALpoF6AgCNc","platinum"
"2534","And I Love Her","Beatles","pvbFxxMg8jw","platinum"
"2535","And I Love You So","Perry Como","LkH9OW3SMEQ","platinum"
"9777","And I Love You So","Regine Velasquez","HnoWH6nK7yc","platinum"
"7068","And When I Die","Blood Sweat And Tears","b1DR79dxXh4","platinum"
"5679","Andrew Ford Medina","Andrew E.","i-yNL5nmKTo","platinum"
"3050","Ang Aking Awitin","Side A","jbVeyIn3el8","platinum"
"9794","Ang Aking Puso","Janno Gibbs ft Kyla","AM_icklv7_M","platinum"
"7429","Ang Alaga Kong Aso","Awit Pambata","ywu1jjKryak","platinum"
"0127","Ang Bayan Kong Sinilangan","Asin","K4lcZhM06JQ","platinum"
"1044","Ang Boyfriend Kong Baduy","Cinderella","TnkBcWakJCc","platinum"
"1181","Ang Buhay Ko","Asin","dVIiKN33upk","platinum"
"7236","Ang Buhay Ko","Aegis","bdoidaU9E-Q","platinum"
"9662","Ang Buhay Nga Naman","Freddie Aguilar","Uw1mCSrE8HE","platinum"
"1447","Ang Gaan Ng Feeling","Geneva Cruz","J5adwjbdaF8","platinum"
"7067","Ang Hanap Ko Ay Yong Pag-Ibig","Michelle Ayala","EBhQzBHED2c","platinum"
"1135","Ang Himig Natin","Juan Dela Cruz Band","oyGeZM4CVJQ","platinum"
"3057","Ang Huling El Bimbo","Eraser Heads","1hAmBPNhaFs","platinum"
"11381","Ang Huling Yakap Ng Mundo","Imago","nsLm5VQBNPk","platinum"
"6531","Ang Ibigin Ay Ikaw","Lani Misalucha","vem3_pcqmKA","platinum"
"9269","Ang Iyong Paalam","The Dawn","m4QBMb3p2xk","platinum"
"5928","Ang Iyong Pag-Ibig","Jude Michael","-tp6odPpFGc","platinum"
"8636","Ang Kadalagahan","Big 3 Sullivans","zH1ejUR_txo","platinum"
"8637","Ang Kalibutan Kalit Mangitngit","Visayan Song","eriVdDC-E0U","platinum"
"8975","Ang Katulad Mong Walang Katulad","Orange And Lemons","x9EI3-KefMY","platinum"
"4914","Ang Lahat Ng Ito'y Para Sayo","Lani Misalucha","PgVrQWpJ45k","platinum"
"8824","Ang Lahat Para Sa'yo","Sheryn Regis","Qru3rRQGkTA","platinum"
"7090","Ang Langit Ko'y Ikaw","C. De Guzman","BqBVMe0mn-I","platinum"
"8638","Ang Organ Ko Tagalog","Milyo Naryo","UGeqWNCQvP4","platinum"
"9281","Ang Pag-Ibig Kong Ito","Sheryn Regis","oQTRyN9BI00","platinum"
"9112","Ang Pag-Ibig Pala","Chiqui Pineda","-F1B2Vs9w5M","platinum"
"3051","Ang Pasko Ay Sumapit","Levi Celerio","rgI5zhN3P7Y","platinum"
"6719","Ang Peyk Peyk Mo","Joey De Leon","qpxXKDQa144","platinum"
"9663","Ang Pipit","Pilita Corales","OW4sarahQC0","platinum"
"9846","Ang Pusa Mo","Pedicab","ZZ5gm6bR6XI","platinum"
"9320","Ang Sarap Dito","Project 1","ZFBUGB3CHOY","platinum"
"9353","Ang Sarap Mong Magmahal","Night Shift","6sFreMFhEh0","platinum"
"6720","Ang Sarap-Sarap Ng..","Maricel","S5x-qjnOOFo","platinum"
"8640","Ang Sing-Sing Kong Gasa","Visayan Song","uY3485YBcB4","platinum"
"7110","Ang Tangi Kong Pag-Ibig","Fernando Poe Jr.","mR7VpaLKSSM","platinum"
"9664","Ang Tangi Kong Pag-Ibig","Noel Cabangon","BEaaEcLUKVs","platinum"
"7120","Ang Tao'y Marupok","Rico J.Puno","dml4onygUug","platinum"
"0763","Ang Tipo Kong Lalaki","Dj Alvaro","99iufNU6vTQ","platinum"
"7318","Ang Umaayaw Ay Di Nagwawagi","Freddie Aguilar","5p7Toc0Y70Q","platinum"
"11672","Angel","Sarah Mclachlan","U9z9CJVjfYA","platinum"
"2402","Angel","John Secada","xh0zykfdxNQ","platinum"
"7324","Angel","Shaggy","GjivXHAoLS4","platinum"
"8001","Angel","The Corrs","zmp8hWL_zic","platinum"
"9604","Angel Eyes","Piolo Pascual","mlBwLAzkJbY","platinum"
"8911","Angel Na Magbalantay","Bisrock","P1xV43ArIs4","platinum"
"3052","Angel Of Harlem","U2","bMqQVXyalk4","platinum"
"5127","Angel Of Mine","Monica","JtEO8Rz_9qI","platinum"
"9808","Angel Of Mine","M.Y.M.P.","RE1hDe8EB30","platinum"
"1318","Angel On My Shoulder","Cascades","HnYjkEOneZw","platinum"
"5811","Angelina","Lou Bega","L82h--2AhWs","platinum"
"4411","Angels","Robbie Williams","pGFEj-Dv3-0","platinum"
"8006","Angels Brought Me Here","Guy Sebastian","hHxrS58naZ8","platinum"
"11389","Angels Cry","Mariah Carey Ft Ne-Yo","0zCV2jOGSGc","platinum"
"8574","Anghel","Stonefree","Vj2CXaOcT7c","platinum"
"7124","Angie","Rolling Stones","r7Qv-fb79Cc","platinum"
"44353","Animal","Def Leppard","CTPSSy8VX_g","platinum"
"4311","Animal Song","Savage Garden","0qUZ2hYjlfQ","platinum"
"8397","Anino","Imago","2f1j5rjBu8s","platinum"
"7135","Anna","Apo Hiking Society","2nBSdR1xaqo","platinum"
"7069","Annie Batumbakal","Hotdogs","RIUkyFOVFf0","platinum"
"2700","Annie's Song","John Denver","VJvzYBo0QDk","platinum"
"6721","Ano Ang Babaguhin Ko...","Siakol","s5Ftt9w4R7M","platinum"
"1149","Ano Ang Gagawin","Eva Eugenio","n-1n1ExwC7E","platinum"
"6722","Ano Bang Meron Siya Na..","Eva Eugenio","WVbyElAi3Ik","platinum"
"6961","Ano Ka, Hilo?","Gee Girls","RbwbfOHOOKg","platinum"
"7820","Anong Dali Sabihin","Ladine Roxas","dv3iI_-PNwI","platinum"
"1108","Anong Nangyayari","Michael Laygo","5pRHJM9zHnE","platinum"
"7142","Another Brick In The Wall","Pink Floyd","c2w2xRspoMU","platinum"
"3687","Another Brick In The Wall 2","Pink Floyd","c2w2xRspoMU","platinum"
"9113","Another Chance","Keno","ir1u3iLSli0","platinum"
"0818","Another Day","Paul Mccartney","LtNbaGnss64","platinum"
"2754","Another Day In Paradise","Phil Collins","cnCqNp1aaSE","platinum"
"9605","Another Goodbye Song","Van Louelle Pojas","zG3my-9s4E8","platinum"
"3343","Another One Bite The Dust","Queen","u7b3v7055gU","platinum"
"5931","Another Place Another Time","Engelbert Humperdinck","_useP55-ynA","platinum"
"1399","Another Sad Love Song","Toni Braxton","uUBlQdfbR7k","platinum"
"7319","Another Somebody","B.J.Thomas","9IPeldkx6VA","platinum"
"44644","Another Try","Josh Turner Feat. Trisha","L8mt0CfDISg","platinum"
"7902","Answer The Phone","Chona Pada","I_MtfWd3yxs","platinum"
"7821","Anticipating","Britney Spears","Q-WXSbRNy1Y","platinum"
"0025","Anticipation","Joy Gonzaga","x4OcDd6c59Q","platinum"
"2536","Antonio's Song","Michael Franks","h8MLNuIb67g","platinum"
"9657","Antukin","Rico Blanco","rPQQq0CEZ0M","platinum"
"8641","Anugon, Anugon","Visayan Song","tiPi7XXdEPo","platinum"
"7471","Any Day Now","Elvis Presley","LbLCV4twwfc","platinum"
"7144","Any Dream Will Do","Boston","TVvgzz3dfzA","platinum"
"6396","Anyone Can See","Irene Cara","WWYq-5tHIsA","platinum"
"11720","Anyone Of Us (Stupid Mistake)","Gareth Gates","z7DldedixKY","platinum"
"44356","Anyone Who Had A Heart","Dionne Warwick7","K63a72QVM2A","platinum"
"3053","Anything For You","Miami Sound Machine","WAKYTaBM0BU","platinum"
"3054","Anything Goes","Frank Sinatra","o00w7u_WHlI","platinum"
"3749","Anything That's Part Of You","Elvis Presley","CEVcE0MzdW0","platinum"
"0520","Anytime","The Jets","QK7T_7s7Zn0","platinum"
"7146","Anytime","Janet Jackson","6-r4tP0QUtw","platinum"
"1319","Anytime You Need A Friend","Mariah Carey","f5hOtzrE6FU","platinum"
"7376","Anytime You Need Love","Kelly Clarkson","Ood3wnH-s6I","platinum"
"4414","Anyway You Want Me","Elvis Presley","okV-qGtzvzs","platinum"
"5932","Anywhere For You","Backstreet Boys","VmCyYSaeKRo","platinum"
"44362","Anywhere Is","Enya","FsE421omCAo","platinum"
"8642","Apay-Apay","Ilocano Song","zR-Ry_jFgGY","platinum"
"9234","Apologize","Timbaland","U7CQKbusBi4","platinum"
"6972","April Boy Medley","April Boy","L2Y5wnhyfNI","platinum"
"7147","April Come She Will","Simon And Garfunkel","AHV_yBnBOrQ","platinum"
"2909","April Love","Pat Boone","Lr-FalkqBkY","platinum"
"2880","Aquarius","5th Dimension","DygSrsLXa38","platinum"
"8811","Aral","Totoy Bato","-_YiI_Lbwno","platinum"
"8324","Araw Gabi","Regine Velasquez","4sbzBg2NNBg","platinum"
"7062","Araw Ng Pasko","Fruit Cake","HFRVGO1hf_A","platinum"
"6724","Araw-Araw","Boyfriends","v-CwIZCa1XU","platinum"
"9114","Araw-Araw","Boyfriends","v-CwIZCa1XU","platinum"
"3055","Araw-Araw Gabi-Gabi","Didith Reyes","mg2iI3Wv4hQ","platinum"
"11058","Araw-Araw Na Lang","Aegis","e9Nkgq0hwAM","platinum"
"8890","Araw't Gabi","True Faith","c9Kl-4J7XGs","platinum"
"4915","Arayyy..","Mae Rivera","KyfERfy5CLQ","platinum"
"5396","Are You Gonna Go My Way","Lenny Kravitz","iOHgzxNZrgg","platinum"
"7630","Are You Happy Now","Michelle Branch","NxvzWoHgcrg","platinum"
"3056","Are You Lonesome Tonight?","Elvis Presley","Ulv5MEF85D0","platinum"
"1436","Around The World","Aqua","m1yPrn0U4Hs","platinum"
"7148","Around The World","Martyn Monroe","Fdl9Oq4cLHI","platinum"
"7822","Around The World","ATC","nEd0Sst8tlQ","platinum"
"7997","Around You","Tribe Of Levi","dyaHHB0FQE4","platinum"
"0593","Arthur's Theme","Christopher Cross","2DtdFrpM4C0","platinum"
"5789","As I Lay Me Down","Sophie B. Hawkins","pzXRK88niQc","platinum"
"6751","As I Lay My Love On You","Westlife","A99hnlZovA8","platinum"
"0026","As Long As He Needs Me","Anita Bryant","N9n-cbbZqjE","platinum"
"8487","As Long As It Matters","Gin Blossoms","ocEM78dSNEs","platinum"
"4286","As Long As You Love Me","Backstreet Boys","vTk4dPkUNeg","platinum"
"0956","As Sure As I'm Standing There","Barry Manilow","kWa11U4pX9o","platinum"
"2538","As Tears Go By","Rolling Stones","vB4OltqrSGY","platinum"
"8900","As The Music Plays The Band","Bamboo","AkPLqRH7vx4","platinum"
"1320","As Time Goes By","Frank Sinatra","S_3LerhVNNM","platinum"
"7823","As We Dance","Paolo Santos","uZOOWtQHljM","platinum"
"9372","As You Believe","Zelle","LvPBipX-SKE","platinum"
"8255","Asa","South Border","yly1AOQUoJw","platinum"
"8643","Asa Ka Inday","Visayan Song","3ed0YWFoyyw","platinum"
"8899","Asa Ka Pa","Blue Ketchup","BKLdTAJVrRI","platinum"
"11814","Asahan Mo","Siakol","id0DBmPCeMg","platinum"
"6510","Asereje Ketchup Song","Las Ketchup","H7M1Rpn2avQ","platinum"
"9424","Asero","Janno Gibbs","hUR9T9CvG9M","platinum"
"7050","Asin Medley","Asin","a_uuRb-A7vI","platinum"
"7230","Ask For More","F4","t3VlnqYMT1s","platinum"
"6725","Aso","Siakol","El7sbn4sWhg","platinum"
"11170","Aso't Pusa","Hale","ibbeS7nVPww","platinum"
"7150","Astrud","Basia","PGNZJ_XWsWw","platinum"
"9606","Asya","Bayang Barrios","sabUGS96Pvc","platinum"
"7151","At Kung Malayo Ka","Melody","vATTJnU4ags","platinum"
"8825","At Nakalimutan Ang Diyos","Wuds","iZwtPIbu9XM","platinum"
"6534","At Seventeen","Janis Ian","AUFgIFn1sVE","platinum"
"5414","At The Beginning","Richard Marx","cSozXrc6Sow","platinum"
"8883","At Your Best","Aaliyah","pxdCX7g3IQc","platinum"
"5514","At Your Side","The Corrs","C8VIAN0fR8o","platinum"
"1654","Atin Cu Pung Singsing","Pampanga Song","kqhzYdqj_Hg","platinum"
"0610","Aubrey","Bread","kTiDwKd8zKo","platinum"
"1642","Auld Lang Syne","Guy Lombardo","Zwn9G0Q3wu0","platinum"
"7989","Automatic","Utada Hikaru","DiDHHN5HbV8","platinum"
"2539","Autumn Leaves","Andy Williams","9ElQ32v-7Pk","platinum"
"8391","Average Joe","Y-Not","sLbKdGCrAGM","platinum"
"9735","Away Bati","Yeng Constantino","yFNVYFrPDFA","platinum"
"7066","Away In A Manger","Various","dq34Clq3QKY","platinum"
"7358","Awesome In This Place","Pestano","daJndBWSagA","platinum"
"5934","Awit At Pag-Ibig","Aegis","9VtubVYW648","platinum"
"7153","Awit Ng Barkada","Apo Hiking Society","nvFE_Gd4llc","platinum"
"8058","Awit Ng Kabataan","Rivermaya","h2gGsFRm90Q","platinum"
"11695","Awi","","",""
"t Ng Paghahangad""","Bukas Palad","JPI4FJjQMzE","platinum",""
"8898","Awit Ng Pangarap","Yeng Constantino","-qf1l7YzMp0","platinum"
"1140","Awit Para Sa 'Yo","Jamie Rivera","9nllwi6I0GQ","platinum"
"7156","Awitin Mo","Vst & Company","IoPySTtwefY","platinum"
"4916","Ay Ay Ay Pag-Ibig","Ara Mina","K6krF8ZaZXo","platinum"
"8644","Ay Ay Pay Toy Gasat","Ilocano Song","fDM3j_X3ObA","platinum"
"8645","Ay Ay Salidumay","Big 3 Sullivans","7cmD1jnbGQs","platinum"
"8634","Ay Bituen Ko","Visayan Song","r-OAwPEvMoI","platinum"
"7329","Ayaw Katahap","Visayan Song","Wn0t0Jr9yGQ","platinum"
"8912","Ayaw Padala Sa Tama","Bisrock","oO7Ga2-ROFM","platinum"
"6728","Ayoko Na Sa Yo","Siakol","UICt-onG_9k","platinum"
"7157","Ayoko Na Sana","Ariel Rivera","pXgQ5LRComU","platinum"
"1279","Ayoko Na Sa'yo","Sharon Cuneta","SgY2csTYJPM","platinum"
"6729","Ayoko Ng Isipin Pa","J. Brothers","9Wh3of_SXYI","platinum"
"11396","Ayos Lang Ako","Rocksteddy","oYfzR2ojpis","platinum"
"9452","Ayos Na Ang Buto-Buto","Vhong Navarro","fsbUB_yXi98","platinum"
"9788","Ayt","Spongecola","e25XlvKe1Wk","platinum"
"9826","Ayus","Rico Blanco","dY5qhETu2lA","platinum"
"1321","Baa Baa Black Sheep","Traditional","fBjYu_lC1X0","platinum"
"7158","Babae","Hagibis","NEdvSJYrvnU","platinum"
"6778","Babae Ako","Eva Eugenio","CTtc7XTMgzM","platinum"
"9607","Babae Na Ako","Zsa Zsa Zaturnnah","iUHi1rcX38Q","platinum"
"7864","Babae Po Ako","Tuesday","O4lJssSyQ90","platinum"
"8497","Babaeng Uy Ay","Various Artist","OHD8QW1PfCs","platinum"
"5682","Babalik Ka Rin","Victor Wood","vvgzSres7U0","platinum"
"1322","Babalikang Muli","Regine Velasquez","glGxbgPeTJM","platinum"
"6535","Babalik-Balikan","Haji & Rachel","89OqhDQO3bs","platinum"
"1625","Babe","Styx","IHWkNgnBlIY","platinum"
"11033","Baby","Justin Bieber ft Ludacris","1a5SWpp9Wfg","platinum"
"6779","Baby Ang Ganda Mo","Rico Puno","4vK3Io2wa-I","platinum"
"7444","Baby Ang Sarap","Sexbomb Girls","f9Wgack1Dmo","platinum"
"0853","Baby Baby","Amy Grant","ru5RqBCr0X4","platinum"
"7360","Baby Boy","Beyonce","xfqpNZXBCZQ","platinum"
"4283","Baby Can I Hold You","Boyzone","Wki4rJ9pBbc","platinum"
"3329","Baby Come Back","Player","-ENvu6iSSNQ","platinum"
"7160","Baby Come Back To Me","Michael Bolton","CiJSBsAtlEk","platinum"
"0712","Baby Come To Me","Patti Austin","sT572Z8VbxU","platinum"
"9517","Baby Don't You Break My Heart Slow","M.Y.M.P.","jlBQ2iPkydc","platinum"
"0976","Baby Face","U2","Al3UjM4Y3y8","platinum"
"1546","Baby I Don't Care","Elvis Presley","sDK90yOepTE","platinum"
"5812","Baby I Love You","J Brothers","BoUpKb8R9CM","platinum"
"0597","Baby I Love Your Way","Big Mountain","RKvQwgCpyHc","platinum"
"1640","Baby I Need Your Loving","The Four Tops","KxR-q7uKxXk","platinum"
"2861","Baby I'm A Want You","Bread","Pt7zZcikuYU","platinum"
"9827","Baby It's Time","Rachelle Ann Go","zOJNaz9LIRs","platinum"
"44080","Baby Love","Diana Ross","WDfI-YrEJtI","platinum"
"44613","Baby Love","Nicole Scherzinger","1BxSw0c-H-c","platinum"
"0993","Baby Now That I Found You","Alison Krauss","hca9aiOsdto","platinum"
"4927","Baby One More Time","Britney Spears","PYpU2TxIzAM","platinum"
"3760","Baby The Rain Must Fall","Glenn Yarbrough","IoidePq4szw","platinum"
"6167","Baby What A Big Surprise","Chicago","2mkokng2_OI","platinum"
"0017","Baby You're A Rich Man","Beatles","B8JOr-YtMbI","platinum"
"9507","Back 2 U","Cueshe","9i_ZHeYy-lo","platinum"
"7271","Back At One","Brian Mcknight","YyzruIR8nqc","platinum"
"0738","Back For Good","Take That","LFA26Ln1IT4","platinum"
"7163","Back In The USSR","The Beatles","R2vjacgSoFg","platinum"
"9759","Back In Time","Kyla Duet With Jay-R","ns5BwuwvuOU","platinum"
"9736","Back In Your Arms","Joanne Lorenzana","GQ6IyoZCcIg","platinum"
"9235","Back To Black","Amy Winehouse","nturlhtt7WA","platinum"
"11569","Back To December","Taylor Swift","MoYzy60Jye0","platinum"
"11398","Back To Love","Quest Ft Nimbus","3RRAo-o5EqU","platinum"
"8485","Back To Me","Cueshe","jNYXQLWlk6k","platinum"
"5343","Back To You","Bryan Adams","A1VcCt_4rQw","platinum"
"7684","Back To You","John Mayer","rcnBr-kXKyg","platinum"
"1689","Bad","Michael Jackson","6ei94h2W8GM","platinum"
"0375","Bad Case Of Loving You","Robert Palmer","EwXqt730Bpw","platinum"
"8414","Bad Day","Daniel Powter","GB-W0QMdNwQ","platinum"
"0050","Bad Girls","Donna Summer","G9he4BqR2mg","platinum"
"3330","Bad Love","Eric Clapton","0KU2VClfsys","platinum"
"44477","Bad Medicine","Bon Jovi","qi86ZoscFbE","platinum"
"3058","Bad Moon Rising","CCR","gnCFEwyArGM","platinum"
"11020","Bad Romance","Lady Gaga","Ep0-h-rGHRk","platinum"
"11645","Bagong Sigaw","Bamboo","u5ZgJ3QF7So","platinum"
"11794","Bagsakan","Parokya Ni Edgar Ft","f3rQ9TiV57U","platinum"
"8316","Bahala Ka","J. Brothers","LaDGSG2KOUk","platinum"
"7621","Bahala Na","Jolina Magdangal","xU3K7vMaZwU","platinum"
"6399","Bahama Mama","Boney M","yBo0zyqO8vk","platinum"
"9904","Bahay Kubo","Hale","5gwiegtuIig","platinum"
"4421","Bailamos","Enrique Iglesias","v2krLuG0ReY","platinum"
"8826","Baile","Rochelle Ft. Gloc 9","1WptbwODvYU","platinum"
"9665","Baka Lasing Ka Lang","Patricia Javier","57J3f8HTDV0","platinum"
"4918","Baka Mayroong Iba","Jerome Abalos","QSipFv7Tg94","platinum"
"3059","Baka Sakaling Mahalin Mo Rin Ako","Rey Valera","rDQeikDX68A","platinum"
"9247","Bakakon","Scrambled Eggs","QyPCSD59M4A","platinum"
"7825","Bakal Na Rehas","No Bail Band","qFEWNB7eJ9A","platinum"
"6781","Bakas Ng Lumipas","Eddie Peregrina","NaFebrxNoVM","platinum"
"7474","Bakerstreet","Gerry Rafferty","A9DuGDpjDAg","platinum"
"5683","Bakit","Rea Valle","gZ0EsxWtiAg","platinum"
"5813","Bakit","Imelda Papin","fgTvJ4m1LZI","platinum"
"6377","Bakit","Vehnee Saturno","gM7AgDPMMl8","platinum"
"6400","Bakit","Aegis","lnZYwgqU2pc","platinum"
"7764","Bakit","Michael V.","QuwzY6PjEbg","platinum"
"8504","Bakit","Rachel Ann Go","uShpWfVrDAI","platinum"
"8619","Bakit","Cueshe","p5ifcfXvb8k","platinum"
"9666","Bakit Ako Mahahiya","Dulce","PAeWMjgsDhc","platinum"
"8783","Bakit Ang Babae","Apo Hiking Society","dQT8zFxeS1E","platinum"
"5345","Bakit Ba Ganyan","Dina Bonnevie","gJ3dnLhu_c8","platinum"
"9608","Bakit Ba Ikaw","Lani Misalucha","k9tHEB9tMS8","platinum"
"9221","Bakit Ba Inibig Ka","Erik S. & Regine V.","vIEYx9L--Zo","platinum"
"3060","Bakit Ba?","Siakol","8f5MRaGQZjA","platinum"
"9828","Bakit Ba?","Bugoy Drilon","3GHnkf89mkI","platinum"
"6732","Bakit Di Mo Sinabi","Teresa","z-C4RDMH2fE","platinum"
"7270","Bakit Di Totohanin","Carol Banawa","2GZyiXPAS3M","platinum"
"9115","Bakit Ikaw Pa","Claire Dela Fuente","u1Me-3bOT9Y","platinum"
"9415","Bakit Ikaw Pa Rin","Manoris Garcia","J2Pd9OB3RM0","platinum"
"7826","Bakit Iniwan Na","Freestyle","xTCLumVHvyg","platinum"
"7275","Bakit Ka Iiyak?","Jeremiah","yisdGiRewfA","platinum"
"1601","Bakit Ka Lumayo","Ogie Alcasid","3ztjvyXljrQ","platinum"
"6479","Bakit Ka Nagbago","Joey Albert","FOdOaU9Qlrs","platinum"
"9116","Bakit Kaya","Imelda Papin","MB2oY_-qquY","platinum"
"1301","Bakit Kung Sino Pa","Lloyd Umali","7lBSDaXj750","platinum"
"1323","Bakit Labis Kitang Mahal","Boyfriends","4DfXGMnl0QA","platinum"
"5567","Bakit Mo Iniiba","Nikki Valdez","S_5yBDtKX9k","platinum"
"7331","Bakit Mo Iniwan","Melissa Gibbs","YVbBsosdbHg","platinum"
"9117","Bakit Mo Pa Inibig","Imelda Papin","UQLBZoMb29Y","platinum"
"1045","Bakit Nga Ba Mahal Kita","Roselle Nava","TbJyk49XX8Q","platinum"
"6983","Bakit Ngayon Ka Lang","Freestyle","nRix9cS1C0w","platinum"
"0240","Bakit Pa","Jessa Zaragoza","71Nu2m_zA_U","platinum"
"11840","Bakit Pa Ba","Sarah Geronimo","Jjm0EIABiqs","platinum"
"7377","Bakit Pa Ba","Jay-R","-hHonDPzjdM","platinum"
"9118","Bakit Pa Kita Minahal","Cristy Mendoza","uB3CJ6dEJeM","platinum"
"6096","Bakit Papa","Sexbomb Girls","KBXOqOBF4lk","platinum"
"7615","Bakit Sayo Pa","Roel Cortez","JepJzjDB3iE","platinum"
"4919","Bakit Sinta","Paul Sapiera","bh-n0Q0nxO0","platinum"
"7170","Bakya Mo Neneng","Pinoy Classic","ezbW7dLxBjE","platinum"
"0107","Balat-Kayo","Anthony Castello","mLtqG9crBYU","platinum"
"5939","Baleleng","Max Surban","xHhygNvYrdA","platinum"
"9866","Balisa","Angel Mocatuno","o_aRemRdrM4","platinum"
"7677","Balisong","Rivermaya","ekjHgesR5us","platinum"
"8647","Balitaw Ko","Visayan Song","yyra1qX09tk","platinum"
"11208","Baliw","Kiss Jane","pBYzTCKoyis","platinum"
"5941","Baliw","Claire De La Fuente","5A8oV4rAhsE","platinum"
"7827","Baliw","Mark Bautista","fUKoG2Me_Sc","platinum"
"7765","Baliw Ako Sa Iyo","Sheila Mae","NUZh-2KbM1c","platinum"
"9024","Baliw Na Baliw","Join The Club","4lA4CenDNKI","platinum"
"4920","Baliw Na Puso","Jessa Zaragoza","ULdQc6ZUtEE","platinum"
"0810","Ballad Of John And Yoko","The Beatles","4YBLJ4cSym4","platinum"
"9120","Balong Malalim","Juan Dela Cruz","sRIKOD8Sg-s","platinum"
"8648","Balud Sa Kalimot","Visayan Song","4LIPiuHflfw","platinum"
"5070","Bamboleo","Julio Iglesias","9qwmUKXr6jA","platinum"
"8649","Banag Na Banag Satungang Gabi","Visayan Song","IA08FmOcG8A","platinum"
"1471","Banal Na Aso Santong Kabayo","Yano","eaJXriSSzts","platinum"
"9765","Banana (Right Now)","Blank Tape","WoKDFvOsEyY","platinum"
"3331","Banana Boat Song","","MZxDaRFPZ3w","platinum"
"9455","Banana Q (Don't Matter)","Visayan Version","raCH040vOuE","platinum"
"9485","Banana Split","Cool Chix","XQTCGhTwMlw","platinum"
"2860","Band On The Run","Paul Mccartney","P2RNsgx82CM","platinum"
"9025","Banda Ng Bayan","Rivermaya","OBrXCtptqVI","platinum"
"2879","Bang Bang","Cher","et4fTNLiJN4","platinum"
"11002","Bangon","Rico Blanco","jxw0388ZF0s","platinum"
"8650","Bannatiran","Ilocano Song","R8Rcufe76L0","platinum"
"7276","Banyo Queen","Andrew E.","3N5pMZOsxb8","platinum"
"9045","Barako","Barako Boys","gVHPXXYvti0","platinum"
"7171","Barbara Ann","Beach Boys","qMR1ETZzLJE","platinum"
"4296","Barbie Girl","Aqua","AQOt75axc0Y","platinum"
"44017","Barbie Girl","Aqua","AQOt75axc0Y","platinum"
"3333","Bare Necessity","","NVEf7dhMurM","platinum"
"9387","Barista (Bartender)","Tagalog Version","kAgagq68S_I","platinum"
"8651","Barkong Karaan","Max Surban","AUe6TIwDasY","platinum"
"9374","Bartender","T-pain ft. Akon","zqWAdqEjl5M","platinum"
"7269","Basang-Basa Sa Ulan","Aegis","hHLKw2SmWz0","platinum"
"8262","Basket Case","Greenday","9UkFCbDhVIo","platinum"
"8095","Basketball","Viva Hotbabes","gMQFcKPbOnk","platinum"
"8652","Basketbol","Big 3 Sullivans","yifQcASESq8","platinum"
"8653","Basol Mo Lalaki","Ilocano Song","uBgMETSvpZI","platinum"
"11594","Bass Down Low","The Cataracs Ft Dev","xtr6R430lfo","platinum"
"6713","Basta't Ikaw","Jeremiah","MOke5v18qos","platinum"
"9121","Basta't Isipin Mo","Bing Rodrigo","1E_4IIcJNC8","platinum"
"0782","Basta't Kasama Kita","Dingdong Avanzado","lPT18BOIfqc","platinum"
"0605","Basta't Mahal Kita","John Melo","cIhGxwe30b0","platinum"
"5132","Basta't Mahal Kita","Renz Verano","bKTMLHafM2s","platinum"
"6782","Basta't-Basta","True Faith","Y4N9YxCM89M","platinum"
"9552","Basted","Siakol","RqS3ntaSg_4","platinum"
"7682","Ba't Di Mo Pagbigyan","King","9L2CNMBIbaI","platinum"
"1284","Bat Di Mo Sabihin","","rEUD-ZK9jyQ","platinum"
"11212","Bata","BBS, Kean And","Eh0edNDVGk4","platinum"
"1156","Batang Bata Ka Pa","Jim Paredes","klbWh5ZlQbE","platinum"
"11053","Bathroom Dance","Michael V.","JMj3v4GRRJk","platinum"
"7766","Bati Na Tayo","Agaw Agimat","YA23jqRJYD8","platinum"
"7956","Batibot","Alamid","DBdcUC53Tw8","platinum"
"1329","Bato Sa Buhangin","Cinderella","p87lqyPE-AQ","platinum"
"44824","Battlefield","Jordin Sparks","hn3c_q1-vhs","platinum"
"7725","Batuta","Roger Dames","w-6lpQQVe3Y","platinum"
"6783","Baunin Mo Ang Pag-Ibig Ko","J. Brothers","lnEVi9MaI6Q","platinum"
"3061","Bawal Na Gamot","Willie Garte","j-vA4ty_-sQ","platinum"
"1175","Bawal Na Pag-Ibig","","_8SuHJlsA6w","platinum"
"9223","Bawat Bata","Akee","4nOQoClqD3s","platinum"
"3064","Bayan Ko","Freddie Aguilar","mFuCAnPbCa4","platinum"
"0440","Be Bop A Lula","Gene Vincent","wXYzEj89hc0","platinum"
"7173","Be It Unto Me","Don Moen","vNfqFPW5gM4","platinum"
"8654","Be Kayen To Animals","Max Surban","D-Wro9XhhSk","platinum"
"3770","Be My Lady","Martin Nievera","UclCZ6Si7kY","platinum"
"3025","Be My Love","Mario Lanza","UxKVSN71w1M","platinum"
"3771","Be Still My Beating Heart","J. Bernardo","Ng4P6FWVdcE","platinum"
"7915","Be With You","Enrique Iglesias","qU-XzxQ6oWk","platinum"
"4365","Beat It","Michael Jackson","5ptwna24d3Y","platinum"
"8461","Beat Of My Heart","Hillary Duff","hnOu0kGgC34","platinum"
"7134","Beatles Medley (Stars On 45)","The Beatles","F_wZ8diLgRY","platinum"
"44808","Beautiful","Akon & Kardinal","FhonC4XFEsQ","platinum"
"6536","Beautiful","Christina Aguilera","bkkkbniDtHA","platinum"
"8590","Beautiful Days","Kyla","5jVXawmwcNU","platinum"
"8274","Beautiful Disaster","Kelly Clarkson","ek_PwqizQ2A","platinum"
"11663","Beautiful Girl","Jose Mari Chan","5EVxgLGKQx8","platinum"
"8865","Beautiful Girls","Sean Kingston","S_BNb0R7iX4","platinum"
"3336","Beautiful Goodbye","Amanda Marshall","slNF2hNNCrQ","platinum"
"1472","Beautiful In My Eyes","Joshua Kadison","LruQapGkZSI","platinum"
"8612","Beautiful Liar","Beyonce & Shakira","UHABOpZ6fNo","platinum"
"4302","Beautiful Life","Ace Of Bace","auSShZj7MuU","platinum"
"11454","Beautiful Monster","Ne-yo","3RQ5YPHoepU","platinum"
"8426","Beautiful Ones","Suede","_JQwHwUBPTE","platinum"
"8205","Beautiful Soul","Jesse Mccartney","tfy2VidpjYU","platinum"
"4423","Beautiful Stranger","Madonna","5yOLzy16oHs","platinum"
"0166","Beautiful Sunday","Daniel Boone","HlOr9UWZK1s","platinum"
"1548","Beauty And Madness","Fralippo Lippi","w64Fks8cRPw","platinum"
"2543","Beauty And The Beast","Peabo Bryson &","sO6dE-hqKsI","platinum"
"8395","Bebot","Black Eyed Peas","t32ekmCN5qU","platinum"
"44541","Because I Got High","Afroman","AvhEFBXNM7Y","platinum"
"11769","Because I Love You","Stevie B","xYtEBMCXzVM","platinum"
"0267","Because Of Love","Menudo","-yIxt5Otcl4","platinum"
"1407","Because Of You","Tony Bennet","XJfPQm8Rzxw","platinum"
"4374","Because Of You","98 Degrees","Wuc_9LIOSxk","platinum"
"7378","Because Of You","Keith Martin","1O4kthnhz0g","platinum"
"8322","Because Of You","Kelly Clarkson","ycEGBMAL8zA","platinum"
"8953","Because Of You","Ne-Yo","nJyz179rbfU","platinum"
"8430","Because You Live","Jesse Mccartney","AqdjuITeKyA","platinum"
"4186","Because You Loved Me","Celine Dion","sPu9jduC1HI","platinum"
"0463","Bed Of Roses","Bon Jovi","fBGaQoyEz1o","platinum"
"6839","Bee Gees Medley","Bee Gees","wywFQ_bcWu0","platinum"
"8433","Beep","Pussycat Dolls","KnxAlcBf3v8","platinum"
"6171","Beep Beep","Juan Dela Cruz","izbgIDe4eFA","platinum"
"7828","Beep Beep Beep","Willie Revillame","6mHcAKEZ5nU","platinum"
"8411","Beer","Itchy Worms","C8twukz-0g0","platinum"
"8874","Beer For My Horses","Toby Keith & Willie Nelson","-d9oIMoGT-0","platinum"
"11107","Before He Cheats","Carrie Underwood","AqYrOoZpsjg","platinum"
"5230","Before I Fall Inlove","Coco Lee","En7idR1-h-k","platinum"
"6098","Before I Let You Go","Freestyle","fda_ndi1HcU","platinum"
"11543","Before It Explodes","Charice","TW6rOh5GgNU","platinum"
"0390","Before The Dawn","Judas Priest","ziYkypFXdHI","platinum"
"6785","Beh Buti Nga","Parokya Ni Edgar","yoIxizTowJY","platinum"
"7175","Beh Buti Nga","Hotdog","kQs5e6hypIs","platinum"
"5421","Behind Blue Eyes","The Who","W9gBKL-aKa4","platinum"
"3338","Behind Closed Doors","Charlie Rich","SHxKNvsQhko","platinum"
"8221","Behind These Hazel Eyes","Kelly Clarkson","gRWCryAaIuo","platinum"
"8827","Behind Those Eyes","Panky Trinidad","BtiqNGC-FRA","platinum"
"7673","Beinte Beinte","Gee Girls","57EdaXGL5ZI","platinum"
"7051","Believe","Cher","n24s-klOW0c","platinum"
"5334","Belinda Bye Bye","Barbie's Cradle","QNk_jogY9JI","platinum"
"3067","Bell Bottom Blues","Eric Clapton","xnJH5PqNoDY","platinum"
"9303","Belly Dancer","Akon","8KIZVZFgVK8","platinum"
"0376","Ben","Michael Jackson","lYHk3EdX5uo","platinum"
"7798","Bent","Matchbox 20","TfmCKFGzf7o","platinum"
"8903","Berting","1017","HLPLV1_Q0PQ","platinum"
"8976","Berting (Bisaya)","1017","HLPLV1_Q0PQ","platinum"
"3028","Besame Mucho","Trio Los Panchos","kLFwe_S4o8w","platinum"
"7829","Beside You","Akaffellas","iA3xnCzDuko","platinum"
"11453","Best Behavior","N-Dubz","cMy5wmRtWP4","platinum"
"11089","Best Days Of Your Life","Kellie Pickler ft Taylor","5Zis58SwxWM","platinum"
"11836","Best For Last","Adele","4Zghbftg6D4","platinum"
"6840","Best In Me","Blue","XUt8tbUhTpw","platinum"
"9898","Best Of Both Worlds","Miley Cyrus","YI7sWImCs0o","platinum"
"11653","Best Of My Love","Emotions","o0JqBThn24Y","platinum"
"3068","Best Of My Love","Eagles","MFiIbt3C-lc","platinum"
"5348","Best That You Can Do","Michael Ruff","tiDW01UIkP4","platinum"
"11631","Best Thing I Never Had","Beyonce Knowles","QOzBJI1QA1s","platinum"
"8517","Bestfriend","Dice And K9","k4c1_x9u-fw","platinum"
"9385","Betamax","Sandwich","zYpNOiSo7ZM","platinum"
"7177","Betcha By Golly Wow","Stylistics","6W60p0HJwKg","platinum"
"0967","Better Days","Dianne Reeves","unX64zyjCLo","platinum"
"44625","Better In Time","Leona Lewis","G5z0Fb7aX-A","platinum"
"7362","Better Man","Robbie Williams","tbfNE6hjR7Q","platinum"
"5765","Better Off Alone","Alice Deejay","uavoe-Mmksg","platinum"
"11442","Better Than Revenge","Taylor Swift","6tvDRnRe2C4","platinum"
"4304","Big Big World","Emilia","aYKpTTvSaQ8","platinum"
"8828","Big Girls Don't Cry","Fergie","qQRRTH-1VN8","platinum"
"3344","Big In Japan","Alfajet","uEylxxext20","platinum"
"7179","Big Spender","Lisa Minelli","6DpVWE1uM4k","platinum"
"9965","Big Sur","The Thrills","OGnAOAEAVMg","platinum"
"9028","Bigay Na Bigay","Mano Mano","QTcSd-cBDbI","platinum"
"7865","Biglaan","6cycle Mind","IAZE8D9VlZA","platinum"
"3070","Bikining Itim","Bert Dominique","_Im8pND8dGk","platinum"
"8060","Bilanggo","Rizal Underground","ZDPcBntZHbw","platinum"
"2747","Billie Jean","Michael Jackson","eXqBhDAlVCc","platinum"
"9476","Billie Jean","David Cook","YC3LxKnV3ME","platinum"
"11044","Billionare","Travie Mccoy","TWWc7YnOojU","platinum"
"44355","Bills Bills Bills","Destiny's Child","nVhX4pt1rcs","platinum"
"8410","Bilog Ang Mundo","Manny Pacquiao","B3KtiAeqmeg","platinum"
"11021","Bilog Na Hugis Itlog","Sexbomb Girls","GQbBl3mlbtE","platinum"
"8885","Bilog Na Naman Ang Buwan","Tropical Depression","YPmv9yYutuQ","platinum"
"5816","Binago Mo","Gabriela","PD5bwPEpv-U","platinum"
"3774","Bingo","Traditional","J58K4DOb7Xg","platinum"
"11084","Binguel Binguel","U-Kiss","0lhG2xiKBDg","platinum"
"1473","Binibini","Introvoys","04D_D2w6D9c","platinum"
"8415","Binibini","Janno Gibbs","xiMCPQyO8_E","platinum"
"9224","Binibini","Brownman Revival","zbQ1e1rltCY","platinum"
"4922","Binilanggo Sa","Del Horest","Dxw9ET02aNE","platinum"
"4428","Bip Bop","Paul Mccartney","sVA9mQxveqA","platinum"
"7181","Birds And The Bees","Winnie Santos","K2COGfd1ZVs","platinum"
"0811","Birthday","The Beatles","gvrUX4XfKgw","platinum"
"4923","Bisan Sa Damgo Lang","Visayan Song","8mHp5v8E-y4","platinum"
"8655","Bisan Wala Ka Na","Visayan Song","7kxt6qOeN0g","platinum"
"8942","Bisrock","Indephums","RQsIm0BJdW0","platinum"
"5530","Bitch","Meredith Brooks","o9E_qeRN3eU","platinum"
"9522","Bitin","Mayonnaise","qGcymtB5TE4","platinum"
"5231","Bitin Ako Sa Iyo","Hotdog","yTOQs6Hawh8","platinum"
"6099","Bitin Si Honey","Quickie","rUiTgcZCMEc","platinum"
"8513","Bitiw","Sponge Cola","vFLozIqdDSI","platinum"
"8656","Bitoon Sa Pangandoy","Visayan Song","ZsZuZ_rqGiE","platinum"
"1262","Bituing Walang Ningning","Sharon Cuneta","axzq8zKg7Ew","platinum"
"0497","Bizaare Love Triangle","New Order","7dNN3gNhA5o","platinum"
"44124","Black Cat","Janet Jackson","VCRIDJESg94","platinum"
"3345","Black Hole Sun","Sound Garden","i5pTGD72u4g","platinum"
"11108","Black Horse And The Cherry Tree","KT Tunstall","ICfV40BUdHQ","platinum"
"2659","Black Is Black","Joy","6KVoD06WfgM","platinum"
"6841","Black Magic Woman","Santana","_4_qHt28q-E","platinum"
"4429","Black Night","Deep Purple","35oC4vuA9rs","platinum"
"0968","Black Or White","Michael Jackson","F5L--x9rC-Y","platinum"
"3347","Black Velvet","Allanah Myles","mY10QWZ37CM","platinum"
"0003","Blackbird","The Beatles","aeyxufMtcOY","platinum"
"11524","Blah Blah Blah","Kesha Ft 3oh3","x5g4tVSHxqc","platinum"
"7363","Blame It On The Weatherman","B*Witched","4nkswovvkd8","platinum"
"44033","Blaze Of Glory","Bon Jovi","gItfXuxnGWk","platinum"
"11692","Bleed For Me","Saliva","KMn2LGmkqvU","platinum"
"9350","Bleed It Out","Linkin Park","g74qaBn95W8","platinum"
"9292","Bleeding Love","Leona Lewis","BsjLCISj4kU","platinum"
"7364","Blessed Be The Name Of The Lord","Sarah Higgins","6AB3ku_c7Dw","platinum"
"5422","Blister In The Sun","Violent Femmes","OM_AfTRA68Y","platinum"
"11558","Blow","Kesha","e6atCQFxJR4","platinum"
"7182","Blowin' In The Wind","Bob Dylan","83EcikZJtl4","platinum"
"5134","Blue (Da Ba Dee) 2000","Eiffel 65","FNIhj6DQtgk","platinum"
"0804","Blue Bayou","Linda Ronstadt","cKA7cHlNgTI","platinum"
"7063","Blue Christmas","Elvis Presley","YWcVrKeOVY8","platinum"
"3072","Blue Eyes","Elton John","V0CvAGswz4U","platinum"
"0997","Blue Eyes Crying..","Dolly Parton","IDi8cPqoIM0","platinum"
"3776","Blue Hawaii","Elvis Presley","JiAJCTaGnfc","platinum"
"7183","Blue Jeans","Apo Hiking Society","xYtlwDTjK-M","platinum"
"8830","Blue Jeans","Rocksteddy","hOr7TB3Ph00","platinum"
"2973","Blue Monday","Fats Domino","7gvOwxso_hM","platinum"
"3073","Blue Moon","Frank Sinatra","05JO4tCn8t8","platinum"
"9225","Blue Moon","Orange & Lemons","Pi_WodXUVEs","platinum"
"7476","Blue Night","Michael Learns To Rock","-mX7W3KBDeM","platinum"
"8474","Blue Sky","Hale","pjZ81HpQg0o","platinum"
"1552","Blue Suede Shoes","Elvis Presley","kP3uWmARb5c","platinum"
"1643","Blue Velvet","Bbby Vinton","lXwpcRiJra8","platinum"
"1551","Blueberry Hill","Fats Domino","25I6YYHr8g8","platinum"
"4433","Bluebird","Paul Mccartney","cyC-GQMTt0E","platinum"
"0305","Bluer Than Blue","Michael Jhonson","ZBBX09K9MQg","platinum"
"11207","Bo Peep Bo Peep","T-Ara","Qj3yVer5DPc","platinum"
"5418","Boat On The River","Styx","2G_NDp5ByJo","platinum"
"11155","Bodies","Robbie Williams","mDWps8GbIrs","platinum"
"4434","Bohemian Rhapsody","Queen","9Lxm0iSnKNc","platinum"
"6786","Bonga Ka Day","Ogie Alcasid","ey9XfQzbhLc","platinum"
"5709","Bonggahan","Sampaguita","dSS18n6eb0E","platinum"
"11675","Boogie On Reggae Woman","Stevie Wonder","fxOEHsvIsAQ","platinum"
"3075","Boogie Wonderland","Earth Wind & Fire","oueiBPYcNYo","platinum"
"4298","Boom Boom Boom","Venga Boys","2S_rjxMfJUo","platinum"
"44813","Boom Boom Pow","Black Eyed Peas","rPmcA5BtO6s","platinum"
"0637","Boom Shak-A-Lak","Apache Indian","xcdvsoeReTY","platinum"
"8523","Boom Tarat Tarat","Willie Revillame","WBAS3za6TPk","platinum"
"44198","Boombastic","Shaggy","g5g8oTllVs0","platinum"
"44343","Boot Scootin' Boogie","Brooks And Dunn","oGFx8067dzc","platinum"
"5944","Bop Bop Baby","Westlife","Vje-vh5YdEA","platinum"
"9226","Bop Bop(Bop It)","April","BmHMOjcCftg","platinum"
"9345","Bop To The Top","High School Musical","eCrZU2sib7U","platinum"
"9667","Boracay Ang Isla Ko","Father & Sons","Dtq9cjP63lA","platinum"
"0638","Borderline","Madonna","ofe3HTe_myI","platinum"
"5135","Born For You","David Pomeranz","Y6ir5F4y4-Y","platinum"
"11560","Born Free","Kid Rock","WyQmzKaNQ3s","platinum"
"2758","Born Free","Andy Williams","3shH5FuB9J4","platinum"
"11782","Born In The U.S.A.","Bruce Springsteen","EoxSwZ1Qz7g","platinum"
"3076","Born On The Bayou","J C Fogerty","BhbECGInEz4","platinum"
"11550","Born This Way","Lady Gaga","NatvhO5ihAk","platinum"
"7187","Born To Be Alive","Patrick Hernandez","Hawbo4Ky2tE","platinum"
"3077","Born To Be My Baby","Bon Jovi","cudlwtKQikI","platinum"
"0820","Born To Be Wild","Stephen Wolffe","px93aqjo7SU","platinum"
"7188","Born To Lose","Ray Charkes","EPxhcRBJgwE","platinum"
"8577","Borrowed Time","Cueshe","feskSn7ZI6Y","platinum"
"0409","Both Sides Now","Judy Collins","z3CYLZ1_q2g","platinum"
"9668","Both Still Here","Father & Sons","4_ZKU3HuGBo","platinum"
"44681","Bottle It Up","Sara Bareilles","Nc86mKm4_fQ","platinum"
"2693","Boulevard","Dan Byrd","XIrWf0eHAww","platinum"
"0115","Boulevard Ng Pag-Ibig","Bert Dominique","k0Md5PMU_K8","platinum"
"1408","Boulevard Of Broken Dreams","Tony Bennet","r8BdFXaYE8s","platinum"
"44452","Bouncing Off The Ceiling","A-Teens","OCK277JVioU","platinum"
"9063","Bowowow","Willie Revillame","2l5lANkhQtY","platinum"
"1263","Boy","Timmy Cruz","nIWjZngvRUU","platinum"
"0793","Boy From New York City","Manhattan Transfer","RVyuLz7TIho","platinum"
"9473","Boy Kulot","Rocksteddy","l1T1UAkD8uc","platinum"
"9929","Boy Named Sue","Johnny Cash","-zV0W12SHKs","platinum"
"2718","Boys Boys Boys","Sabrina","DI5qMsELsp0","platinum"
"6539","Boys Do Fall In Love","Robin Gibb","Obb-azIY_rk","platinum"
"1575","Boys Don't Cry","The Cure","UcUKoH5t-vM","platinum"
"7830","Boys Don't Cry","Plumb","Ql9QJqFnP60","platinum"
"9003","Brader Eloy","Missing Filemon","JZ3sM4WPifE","platinum"
"7477","Brand New Key","Melanie Safka","omcwfhlLmx4","platinum"
"8272","Break Away","Kelly Clarkson","5BE5EBpQWBg","platinum"
"0511","Break It Down Again","Tears For Fears","bG5-aTyMAvU","platinum"
"0377","Break It To Me Gently","Angela Bofill","U81ex7VQ3ao","platinum"
"8788","Break Me","Gary Valenciano","MYfvviL-Ki8","platinum"
"8789","Break Na Tayo","Rocksteddy","3h1O8dlyJt0","platinum"
"1542","Break Out","Swing Out Sister","u-ourJ-Dqmc","platinum"
"44689","Break The Ice","Britney Spears","zliz2et56L8","platinum"
"11436","Break Your Heart","Taio Cruz","MgMd5B8JKKQ","platinum"
"6175","Breakfast In America","Supertramp","jTfGo_dE-ns","platinum"
"9306","Breaking Free","High School Musical","YwP9YSnOayk","platinum"
"6100","Breaking My Heart","Michael Learns To","W5bn7sj2AWg","platinum"
"7711","Breaking The Habit","Linkin Park","HCG3QFQfpfk","platinum"
"7189","Breaking Up Is Hard To Do","N Sedaka","OTKkLw5hAms","platinum"
"44414","Breakthru'","Queen","HkW2nNUO1wQ","platinum"
"44688","Breath","Breaking Benjamin","-EHEJIHA9MQ","platinum"
"7622","Breath","Michelle Branch","7fGE-CkKv88","platinum"
"3352","Breath Of Life","Erasure","Ocx2su7-ERI","platinum"
"11834","Breathe Again","Chicosci","yq0vd4_5Vsk","platinum"
"1327","Breathe Again","Toni Braxton","hE0MNUGc73k","platinum"
"7699","Breathe Easy","Blue","2mCjCDLpD-8","platinum"
"8279","Breathe On Me","Britney Spears","XgoQJdrkrlM","platinum"
"44809","Breathe Slow","Alesha Dixon","Q1FrB7_F-7M","platinum"
"6995","Breathless","The Corrs","pEW3KcJ0m-0","platinum"
"11164","Brick By Boring Brick","Paramore","zyqASpDREMU","platinum"
"2542","Bridge Over Troubled Water","Simon & Garfunkel","KCI3qN_c3k0","platinum"
"6921","Bridges","Sergio Mendez","tgZ7O4nwAOE","platinum"
"8829","Bright Lights","Billy Crawford","4lle8bcgGQc","platinum"
"7596","Bring Me Down","Rivermaya","yWeE9SiOZ4M","platinum"
"9341","Bring Me Down","Cueshe","PGsmMBvi4YM","platinum"
"6691","Bring Me To Life","Daredevil Theme","YMVBOjjckqk","platinum"
"7866","Bringing Heartbreak","Mariah Carey","ZKKDcglaVuY","platinum"
"44371","Broadway","Goo Goo Dolls","QO83-1o-azU","platinum"
"44716","Broken","Kelly Rowland","P8aMPMlmM2A","platinum"
"9466","Broken","Lifehouse","iDfz06CZFeg","platinum"
"7190","Broken And Spilled Out","Gary Valenciano","CM4Jy2KkaKg","platinum"
"44878","Broken Hearted Girl","Beyonce","E2YT-qqoorM","platinum"
"8206","Broken Sonnet","Hale","swBxtMQUz_g","platinum"
"44783","Broken Strings","James Morrison &","x5nd99wM-R8","platinum"
"6541","Broken Vow","Lara Fabian","AHxttSwL_Ws","platinum"
"0794","Broken Wings","Mr. Mister","LraTETF_ga4","platinum"
"3355","Brother Louie","Modern Talking","CILihV_8F1k","platinum"
"6714","Brown Eyes","Destiny's Child","-bJdH4sqvrc","platinum"
"8657","Brutsa","Milyonaryo","54EMTK7PRGM","platinum"
"9290","Bubbly","Colbie Caillat","X_fmt_y2AzM","platinum"
"8658","Budbud Ug Bibingka","Max Surban","qFrLxDHa6YQ","platinum"
"2441","Buenas Noches Mi Amor","Los T.Diamantes","9DtHmMWiAgY","platinum"
"3778","Buffalo Gals","Children Song","qTGMDewk-44","platinum"
"9593","Bugbog Sarado","Itchyworms","S6k_z4kMvGA","platinum"
"5736","Bughaw Na Buhangin","Victor Wood","S4Eq_L0COvg","platinum"
"8659","Bugtungan","Big 3 Sullivans","ymF0ODpT_i4","platinum"
"5946","Buhay Amerika","Mike Hanopol","ihBTzWJB7Rs","platinum"
"7193","Buhay At Pag-Asa","Papuri Singers","vg8ytxiiSWY","platinum"
"9633","Buhay At Pag-Ibig","Lani Misalucha","BNUWtLC_HDk","platinum"
"11660","Buhay Nga Naman Ng Tao","Freddie Aguilar","Uw1mCSrE8HE","platinum"
"7479","Buhay Seaman","Mike Hanopol","on-SWlkzqYs","platinum"
"4931","Bukas Na Lang Kita Mamahalin","Lani Misalucha","vem3_pcqmKA","platinum"
"7431","Bukas Sana","Regine Velasquez","kGL9xG9xS94","platinum"
"9122","Buksan Ang Puso","Claire Dela Fuente","nH4sFXcnMfc","platinum"
"8831","Buksan Mo","Willie Revillame","9JmLi6NynOQ","platinum"
"8660","Buksan Mo Na","Milyo Naryo","HagUzri2ySA","platinum"
"7480","Bulag Na Pag-Ibig","Shiela Marie","pUSF4GFtBwQ","platinum"
"5947","Bulag Pipi At Bingi","Freddie Aguilar","xbXzMEXD14M","platinum"
"1047","Bulag Sa Katotohanan","","l9_QhARR5OQ","platinum"
"8061","Bulakbol","Mongols","Q2jbTOVLXoQ","platinum"
"7237","Bulaklak","Viva Hot Babes","As6-ZUCmfZk","platinum"
"8661","Bulalayaw","Ilocano Song","n0-MoWV13LQ","platinum"
"8137","Bulong","Kitchie Nadal","O2aq65azxpM","platinum"
"6734","Bulong Ng Damdamin","Marissa Sanchez","0x2oSdsq92c","platinum"
"6711","Buloy","Parokya Ni Edgar","vVpd28x7uyA","platinum"
"8662","Bumalangaw Nga Ayat","Ilocano Song","n0-MoWV13LQ","platinum"
"8476","Bumalik Ka Lang","Julia Clarete","89qkbKHOCB0","platinum"
"1432","Bunga Ng Pag-Ibig","Celeste Legaspi","2k7rAbcKyKk","platinum"
"9499","Buong Buhay Ko","Sam Milby","cTA22wovrcE","platinum"
"7194","Burn","Tina Arena","89Mo4dC1lXI","platinum"
"8062","Burn","Usher","giE8oV3AI44","platinum"
"9064","Burn","Nina","esx3N9oa8Ww","platinum"
"44823","Burnin' Up","Jonas Brothers","HPnx8qT7hG4","platinum"
"0952","Burning Love","Elvis Presley","IwYZD_8U81U","platinum"
"0821","Bus Stop","Till Dawn","C8qiK2Auzu4","platinum"
"8663","Buserong Mang Gustin","Big 3 Sullivans","m7rrpJY5Tfg","platinum"
"7195","Buses And Train","Bachelor Girl","g9M13ORsGEY","platinum"
"8864","But For The Grace Of God","Keith Urban","R92aJb3iCB0","platinum"
"7196","But I Will","Faith Hill","l11sG1cARYo","platinum"
"9248","Buto","Scrambled Eggs","McFcYWMMKXI","platinum"
"7197","Butsikik","Yoyoy Villame","7ze22cROoq4","platinum"
"7198","Buttercup","Chico Chikas","r6eM2rjYtMw","platinum"
"5351","Butterfly","Mariah Carey","ARU64QrX49s","platinum"
"8470","Buttons","Pussycat Dolls","tglS7XX0hYU","platinum"
"8457","Buwad Suka Sili","Junior Kilat","AJZJ4-mvR-0","platinum"
"6996","Buy 1 Take 1","Grin Department","Sf40c9_zm5w","platinum"
"5574","By Heart","Laura Creamer","8IpnUoPu3fI","platinum"
"1476","By The Light Of The Silvery Moon","Mel & Lyr","L0p7CLJwGps","platinum"
"6912","By The Way","Red Hot Chili Peppers","VatbkdxX6d4","platinum"
"7199","By Your Side","Lovely M.","8GlRnyKR_jo","platinum"
"9554","Bye Bye","Mariah Carey","cHJOBjcP2Q0","platinum"
"7247","Bye Bye Bye","Nsync","4DwB0wtMIy4","platinum"
"2545","Bye Bye Love","Everly Brothers","xn27X6dqVZA","platinum"
"7670","Bye Bye Na","Rico Blanco","Z2g0jlx2IcM","platinum"
"5949","Cabaret","Liza Minelli","DpBkdRqFkf0","platinum"
"1692","Calendar Girl","Neil Sedaka","mc9vFrvcLtc","platinum"
"2547","California Dreamin'","Mamas & Papas","K1n5_8d0MsU","platinum"
"7200","California Girls","Beach Boys","S6olosqH2oQ","platinum"
"11126","California Gurls","Katy Perry ft Snoop Dogg","aUoeErKrMEs","platinum"
"11762","California King Bed","Rihanna","e37s2z8t098","platinum"
"6923","Californication","Red Hot Chili Peppers","6TDgsAYz6KY","platinum"
"11894","Call Me Maybe","Carly Rae Jepsen","qG520Uw8lUA","platinum"
"8481","Call Me When You're Sober","Evanescence","5ebR9kbz0wg","platinum"
"9982","Call The Shots","Girls Aloud","f4uDDAkD144","platinum"
"11697","Calling Your Name Again","Richard Carpenter","8-5X4R93Z5s","platinum"
"3783","Camptown Races","Traditional","lvk8kYey-NU","platinum"
"5575","Can Find No Reason","Louie Heredia","441-kxi6lUk","platinum"
"44766","Can I Have This Dance","Troy And Gabriella","gS34vxm-Q8g","platinum"
"9609","Can Never Be Me","Carol Banawa","nmhDhZlV6iQ","platinum"
"8063","Can This Be Love","Smokey Mountain","rJ5FdHlRSeU","platinum"
"5053","Can We Just Stop And Talk Awhile","Jose Mari Chan","i8KDaMTP85Y","platinum"
"8112","Can We Still Be Friends","Mandy Moore","o8M7S0Nla_g","platinum"
"0335","Can We Talk","Code Red","O5jYCYdBqQk","platinum"
"4443","Can You Feel It","Janet Jackson","dLWIg4_LUjs","platinum"
"4328","Can You Feel The Love Tonight","Elton John","8SdNqJ0M6kE","platinum"
"7482","Can You Read My Mind","Maureen Mcgovern","HYSR6roksGA","platinum"
"1478","Can't Help Wondering Why","Dessa","_8Hyxz8x6vA","platinum"
"2897","Candle In The Wind","Elton John","C8lfRKQU67g","platinum"
"11159","Candy","Paulo Nutini","8NyWF_9HwmY","platinum"
"5786","Candy","Mandy Moore","dDpOBe7hJHc","platinum"
"8584","Candy Man","Christina Aguilera","U9JKSMRQNJ0","platinum"
"11125","Can't Be Tamed","Miley Cyrus","GDOH8gxPz3I","platinum"
"5874","Can't Be With You Tonight","Irene","bSFfamichbY","platinum"
"2810","Can't Buy Me Love","Paul Mccartney","4AhGKsBLnKo","platinum"
"1330","Can't Cry Hard Enough","William Brothers","33Tie5i9TUk","platinum"
"7483","Can't Fight The Moonlight","Leann Rimes","FTlUW-dhv48","platinum"
"0055","Can't Fight This Feeling Anymore","Reo Speedwagon","8pE1h4D9iro","platinum"
"11397","Can't Get Enough","Young Jv Ft August Rigo","i1Ri3dlCmak","platinum"
"6997","Can't Get You Out Of My Head","Kylie Minogue","LRJx1QH03sU","platinum"
"44873","Can't Help But Wait","Trey Songz","FYWKRWPT-HA","platinum"
"7070","Can't Help Fallin (Tagalog)","Josh Santana","RmSbWqqTofg","platinum"
"3421","Can't Help Fallin' In Love With You","Elvis Presley","gd4mB-zUcO8","platinum"
"11592","Can't Help Myself","Toni Gonzaga","cT4DMt7S25w","platinum"
"7623","Can't Hold Us Down","Christina Aguilera","-m9-k14xYuI","platinum"
"8456","Can't Let You Go","Cueshe'","Drrj164hD-U","platinum"
"6693","Can't Lose You","F4","8YJ5YSir7s0","platinum"
"11528","Can't Make This Over","Pixie Lott","OEmx-R-7mWA","platinum"
"3081","Can't Smile Without You","Barry Manilow","5ePpO-aRmHg","platinum"
"44640","Can't Speak French","Girls Aloud","ztJsJByIWmM","platinum"
"3365","Can't Stand Losing You","Police","BEUGM5AMn0U","platinum"
"1427","Can't Take My Eyes","Gloria Gaynor","p07d9PFGCa4","platinum"
"9123","Can't We Start Over Again","Jose Mari Chan","AlVf7pJX_Mw","platinum"
"0287","Can't We Try","Dan Hill","G_5wZPZI3vo","platinum"
"9829","Can't We Try","Toni Gonzaga","VPNPCKYyY4w","platinum"
"0760","Captain Of Her Heart","Double","ttQrKB79QWU","platinum"
"9457","Captured","Christian Bautista feat","945R4gjb44s","platinum"
"11154","Careful","Paramore","QYDYB1n1zKY","platinum"
"4188","Careless Whisper","George Michael","1TIeDbnzp9M","platinum"
"6102","Carmela","Del Horrest","4iSmWVr6nEw","platinum"
"3082","Carolina In My Mind","James Taylor","eGc3ZoKEl2E","platinum"
"0381","Carrie","Europe","kv95-4OdX8I","platinum"
"8549","Carry My Love","Sarah Geronimo","ZgsMyu5Jw5A","platinum"
"6694","Cartoon Heroes","Aqua","RSY39m_hiZk","platinum"
"7326","Carwash","Andrew E.","sUfdAl_WXwA","platinum"
"8042","Carwash","Christina Aguilera","_KSjiDS-Wz8","platinum"
"5032","Casablanca","Bertie Higgins","qaQHHGZhQOU","platinum"
"6998","Cascades Medley","Cascades","pCyBfWZeRUQ","platinum"
"44406","Case Of The Ex","Mya","IvEtw0POrk4","platinum"
"9896","Cast Of Clowns","Wolfgang","o1df1dB1gw0","platinum"
"11718","Castaway","Franco","4RekIPg5khY","platinum"
"8791","Catch Me I'm Fallin'","Toni Gonzaga","EZh4UiPsJ1A","platinum"
"9669","Catch You","Agot Isidro","Ueuh3N_B1sM","platinum"
"8152","Catch You Baby","Lonnie Gordon","aHjVMkC34F4","platinum"
"0248","Cathy's Clown","Everly Brothers","M0viJkziC9k","platinum"
"3370","Cats In The Cradle","Ugly Kid Joe","M_amcbScXXc","platinum"
"6463","Caught Up In The Rapture","Anita Baker","8g5WvaYbPtU","platinum"
"8664","Cebu","Visayan Song","X8ZNzxlK4eE","platinum"
"3371","Cecilia","Simon & Garfunkel","z3qe7Gre4JA","platinum"
"6695","Celebrate Jesus Celebrate","Don Moen","a-a4Nf0U_rk","platinum"
"44138","Celebration","Kool & The Gang","zPPCNwktsD4","platinum"
"6177","Ceremony","Tammy Wynnette","EHZwtolTnTE","platinum"
"5084","C'est La Vie","B*Witched","SPt6qnXbuUM","platinum"
"0943","Chain Of Fools","Aretha Franklin","z4spb_5WSq8","platinum"
"3373","Chains Of Love","Erasure","lX_TBdVhPwQ","platinum"
"9227","Chaka Nya","Michael V.","dom9qTLKdXI","platinum"
"3374","Champagne Supernova","","pX2BkCElPmk","platinum"
"7485","Chances Are","Johnny Mathis","6_lHBtNM7F8","platinum"
"7625","Chances Be There","Air Supply","WNV7TqlgwAo","platinum"
"0334","Change The World","Eric Clapton","1k8c7u33etE","platinum"
"3788","Changes","Black Sabbath","4XUYIhJxMTE","platinum"
"6736","Changes In My Life","Mark Sherman","0pPTVakg5Hs","platinum"
"2759","Charade","Matt Monroe","OC_vwblRkNs","platinum"
"8924","Charing","1017","fEdw52l7XO8","platinum"
"8923","Charing (Visayan)","1017","YBrYgui_4No","platinum"
"9952","Chasing Cars","Snow Patrol","wJZCtLp-psI","platinum"
"11817","Chasing Pavements","Adele","3ovRDVtkmn8","platinum"
"11773","Chasing The Sun","The Calling","WkeyuG3L8Hg","platinum"
"9595","Checkmate","Rivermaya","wbkevmy4W68","platinum"
"11611","Cheers (Drink To That)","Rihanna","z1Q84aU70lE","platinum"
"9918","Chelsea Dagger","The Fratellis","G0w5GpOWnCw","platinum"
"3378","Cheri Cheri Lady","Modern Talking","Gq5i9FO9iYg","platinum"
"6737","Cherish","The Association","vxOvFG00E_0","platinum"
"0940","Cherry Cherry","Neil Diamond","HVqjtNlnuJc","platinum"
"6546","Chi Hua Hua","Dj Bobo","A9dDWNk2FfE","platinum"
"8665","Chibog","Milyo Naryo","s7WLawqRP5c","platinum"
"9228","Chick Boy","Vhong Navarro","oTFDi14TeG4","platinum"
"1732","Chick To Chick","Matt Monroe","LgHhbNqM1_o","platinum"
"8354","Chicksilog","Kamikaze","Ya0Grrit4iw","platinum"
"7366","Chikinini","Parokya Ni Edgar","Gi7vFH6VHLM","platinum"
"44874","Chillin'","Wale Ft. Lady Gaga","DWeMOG2RwrA","platinum"
"8613","China Eyes","Alamid","Xv9ZXS-37sU","platinum"
"3381","China Grove","Doobie Brothers","vK8FdPrRaQg","platinum"
"6548","Ching Fe Te E","Harlem Yu","0mFMK998QGo","platinum"
"8943","Chinita","Bisrock","LhjrJxDnKTw","platinum"
"1437","Chiquitita","Abba","1gRQKAivLns","platinum"
"7487","Chivachocho","Jolina Magdangal","LOu5Md7tCr4","platinum"
"7598","Chocolatte","Parokya Ni Edgar","gYAioPYFwpQ","platinum"
"8099","Chocolatte","Soul Control","fKGHDxRlekU","platinum"
"14002","Chongmateungeotcheoreom","Back Ji Young","ipCX7DnGPUs","platinum"
"8100","Choopeta","T-Rio","HzfzAXN0tbc","platinum"
"7103","Choose To Forgive","Nonoy Zuniga","YKBS2M0gkdA","platinum"
"7832","Choto Matte Kudesai","Sex Bomb","KXA7CwDRQKE","platinum"
"4935","Christmas In Our Hearts","Jose Mari Chan","GS_mctzY45A","platinum"
"6178","Christmas Song","Nat King Cole","s1rgRFVUIJQ","platinum"
"4936","Christmas Won't Be The Same","Martin Nievera","1Vd63wX2tcQ","platinum"
"8043","Cinderella Medley","Cinderella","HSRi2YByljg","platinum"
"4257","Cinnamon Girl","Neil Young","jE_ERcsQg60","platinum"
"8954","Circle","6cycleminds","H1TAEeO5YlE","platinum"
"4258","Circle Of Life","Elton John & Tim Rice","zdhamEMakSg","platinum"
"9536","Circus","Britney Spears","wKrHlCSebyY","platinum"
"6999","Cleaning My Closet","Eminem","HzTOrVMZxtc","platinum"
"7290","Climb Every Mountain","Julie Andrews","v73dUvIMJOs","platinum"
"6934","Clocks","Cold Play","cltIrW3fG8A","platinum"
"6842","Close","Westlife","8yQxdX1Ac0Y","platinum"
"7104","Close","Paolo Santos","u-CgJIB7zPE","platinum"
"0606","Close To Heaven","Color Me Badd","J1hkfBHmg9w","platinum"
"8357","Close To Where You Are","Jonalyn Viray","ahY2anH7Nd8","platinum"
"1451","Close To You","Carpenters","kWTCtLNLAVU","platinum"
"7981","Closer","The Corrs","2hmy7_pZBzM","platinum"
"9497","Closer","Ne-Yo","hlIjp67CcFM","platinum"
"8596","Closer To Me","The Outfield","Gm5AdKocexw","platinum"
"1120","Closer You And I","Gino Padilla","pvgScUhloHM","platinum"
"6962","Closing Time","Semisonic","GAmP8W2PPrQ","platinum"
"11416","Club Can't Handle Me","Flo Rida","xad69J7k_LI","platinum"
"9239","Clumsy","Fergie","JRVnrm1W-Ys","platinum"
"8064","Coca-Cola Body","Viva Hotbabes","A12THNX7C9U","platinum"
"3083","Cocaine","Eric Clapton","ZRLWN7p_kUk","platinum"
"9581","Coffee Break","Zelle","Q99rfNX5lAY","platinum"
"1409","Cold Cold Heart","Tony Bennet","xMj3cBZT4LY","platinum"
"7398","Cold","","",""
"t""","Amee Hidalgo","pIuGKwjcUnE","platinum",""
"9610","Cold Summer Nights","Francis M.","tNyWfdZ78ZY","platinum"
"8429","Collide","Howie Day","pv73nSUPkNo","platinum"
"0855","Color My Word","Chicago","TwM_YAUVyuI","platinum"
"3084","Colors Of The Wind","Vanessa Williams","QX-LMuCoHbw","platinum"
"8193","Colour Everywhere","Christian Bautista","5qRnX1U_TJU","platinum"
"2928","Come & Get Your Love","","d60eXI-d7k4","platinum"
"11655","Come As You Are","Nirvana","lJoYsnj42mA","platinum"
"5486","Come As You Are","Wild Orchids","ZdVq97KYJEU","platinum"
"7834","Come Away With Me","Norah Jones","iEh0eB-TjWk","platinum"
"9814","Come Back To Me","David Cook","jENvtX4TWkU","platinum"
"7803","Come Clean","Hillary Duff","aDWLhGPGbu4","platinum"
"9124","Come Into My Life","Marco Sison","Iyx1EAcgbRY","platinum"
"9125","Come Just As You Are","Claire Dela Fuente","XiH-4rMHDEY","platinum"
"7705","Come On In Out Of The Rain","Sheryn Regis","Lm_lhEoH76c","platinum"
"5798","Come On Over","Cristina Aguilera","qlo6e8H7JsU","platinum"
"3085","Come Rain Or Come Shine","Frank Sinatra","4yVsNvA-Vks","platinum"
"0031","Come Softly To Me","Fleetwood Mac","DI-pYkQ6t2g","platinum"
"1675","Come Summer","Fra Lippo Lippi","aAh74PAOsZo","platinum"
"2753","Come Together","Beatles","D9gA8erVrcY","platinum"
"0731","Come Undone","Duran Duran","sF_nB-xNc3g","platinum"
"3087","Come What May","Air Supply","VFtJEe_VX5M","platinum"
"0436","Coming Up","Wings","vsJk7IvCnMY","platinum"
"11136","Coming Up Easy","Paulo Nutini","eOu8KMiptuI","platinum"
"6550","Complicated","Avril Lavigne","vnsZ6VrprHw","platinum"
"1576","Complicated Heart","Mltr","MKOqnjl7NX0","platinum"
"8127","Concrete Angel","Martina Mcbride","NnrPlBGVa6U","platinum"
"7910","Conga","Gloria Estefan","IBnbOEGv5MM","platinum"
"1438","Congratulation","Cliff Richard","oYiagyqqWrI","platinum"
"3088","Constant Change","Jose Mari Chan","9Vb-CBfBpvo","platinum"
"1628","Constantly","Cliff Richard","OKXP7aDquaw","platinum"
"8327","Constantly","Nina","2hRmzZQez6k","platinum"
"8666","Contest Tayo","Big 3 Sullivans","nmTI28WXOdc","platinum"
"9487","Control","Nancy Jane","9SG1ZVkDjTE","platinum"
"44820","Cookie Jar","Gym Class Heroes","AvwIxmWx_vY","platinum"
"8297","Cool","Gwen Stefani","aP_jXZQ-KTM","platinum"
"5487","Cool Change","Little River Band","Yw_OloxneW8","platinum"
"9953","Cool For Cats","Squeeze","aCXpjoK45fQ","platinum"
"6815","Cool Ka Lang","Prettier Than Pink","UrU2kyonuDE","platinum"
"11673","Cool Off","Session Road","3gvv2UU2tgo","platinum"
"8628","Cool Off","Yeng Constantino","CgEyGDAIG1o","platinum"
"3089","Copacobana","Barry Manilow","hFSiFT8NNmM","platinum"
"3386","Cotton Eye Joe","Rednex","DbToLsMfC3A","platinum"
"0063","Cotton Fields","CCR","_j-GoQeWN9w","platinum"
"2551","Cotton Fields","C.C.R","_j-GoQeWN9w","platinum"
"7768","Could Be Wrong","M.Y.M.P.","eScsNQX2ALc","platinum"
"8591","Could Have Been","Frio","PcECBZYzHNs","platinum"
"9577","Could Have Been","Christian Bautista","j7gYt2_v8rk","platinum"
"8118","Could It Be Any Harder","The Calling","-EzorwgWCPI","platinum"
"3090","Could It Be Magic","Barry Manilow","roq_1svalIc","platinum"
"4189","Could You Be Loved","Bob Marley","88lEu2lXb58","platinum"
"0999","Could've Been","Tiffany","Yai_mU87RyA","platinum"
"6551","Count On Me","Whitney Houston","Vl2aeNaaOyA","platinum"
"9977","Count On You","Tommy Shaw","XGB8gmhwWzU","platinum"
"4190","Country Road","James Taylor","7qrAe-4A6Mk","platinum"
"6945","Cowboy Take Me Away","Dixie Chicks","rj-tnieGkB4","platinum"
"11241","Coz I Believe","Jessa Zaragoza","Yq5n8zE4-F8","platinum"
"9611","Cradle Me This Christmas","Regine Velasquez","Xa-xU5-6mRA","platinum"
"44619","Crank That","Soulja Boy","xKwQSnhZvTA","platinum"
"4256","Crash Boom Bang","Roxette","VXlRG83agyg","platinum"
"8600","Crawl","Marion Raven","e3b66_2K90g","platinum"
"6963","Crawling","Linkin Park","eqfe70PuOS0","platinum"
"44373","Crawling In The Dark","Hoobastank","pW_q89kRsxg","platinum"
"0688","Crazy","Julio Iglesias","FAO-sBjg7gU","platinum"
"44453","Crazy","Aerosmith","i7u6-ieBhwk","platinum"
"8264","Crazy","KC And Jojo","hy3xOj25jg4","platinum"
"8401","Crazy","Simple Plan","0kv4H0hXIyk","platinum"
"9925","Crazy","Gnarls Barkley","nOz8QRycPRo","platinum"
"9518","Crazy About You","Bea Alonzo","TggDcCUDOjg","platinum"
"11024","Crazy Crazy","Pop Girls","Dpuw7AMlDyM","platinum"
"11713","Crazy For This Girl","Evan And Jaron","n0UeYCo0tjU","platinum"
"4375","Crazy For You","Madonna","5NPZG8GWJZs","platinum"
"9847","Crazy For You","M.Y.M.P.","qS3l2UJCl40","platinum"
"7379","Crazy In Love","Beyonce","Po2wzSJPTBk","platinum"
"5288","Crazy Little Party Girl","Aaron Carter","VetZ830MqdA","platinum"
"3388","Crazy Little Thing Called Love","Queen","3snUFerdO_8","platinum"
"2552","Crazy Love","Paul Anka","RIRCQZZHwvM","platinum"
"8833","Crazy Love","Kim Chiu","rGg1gLOWHZg","platinum"
"3389","Cream","Police","8JOePepvAFU","platinum"
"0513","Creep","Radiohead","3WLy3AblvmQ","platinum"
"8049","Crispy Na, Creamy Pa","Andrew E.","LseXlbCqMZg","platinum"
"2843","Crocodile Rock","Elton John & Bernie","QNCXfrfSEvg","platinum"
"5951","Cross My Heart","Everything But Girl","3m4I_YSJBiY","platinum"
"6810","Cross My Heart","Sharon Cuneta","jefQXcSxi8Q","platinum"
"7678","Cruisin'","Gwyneth Paltrow","GKTA_j1IzIE","platinum"
"4303","Crush","Jennifer Paige","suc9Pk0vyWQ","platinum"
"6964","Crush","Mandy Moore","mLAwgj0Y3ag","platinum"
"9446","Crush","David Archuleta","HXlop0dffyM","platinum"
"6107","Crush Kita","Sex Bomb Girls","GQEifnWs6I4","platinum"
"9612","Crush Kitang Talaga","Fruitcake","DDlMboRIB-E","platinum"
"9126","Crush Ng Bayan","Cris Villongco","pZBgDbGVsNE","platinum"
"6965","Cry","Mandy Moore","zNHE859q-gQ","platinum"
"4358","Cry For Help","Rick Ashley","WL4ylJbg8_4","platinum"
"5136","Cry In The Rain","Orient Pearl","ObA_nXqtvuw","platinum"
"2888","Cry Me A River","Joe Cocker","cXKNfnYvIww","platinum"
"44130","Cry Me A River","Justin Timberlake","6w5mdZZtt-Y","platinum"
"44009","Cryin'","Aerosmith","694rvtobq0g","platinum"
"7962","Crying","Roy Orbison","_CvjAzruPQ0","platinum"
"2702","Crying In The Rain","Everly Brothers","x0hTB81xm74","platinum"
"5233","Crying Time","Victor Wood","TrQBdiafcn0","platinum"
"44866","Cut Off Time","Omarion feat. Kat","x__RrmULPjo","platinum"
"7072","Cutie Cute Cute","Mahal And Mura","3NinVENn8Gw","platinum"
"5399","Cuts Like A Knife","Bryan Adams","zXpADJeeDxs","platinum"
"3091","Cycles","Frank Sinatra","3E8anEU9tU4","platinum"
"9942","D. I. S. C. O","Ottawan","W5CAYHksCFk","platinum"
"5915","Dadalhin","Regine Velasquez","F9jL6DFwmHU","platinum"
"2656","Daddy Cool","Boney M.","3MgTweGepyg","platinum"
"9670","Daddy Sana'y Kapiling Ka Sa Pasko","Father And Sons","e5uUAF6k6LA","platinum"
"2804","Daddy's Home","Shep And The...","FVnrXBWCVWU","platinum"
"6109","Dahan-Dahan Naman","Diwata","do10xPWTOU0","platinum"
"6787","Dahan-Dahanin Mo","Marissa Sanchez","SoGbXtpKsaU","platinum"
"11784","Dahil Ba Sa Kanya","Jaya","AEJappIRN2g","platinum"
"8447","Dahil Ikaw","True Faith","jiZnJYJ0pAM","platinum"
"1479","Dahil Mahal Kita","Boyfriends","krDW47ggmaM","platinum"
"11141","Dahil Mahal Na Mahal Kita","Roselle Nava","ezOYRO8jI-Y","platinum"
"9737","Dahil Minahal Mo","Sarah Geronimo","dF8E9wNNjfQ","platinum"
"6922","Dahil Minamahal Kita","Scyld","E5w7EqqbmyM","platinum"
"0521","Dahil Nandito Ka","Miguel Vera","qMBUZTi_0sY","platinum"
"1222","Dahil Sa Isang Bulaklak","Ric Manrique, Jr","vUULe6VeCPE","platinum"
"1331","Dahil Sa Iyo","Pilita Corales","KE2slWB9wMk","platinum"
"6816","Dahil Sa Pag-Ibig","Didith Reyes","Fva4UwK57vQ","platinum"
"9291","Dahil Sa'yo (Sa Himig Ng Aking Gitara)","Hale","WwDClB7wr4E","platinum"
"1104","Dahil Tanging Ikaw","Jaya","rtSrJtz4EDk","platinum"
"5234","Dahong Laya","Visayan","-3cQ-VHpCCE","platinum"
"1142","Daigdig Ng Ala-Ala","Rey Valera","tuzOTIty2oE","platinum"
"7836","Daisy Otso","Keekaayz","zdk2QX6BvMg","platinum"
"7868","Daisy Siete","Sexbomb Girls","ZuaIOljS3zI","platinum"
"6553","Dalawa Kaming Api","Imelda Papin","vFc-Ibf0lb0","platinum"
"9867","Dalawa'y Naging Isa","Michael V. And Spice","aW5Pacmp_Y4","platinum"
"8977","Daliri","Bisrock","iAmqPc6JjIw","platinum"
"11240","Damdamin Ko Sa'yo","Regine Velasquez","-YnXrkOu_5E","platinum"
"8667","Damgo Man Lang","Visayan Song","YYJiOEs3fFk","platinum"
"44207","Damn I Wish I Was Your Lover","Sophie B Hawkins","xrgyCO1xOTQ","platinum"
"7231","Dan Ni Bu Huai","F4","RjIA6OuBXuw","platinum"
"11691","Dance For You","Beyonce Knowles","1TlVkqq0MHA","platinum"
"3092","Dance On Little Girl","Paul Anka","KxHSY1ziVNs","platinum"
"44352","Dance With Me","Debelah Morgan","HbjM0WPpDec","platinum"
"8278","Dance With Me","The Orleans","OzMcQKwP2RA","platinum"
"6554","Dance With Me Tonight","The Wonders","5DjTDOjgxNs","platinum"
"11427","Dance With My Father","Luther Vandross","jpbXaMaGfTA","platinum"
"3093","Dance, Dance, Dance","Brian Wilson / Carl Wilson","Dt6yqvbq37Q","platinum"
"4446","Dancin Queen","Abba","WHayJZ3eMcE","platinum"
"0828","Dancing In The Dark","Bruce Springsteen","UFEAtofaO14","platinum"
"9914","Dancing Shoes","Arctic Monkeys","f51mP-ANRjQ","platinum"
"1664","Dandansoy","Cebuano Song","2Z-VoU1InYQ","platinum"
"9127","Dangal","Vina Morales","zoDYeVcyg7Y","platinum"
"11064","Dangerous","Akon Feat. Kardinal","R9EcdtPEbQc","platinum"
"8265","Dangerous","Roxette","dR_k0KzeUgM","platinum"
"8472","Dani California","Red Hot Chili Pepper","r4wFjeDlQ6U","platinum"
"2839","Daniel","Elton John","1cxjrMbkYls","platinum"
"5093","Danny Boy","Conway Twitty","JQotZFCyats","platinum"
"0703","Danny's Song","Kenny Loggins","HDmDEUkLkMw","platinum"
"6924","Dapat Malaman Mo","Rica Peralejo","V31VW4-sGnI","platinum"
"15005","Dark Side","Kelly Clarkson","0BMLyPQH3qI","platinum"
"11196","Darkside Of The Sun","Tokio Hotel","suGmJM4563s","platinum"
"5712","Dama","Jenine Desiderio","dRtIVxbI9gk","platinum"
"7432","Dati Pa","Aiza Seguerra","0BkfhxbQt4I","platinum"
"5577","Dating Damdamin","Jaya","7djDLx0quVc","platinum"
"8231","Daughter","Pearl Jam","N1t_XYLhDh4","platinum"
"8668","Dawat Ko","Ilocano Song","XXuExLJOeK0","platinum"
"2998","Day Tripper","The Beatles","QurgjrIgfWM","platinum"
"5235","Dayang Daya","Yoyoy Villame","jgq_4JBYnkE","platinum"
"11709","Daydreamer","Adele","7zmqUZcg48Q","platinum"
"3802","De Do Do Do","The Police","TF3jkjva_BQ","platinum"
"4259","Deacon Blues","Steely Dan","wOvh3xPgeJI","platinum"
"44842","Dead & Gone","T.I. & Justin Timberlake","siI1X55ZrS8","platinum"
"9128","Dear Ana","J. Brothers","r-hR4YfV0Zk","platinum"
"9129","Dear Angie","Renz Verano","YDQSkNnlT1g","platinum"
"5290","Dear Heart","Matt Monro","avtlRFx9m7w","platinum"
"9672","Dear Heart","Sharon Cuneta","FAyJSsEV1z4","platinum"
"9304","Dear Kuya","Sugarfree","UQjal26WlGw","platinum"
"8124","Dear Lie","TLC","2PRwXiTkQMk","platinum"
"11380","Dear Mr. President","P!nk","-IhT7qnrj2Q","platinum"
"6407","Dear Prudence","The Beatles","_Z9WvGbDkYE","platinum"
"11235","December","Collective Soul","9odWJ9GE0qw","platinum"
"7219","Deck The Halls","Various","tpr_9esr9Sc","platinum"
"9650","Decode","Paramore","n3HDjAAvhQY","platinum"
"2914","Dedicated To The One I Love","Carpenters","XFnlmWRUGQc","platinum"
"1334","Deep In My Heart","Jose Mari Chan","tM6C1gZX82k","platinum"
"1452","Deep In My Soul","Acosta & Russell","tQhctTUfKSQ","platinum"
"11374","Deep River Woman","Lionel Richie","N_KkeW7jaHM","platinum"
"7957","Deeper Underground","Godzilla Theme","WIUAC03YMlA","platinum"
"8551","Define","Hilera","Z44liw0pBds","platinum"
"9559","Dehado","Hilera","FUleH8uuB88","platinum"
"6925","Dejavu","Dionne Warwick","cRmwHffH0Aw","platinum"
"9768","Dek-A-Doodle-Dandy","Duster","h18uSkbppT0","platinum"
"9538","Deliciosa","Mocha Girls","WaVy5Tp_CK4","platinum"
"2674","Delilah","Tom Jones","qMgjT6ZIT9M","platinum"
"11371","Delirious","David Guetta","4AcJm6M05YA","platinum"
"11613","Delivery Boys","Somedaydreams","JPe0CU3sChM","platinum"
"6556","Desert Moon","Dennis De Young","yiFwLzrY388","platinum"
"9130","Desert Rose","Sting","akOZg3zC2l0","platinum"
"7380","Design For Love","Jay-R","KAtSb6msmc8","platinum"
"0817","Desperado","Eagles","QNkM8K0e3hQ","platinum"
"5139","Destiny","Jim Brickman","p-XmzVo_WiU","platinum"
"0944","Devil With A Blue Dress On","Mitch Ryder","WFKsOjzDAq8","platinum"
"1539","Devoted To You","Everly Brothers","5nRLBw04qsk","platinum"
"9462","Di Bale Na Lang","Jericho Rosales","v3I717GTrRs","platinum"
"6788","Di Ba't Ako'y Tao Rin","Ric Manrique","EDBSnQ5DSTQ","platinum"
"0141","Di Ba't Ikaw","Jessa Zaragoza","6-6fv6geqmw","platinum"
"9131","Di Bat Sinabi Mo","J Brothers","Jl0X9fpt1sw","platinum"
"9273","Di Ka Makuha Sa Tingin","Danita","wvN3g3Weg_s","platinum"
"7789","Di Ka Malimutan","Ricardo Labo","C-dwXn-mMBA","platinum"
"9132","Di Ka Nagkulang","Leah Navarro","65FukWzFu9g","platinum"
"5954","Di Karapat-Dapat","Salbakutah","LfiGmev1T-I","platinum"
"8955","Di Kasi","Moonstar 88","3K8ChDwShgA","platinum"
"6817","Di Ko Kaya","Teenhearts","t2s9pYVPLOM","platinum"
"7812","Di Ko Kaya","Eric Santos","xW4BnO3EuE4","platinum"
"11837","Di Ko Kayang Limutin","Liezel Garcia","uuwD7Shz7po","platinum"
"7272","Di Ko Kayang Tanggapin","April Boy Regino","4P87RbwbAG0","platinum"
"7433","Di Ko Na Kaya","Carmela Cuneta","mYeuHJA6jRU","platinum"
"6110","Di Ko Na Mapipigilan","Sexbomb Girls","-2IqXcmOeRU","platinum"
"9830","Di Ko Sadya","Jay-R","5EfqqD7CmPE","platinum"
"11047","Di Lang Ikaw","Juris","7IziBfOUdGk","platinum"
"7649","Di Madadala Sa Langit","April Boy Regino","vGuVvG3RsSE","platinum"
"9133","Di Magbabago","Claire Dela Fuente","9Apy1PhLeYk","platinum"
"9868","Di Magdadalawang Isip","Jolina Magdangal","75Gflcbz1tM","platinum"
"5955","Di Malimot Ang Iyong Halik","Renz Verano","fNUrJBH1Brk","platinum"
"6739","Di Mo Ba Alam","Parokya Ni Edgar","7eGc7R69LYM","platinum"
"9134","Di Mo Lang Alam","Bing Rodrigo","elQ1hjlxazA","platinum"
"9135","Di Mo Pansin","J Brothers","hrmjAQROK6g","platinum"
"9136","Di Na Ako","Renz Verano","VnHiON_J3Zo","platinum"
"11395","Di Na Ako Iibig Pang Muli","April Boy Regino And","q8MP505uFHs","platinum"
"9390","Di Na Ganun","Yeng Constantino","w9dtJLxxyf8","platinum"
"9137","Di Na Iibig Pa","J Brothers","tIzuULR_koQ","platinum"
"5236","Di Na Ko Aasa Pa","Introvoys","H6RqJRCWPT4","platinum"
"9673","Di Na Lalayo Sa Pasko","Father & Sons","cTRs2JDZE4U","platinum"
"9549","Di Na Mababawi","Spongecola","ZD3qmtSZHTk","platinum"
"5291","Di Na Magdadal'wang Isip","Jolina","Qe1ZnMpBk8M","platinum"
"11662","Di Na Mag-iisa","Jonalyn Viray","JvmobwTiZ8s","platinum"
"6740","Di Na Muling Iiwan","Maricel","QGN-9gmS_qo","platinum"
"1049","Di Na Natuto","Gary Valenciano","9RwF_758prc","platinum"
"8190","Di Nag-lisa","Regine Velasquez","CO9Tpccf4uM","platinum"
"9831","Di Nagpaalam","Brenan","dqM5EoZLv4Q","platinum"
"3095","Di Pa Huli","Side A","ppXiJR7bpqA","platinum"
"5956","Di Pwede Kitang Mahalin","Girl Talk","Ruc9WERE5wE","platinum"
"7601","Di Pwede Yan","Sexbomb Girls","6iLn9-Nq_iI","platinum"
"5237","Di Totoo","Imelda Papin","PvDWi9ra_yQ","platinum"
"3096","Diana","Paul Anka","lk7wtCxOME4","platinum"
"4351","Diary","Bread","LZAdidauMGM","platinum"
"44252","Diary","Alicia Keys","0tC7a-WQ5Tw","platinum"
"8328","Diba","Nina","Lyxjo0XPnNE","platinum"
"11392","Did It Ever","Gary V.","yZffYQlwxl8","platinum"
"6187","Didn't I","Carly Simon","HzZyn-8wyFM","platinum"
"1652","Didn't We Almost Have It All","Whitney Houston","16MeABER5xg","platinum"
"9493","Die Just A Little","Side A","5zBjvzzjnSc","platinum"
"8956","Different Worlds","Pupil","Ah_w6yjQvt0","platinum"
"8669","Dikanton Malipatan","Ilocano Song","RxmIugnfxPU","platinum"
"6557","Dilemma","Nelly","lnClffG9XzQ","platinum"
"8670","Dinak Kad","Ilocano Song","a4784ClhLGU","platinum"
"8834","Dinamayan","6 Cycle Mind","qEp-iwCpqLY","platinum"
"44067","Dip It Low","Christina Milian","SZVDqbMCbNw","platinum"
"8459","Direction","Slapshock","6w724I7O8fo","platinum"
"8957","Director's Cut","Kamikaze","eskYXvEvseQ","platinum"
"7096","Dirrty","Christina Aguilera","c7yiLwBKu4E","platinum"
"11606","Dirty Dancer","Enrique Iglesias","bcC6OgAG1W0","platinum"
"7105","Disco Fever","Vic Sotto","ulyxLxgsO7c","platinum"
"8266","Disco Inferno","The Trampps","7re_S7Fu7eM","platinum"
"9420","Disconnection Notice","Pupil","fyO7nyKJh4E","platinum"
"6189","Discotheque","U2","n0aEiisuQpk","platinum"
"6926","Disease","Matchbox 20","q3g7BlYoszw","platinum"
"11328","Disney","Tanya Markova","9UbXOtVChQE","platinum"
"9376","Disposable (Irreplaceable)","Tagalog Version","iyo9rLu_D8w","platinum"
"9377","Disturbia","Rihanna","vDfV_n-HiNA","platinum"
"1180","Dito Ba","Kuh Ledesma","peon4TkGJl0","platinum"
"1217","Dito Sa Aking Mundo","Richard Reynoso","dtklqt9Hjrw","platinum"
"4938","Dito Sa Isang Tabi","Jessa Zaragoza","aMDAzXAr0cA","platinum"
"9500","Dito Sa Puso","Lovi Poe","2TNtrOUBcJQ","platinum"
"5140","Dito Sa Puso Ko","Jaya","Jao-T_qlHeM","platinum"
"9568","Diva Ka","Sexbomb Girls","EndKcrK8YEE","platinum"
"6111","Divisoria","Juan Dela Cruz","b1TkXrHbqxc","platinum"
"8897","Diwata","Brownman Revival","_htZEGAfRDc","platinum"
"6741","Diyan Sa Buhay Mo","Siakol","u7X_AdYSHJA","platinum"
"7278","Diyos Lamang..","Cely Bautista","oVRonDd_ZlU","platinum"
"9037","Dj Bumbay","Michael V.","M5DFoLtaZog","platinum"
"11390","DJ Got Us Falling In Love Again","Usher Ft. Pitbull","Z0_s6IozCUA","platinum"
"11753","Do I Have To Cry For You","Nick Carter","oh8O_KuCkHc","platinum"
"0288","Do I Have To Say The Words","Bryan Adams","t3NWM-ej5ms","platinum"
"2916","Do It Again","Steely Dan","VjuOU0orMmE","platinum"
"6952","Do It On My Own","Whitney Houston","MBIHLqvrUHI","platinum"
"44642","Do It Well","Jennifer Lopez","7SPyjLiKN4c","platinum"
"0431","Do Re Mi","Julie Andrews","PE4ekOAv0jM","platinum"
"8207","Do Something","Britney Spears","VYgrRoWbAh8","platinum"
"2745","Do That To Me One More Time","Captain & Tennille","EInepvGW4sU","platinum"
"5101","Do They Know Its Christmas Time","Band Aid","FEZ5GOCcC0k","platinum"
"11343","Do Wah Doo","Kate Nash","NAb-aj1ulMo","platinum"
"9038","Do You Believe In Me","Eric Gadd","qW1gTsR0KK8","platinum"
"3463","Do You Hear What I Hear","Christmas Song","jHRS9ybQpg4","platinum"
"11437","Do You Know Me","John Mayer","m2TfIrRidGk","platinum"
"0043","Do You Know The Way To San Jose","Dionne Warwick","BsTqSPMZAg8","platinum"
"1633","Do You Know Where You're Going To","Diana Ross","KGpX-r2Sta8","platinum"
"2938","Do You Really Want To Hurt Me","Culture Club","QP2gth28Lbg","platinum"
"3402","Do You Remember","Phil Collins","o-xyGOno2-Y","platinum"
"0800","Do You Think I'm Sexy","Rod Stewart","sljjSo99CEA","platinum"
"3403","Do You Wanna","Modern Talking","3n4-QR5joSk","platinum"
"0432","Do You Wanna Dance","Mamas & The Papas","7_Zsg8SgFXQ","platinum"
"44816","Do You Want To","Franz Ferdinand","t1wiaaSBfAQ","platinum"
"0052","Do You Want To Know A Secret?","Beatles","Bhsx8Ag90JA","platinum"
"8616","Dododo, Dadada","Willie Revillame","bEamGci6fEk","platinum"
"5353","Does Anybody Know What Time Is It","Chicago","o0p6iGJllSM","platinum"
"6191","Does My Heart Beat Now","Celine Dion","ufZdn-7O5K0","platinum"
"3098","Does Your Mother Know","Abba","tRLGpY8ErGk","platinum"
"44888","Doesn't Mean Anything","Alicia Keys","nE1ZCssTYTw","platinum"
"5102","Doin' The Best I Can","Elvis Presley","PFNKhoZi5F0","platinum"
"4939","Dolor","Visayan Song","wnI8zzw0n1c","platinum"
"6192","Domino","Kiss","xUP_PWeJ1ms","platinum"
"8258","Don Romantiko","Vhong Navarro","d2XDOFUpTp8","platinum"
"6193","Donna","Richie Valens","lIcT5M_na4c","platinum"
"6194","Donna Donna","Joan Baez","ncpBZCYgaio","platinum"
"3099","Don't","Elvis Presley","091Nz-TAPW8","platinum"
"44432","Don't","Shania Twain","bK2MDu4XlAY","platinum"
"5124","Don't Be Afraid To Love","Nonoy Zuniga","x7N80Ovf7L4","platinum"
"3101","Don't Be Cruel","Elvis Presley","ONdGZPs9Ubo","platinum"
"44799","Don't Bother","Shakira","qlrSn1c0jnY","platinum"
"5754","Don't Call Me Baby","Madison Avenue","fdKqNM1mo5Q","platinum"
"8377","Don't Cha","Pussy Cat Dolls","ISn1-RwoNN0","platinum"
"8277","Don't Cha Wanna Ride","Joss Stone","MmakUHYT1lI","platinum"
"8153","Don't Chain My Heart","Toto","PnbMLmAbFh4","platinum"
"6969","Don't Cry","Guns & Roses","L3eV3CSj6kw","platinum"
"5800","Don't Cry For Me Argentina","Madonna","pu8qJRJmf-E","platinum"
"0181","Don't Cry Joni","Conway Twitty & Joni Lee","q-keOdf57jU","platinum"
"5354","Don't Cry Out Loud","Nuntida Kaewbuasai","dqFXUnBrcG8","platinum"
"8005","Don't Cry Out Loud","Rachelle Ann Go","jPabacaJYUk","platinum"
"6558","Don't Dream It's Over","Crowded House","bzg25xhxD0s","platinum"
"5355","Don't Dream It's Over","Crystal Gale","JQXExl0ozwE","platinum"
"5578","Don't Ever Go","Eddie Peregrina","yDw-i_1acGM","platinum"
"0739","Don't Ever Leave Me","Paul Anka","fGDY8BgAIso","platinum"
"1577","Don't Fade Away","Acosta & Russell","ZozEmio6JHc","platinum"
"8416","Don't Forget About Us","Mariah Carey","fl-SFxXS_w0","platinum"
"2553","Don't Forget To Remember","Bee Gees","VQJKXVy67K0","platinum"
"9674","Don't Give Me Your Promise","Ariel Rivera","568J1nflevk","platinum"
"9039","Don't Give Up On Us Baby","David Soul","0dEjrRqk3wY","platinum"
"8054","Don't Give Your Love Away","Jack Jones","jJnvVxeeJhc","platinum"
"3397","Don't Go Breakin' My Heart","Elton John","OPmFTDWoW60","platinum"
"11711","Don't Have To Lose","Michael Learns To Rock","7BN8jwkP970","platinum"
"1338","Don't Know Much","Linda Ronstadt","MEiZQJFM6UM","platinum"
"8051","Don't Know Much","Don Mclean","MEiZQJFM6UM","platinum"
"1420","Don't Know What To Do","Ric Segreto","nxtzuzmwb7M","platinum"
"3398","Don't Leave Me This Way","Thelma Houston","BmRgVyXvqXo","platinum"
"8212","Don't Let It End","Styx","eCA_rGtx9TI","platinum"
"4193","Don't Let Me Be Lonely","James Taylor","_dBKWyhPNfs","platinum"
"0930","Don't Let Me Be Misunderstood","David Soul","MfkfUgpY9GA","platinum"
"7959","Don't Let Me Be The Last To Know","Britney Spears","Jfwn7iANqdU","platinum"
"3806","Don't Let Me Down","Beatles","Bz37T5rXs5Y","platinum"
"8228","Don't Let Me Get Me","Pink","G1oqQirjWjc","platinum"
"8276","Don't Lie","Black Eyed Peas","KMTSn-jLHAg","platinum"
"5393","Don't Look Back In Anger","Oasis","GH5Brf0JPtA","platinum"
"0641","Don't Look In My Eyes","Sam Harris","QfDOi23a7gk","platinum"
"0933","Don't Lose My Number","Phil Collins","igfvs8AhWRM","platinum"
"8269","Don't Love You No More","Craig David","Pwfr216v_LI","platinum"
"0032","Don't Make Me Over","Dionne Warwick","ZuY8EvV7Bwg","platinum"
"8835","Don't Matter","Akon","D2txpf6znac","platinum"
"8247","Don't Phunk With My Heart","Black Eyed Peas","wPiF2LPInmo","platinum"
"6852","Don't Say","Paulina Rubio","2EvgdslkYGw","platinum"
"1260","Don't Say Goodbye","Human Nature","aREXoUnQDy4","platinum"
"3102","Don't Say Goodbye","Pops Fernandez","ChgoXljJxVE","platinum"
"6743","Don't Say Goodbye","Eddie Peregrina","ZR0mpdSXaqk","platinum"
"8853","Don't Say Goodbye","Rachelle Ann Go","SZHagz5QdIo","platinum"
"11411","Don't Say You Love Me","Kissy & Ericka","FKfdrLyvbbo","platinum"
"4316","Don't Say You Love Me","The Corrs","Oof9k2dcwFw","platinum"
"5141","Don't Say You Love Me","M2m","UTQORoVbPXs","platinum"
"3103","Don't Speak","No Doubt","JtiocB8PYPs","platinum"
"8267","Don't Stop Believin'","Journey","c8wn2fMYvns","platinum"
"9948","Don't Stop Moving","S Club 7","Naf-AC9cyGQ","platinum"
"8967","Don't Stop The Music","Rihanna","BjPvurSTElg","platinum"
"11600","Don't Stop The Party","The Black Eyed Peas","LWsIzNeQr88","platinum"
"7912","Don't Take Away My Heart","Modern Talking","nXyoBfSBUf8","platinum"
"1557","Don't Take Away..","Fra Lippo Lippi","zzh20CxGCmY","platinum"
"6378","Don't Tell Me","Madonna","GUC0XOMKaDg","platinum"
"7869","Don't Tell Me","Avril Lavigne","AFPBxEgIo2Y","platinum"
"11169","Don't Tell Me That It's Over","Amy Macdonald","B-fRKpXohUY","platinum"
"9139","Don't Tell Me You Love Me","The Cars","Ug_OM0WzVmA","platinum"
"11256","Don't Think I Can't Love You","Jake Owen","9RdmwkDFt1I","platinum"
"11263","Don't Think I Don't Think About It","Darius Rucker","V8mAkX_SW-4","platinum"
"0294","Don't Think Twice","Celine Dion","5j4cWXILFZ4","platinum"
"11540","Don't Tie Me Down","Kyla","6w7sxdFKX84","platinum"
"3400","Don't Turn Around","Ace Of Base","K7QPqoAS90Q","platinum"
"11812","Don't Wanna Go Home","Jason Derulo","YBrufxkANBM","platinum"
"1481","Don't Wanna Lose You","Gloria Estefan","HIUNWJb87yk","platinum"
"11493","Don't Want To Leave You","Scouting For Girls","UT34S7PSp40","platinum"
"44647","Don't Waste Your Time","Kelly Clarkson","14C6YmADzmg","platinum"
"7203","Don't Worry Be Happy","Bobby Mcferrin","L5SpK4yJBhM","platinum"
"6388","Don't You Forget About Me","Simple Minds","OozUwqWbXzc","platinum"
"0051","Don't You Want Me","Human League","6W0LSjeJiAM","platinum"
"9519","Doo Bee Doo","KC Concepcion","LJl3s9_cdKE","platinum"
"8479","Doo Bi Doo","Kamikazee","g3Oj4N1XUYQ","platinum"
"1241","Doon","Richard Reynoso","mXBThKaVaxE","platinum"
"1558","Doon Lang","Nonoy Zuniga","2DOA9X5QOnI","platinum"
"1482","Doors","Michael Johnson","ywm77POHDf8","platinum"
"3807","Do-Re-Mi","The Sound Of Music","PE4ekOAv0jM","platinum"
"0613","Down By The Riverside","Mel & Lyr","7aNV6IXJ_q0","platinum"
"11253","Down The Road","Kenny Chesney","b6HRkA9brXs","platinum"
"11495","Down To Earth","Justin Bieber","kj1hjnfesuc","platinum"
"11382","Down With The Sickness","Disturbed","iRh8bR8u3Dc","platinum"
"7973","Downtown","Petula Clark","pZKEwtUwpBg","platinum"
"6970","Dr. Jones","Aqua","4X6uLaKhXAE","platinum"
"9040","Dragonfly","Spongecola","Y4h1SvDhySQ","platinum"
"7626","Draw Me Close","Gospel Song","aBB-1Bquv40","platinum"
"3407","Dream A Little Dream","Beautiful South","XvKN53UjGSw","platinum"
"1002","Dream About You","Stevie B.","EWkqvY8iK5c","platinum"
"2929","Dream Baby","Glen Campbell","dzidpzgr3ZE","platinum"
"1341","Dream Lover","Mariah Carey","5gK5updlrJQ","platinum"
"0336","Dream On","Nazareth","uLzPttz1V8g","platinum"
"1340","Dreamin'","Cliff Richard","-tDlZSjkF-w","platinum"
"4330","Dreaming Of You","Selena","rc1QFDlK_Kc","platinum"
"11213","Dreaming With A Broken Heart","John Mayer","SLmx_dI6fwc","platinum"
"6661","Dreams","Cranberries","cnTQFPdPQLM","platinum"
"7982","Dreams","The Corrs","ZBetO9ank10","platinum"
"9590","Drift","Cueshe","ZllZEMKdheY","platinum"
"9970","Drift Wood","Tevis","zzUdJ-5fscA","platinum"
"11559","Drive","Chris Cayzer","Jis_KTNMR-s","platinum"
"1342","Drive","The Cars","u1wgzssax0M","platinum"
"7796","Drive","Incubus","eywQItc27C4","platinum"
"0419","Drive My Car","Beatles","9gVibbuOGrU","platinum"
"2981","Drivin' My Life","Even Steven","Pz8yHXbaNvQ","platinum"
"11151","Drops Of Jupiter","Train","68HfJMN5YUQ","platinum"
"6971","Drowning","Backstreet Boys","KMFTApGWkkU","platinum"
"9964","Dry Your Eyes Mate","The Streets","gVZr-zu-YDc","platinum"
"7060","Dub I Dub","Me And My","Ya1Lsj_KF64","platinum"
"0859","Dude Looks Like A Lady","Aerosmith","GKFHiK4JGJk","platinum"
"11214","Duffle Bag Boy","Playas Circle Ft. Lil Wayne","kQPDpK4dSFE","platinum"
"6957","Dukha","Aegis","EKD8fd5eMrk","platinum"
"9276","Dulce Tirah Tirah","LUA","65Mb6GcqZ6A","platinum"
"6196","Dum Dum Diddle","Abba","SmZs9iHWSf8","platinum"
"6197","Dumb","Nirvana","Qg9LnkVWMYI","platinum"
"9675","Durian","Joey Ayala","Q_MNCWcdUBw","platinum"
"2557","Dust In The Wind","Kansas","GKlOQWXTZcw","platinum"
"8542","Dvd X","Sandwich","WehM_Ldw4W0","platinum"
"6182","D'yer Maker","Sheryl Crow/Unplug","79nLzYeX5yE","platinum"
"0504","Dying Inside To Hold You","Timmy Thomas","biMjS4zN6WQ","platinum"
"11359","Dynamite","Taio Cruz","348-jO8z__Y","platinum"
"6974","Engelbert Humperdinck Medley","Engelbert Humperdinck","s2_wuxtzd4g","platinum"
"11570","E.T.(Remix)","Katy Perry Ft. Kanye West","Xe1GN7SFMbk","platinum"
"8913","E2y-E2y","Phylum (Barock)","tbpJbbJraQg","platinum"
"1661","Each Day With You","Martin Nievera","uHp7YXWWksY","platinum"
"9305","Eargasmic","Dice And K9","msisHOGAvY4","platinum"
"9140","Early In The Morning","Jose Mari Chan","7h2UHGlQJgs","platinum"
"9240","Early Winter","Gwen Stefani","Udl6kSM_-vg","platinum"
"4196","Easy","Lionel Richie","fqF5JelsRcQ","platinum"
"44800","Easy","Sugababes","3sm9It95t-I","platinum"
"8102","Easy","Faith No More","m6-HBlK3sQg","platinum"
"2911","Easy Lover","Phil Collins","w-Y1wyC1jeI","platinum"
"2723","Ebb Tide","Pat Boone","gbsGzTAV7IQ","platinum"
"2852","Ebony And Ivory","Paul Mccartney &","lYP7Ibvy_uk","platinum"
"8325","Eddie's Song","Mayonnaise","8lPqh8MFNO0","platinum"
"2558","Edelweiss","Julie Andrews","NO1XhVeT4pc","platinum"
"11599","Edge Of Glory","Lady Gaga","lhh-ajANmcI","platinum"
"11188","Eenie Meenie","Sean Kingston Ft. Justin Bieber","KosDA_A_jpE","platinum"
"44443","Eensy Weensy Spider","Traditional","uNPYfm4Jfj8","platinum"
"11345","Eh Eh (Nothing Else I Can Say)","Lady Gaga","fcbFzHu8G5U","platinum"
"2999","Eight Days A Week","The Beatles","qtr3EdRH3gM","platinum"
"5023","El Mundo","Engelbert Humperdinck","aAX_p13Idwo","platinum"
"5781","El Shaddai","M.Velarde","clt8BoHb0JE","platinum"
"3413","Eleanor Rigby","Beatles","dPQlYccWs2g","platinum"
"7489","Electric Blue","The Cranberries","NaJSHJbFhW4","platinum"
"11656","Electric Youth","Debbie Gibson","ApOI2NSA5y0","platinum"
"6859","Electrical Storm","U2","1LlHIo4-Bu8","platinum"
"0307","Elesi","RIVERMAYA","5DojxsfqkHg","platinum"
"11677","Elevation","U2","qNqCTC7YhHY","platinum"
"44622","Elevator","Flo Rida & Timbaland","Rg4Sc8uYqCg","platinum"
"44661","Elvis Ain't Dead","Scouting For Girls","z3kBUkzKzl0","platinum"
"6973","Elvis Presley Medley","Elvis Presley","aCmbCgjKYA8","platinum"
"9546","Ely Buendia","Soapdish","8wfL_wKCjFk","platinum"
"4928","Email My Heart","Britney Spears","6CrKU-DLt9A","platinum"
"9378","Emily","Paraluman","bxB-VseQrMA","platinum"
"0686","Emotion","Beegees","vELDBHbkIhQ","platinum"
"6525","Emotion","Destiny's Child","kw6xQl0snVo","platinum"
"11447","Empire State Of Mind","Jay-Z ft Alicia Keys","52WbRVGAUBI","platinum"
"5356","End Of The Road","Boyz II Men","RWB_C147QbI","platinum"
"1343","End Of The World","Carpenters","WcDZIznJzgY","platinum"
"2561","Endless Love","Diana Ross & Lionel Ritchie","yYgFs1_BUV0","platinum"
"7627","Endless Love 1 Theme","Lara Morena","JfSo4tYDDQs","platinum"
"3105","Englishman In New York","Sting","pZBNshhFVTg","platinum"
"8802","Englisira","Missing Filemon","gBgXsOkSUX8","platinum"
"6860","Enola Gay","O.M.D","ADFAqOeP6V4","platinum"
"6062","Enter Sandman","Metallica","1eZcmOkHccA","platinum"
"1344","Enveloped Ideas","Dawn","yrFD2HdZNzk","platinum"
"7916","Erase, Rewind","The Cardigans","Q6n_8UfvNPQ","platinum"
"6467","Errie My Love","Ray Charles","6YM1fcmUZx0","platinum"
"5088","Escapade","Janet Jackson","EwkFvH8jel0","platinum"
"6559","Escape","Enrique Iglesias","pRregxUT1LQ","platinum"
"5875","Esem","Yano","aSKUfgAdLqw","platinum"
"0685","Especially For You","Kylie Minogue","L48ZimFM-6U","platinum"
"7279","Esperanza","April Boy Regino","q0jCdoFMs1U","platinum"
"9379","Espesyal Mamon","Meatbytes","DR_j6ee-j6g","platinum"
"3817","Estudyante Blues","Freddie Aguilar","5KnNqaLtXRM","platinum"
"1751","Etcetera","VST And Co.","upP3lSe-NyI","platinum"
"4297","Eternal Flame","Bangles","rV5NCv24FWI","platinum"
"8168","Eternal Flame","Atomic Kitten","-eZ81jcbW5c","platinum"
"3108","Eternally","Victor Wood","Jj_hCagVn2o","platinum"
"9467","Eternally","Mark Bautista","Jj_hCagVn2o","platinum"
"7838","Eto Na","Paolo Santos","Ery5WH5wmUQ","platinum"
"9342","Eto Na Ang Summer","Callalily","NScfSGnsCQA","platinum"
"11144","Evacuate The Dance Floor","Cascada","-mEJD_DDZbI","platinum"
"1560","Even If","Jam Morales","rYJqg-ZE8SE","platinum"
"8909","Even If","Sam Concepcion","wjwiWT7w8tU","platinum"
"4197","Even Now","Barry Manilow","RO4LNLy4ud8","platinum"
"6929","Even The Nights Are Better","Air Supply","mszM6TkVWKg","platinum"
"0681","Evergreen","Barbara Streisand","OgPLNhBJD3Y","platinum"
"6716","Evergreen","Westlife","WlJ5TvbU87U","platinum"
"3826","Evergreen Tree","Cliff Richard","9poIdKbtWl4","platinum"
"5142","Everlasting Love","The Company","Is2RjnBufVE","platinum"
"6790","Everly Brothers Medley","E.Brothers","PclWFnE5_SA","platinum"
"9676","Eversince","Zsa Zsa Padilla","gsKWcUD_Z0c","platinum"
"8530","Eversince The World Begun","Survivor","NfNgX8-62Hs","platinum"
"0410","Every Breath You Take","The Police","gKjIiaAXfDs","platinum"
"3110","Every Little Thing She Does Is Magic","The Police","0VIezoW1VNM","platinum"
"11271","Every Mile A Memory","Dierks Bentley","zr3RULT532o","platinum"
"8285","Every Now And Then","Earth, Wind And Fire","A1faqnHOptc","platinum"
"8270","Every Rose Has Its Thorn","Poison","eJOtvSzsZk0","platinum"
"11705","Every Teardrop Is A Waterfall","Coldplay","Enc1S7TA27c","platinum"
"2756","Every Time You Go Away","Paul Young","F2Bmiamkj84","platinum"
"9900","Every Time You Turn Around","Daughtry","4LgGW7w624I","platinum"
"3112","Every Woman In The World","Air Supply","lflcA578WVI","platinum"
"1004","Everybody","Madonna","LI-LfTOmveE","platinum"
"11308","Everybody","Keith Urban","XW2RXpycDA4","platinum"
"7306","Everybody","Back Street Boys","keejy6-6xt4","platinum"
"8154","Everybody Dance Now","C&C Music Factory","BqWho1BZWDY","platinum"
"11785","Everybody Knows (We're Through)","Engelbert Humperdinck","FscDQYD-Z8s","platinum"
"6791","Everybody Loves A Clown","The Playboys","m1BW40nVW_k","platinum"
"9141","Everybody Loves Somebody Sometimes","Dean Martin","6vxY4GTssSg","platinum"
"6410","Everybody Plays A Fool","Aaron Neville","KlXkmkmVdY8","platinum"
"0539","Everybody Wants To Rule The World","Tears For Fears","OBzl83j-8IE","platinum"
"3113","Everybody's Everything","Carlos Santana","BsIooY81tmQ","platinum"
"8052","Everybody's Fool","Evanescence","kzAre14LqGI","platinum"
"3415","Everybody's Talkin'","Harry Nilsson","MezaDpMCOOo","platinum"
"1483","Everyday","Agot Isidro","bx8BDG2-u2k","platinum"
"6861","Everyday","Bon Jovi","5uSTrLD-Vvg","platinum"
"9142","Everyday","Renz Verano","TPM42fKvcIM","platinum"
"5441","Everyday I Love You","Boyzone","bfXwC1RHzVw","platinum"
"8602","Everything","Michael Buble","Ram99df_B-0","platinum"
"0518","Everything Counts","Depeche Mode","nutB7i8dyu4","platinum"
"2851","Everything I Own","Bread","aaJwugoNayU","platinum"
"9778","Everything I Own","Gain Maandangal","0ZBs517zZ8Y","platinum"
"8394","Everything You Do","Christian Bautista","xWwBNY8uTAs","platinum"
"7325","Everything You Want","Vertical Horizon","6oFMydVo5Jc","platinum"
"11433","Everytime","Frencheska Farr","bUlPjPHhAqg","platinum"
"5488","Everytime","A1","TMSNorKEl3E","platinum"
"7681","Everytime","Britney Spears","2EaDDg5tVUg","platinum"
"5359","Everytime I Close My Eyes","Babyface","PGl-VtEexnk","platinum"
"1561","Everytime I See You","Fra Lippo Lippi","eE8KuTbO-q8","platinum"
"11090","Everytime We Touch","Cascada","xCXL1WynTHU","platinum"
"44174","Everytime You Go Away","Paul Young","F2Bmiamkj84","platinum"
"6862","Everywhere","Michelle Branch","nRSvkKymHOA","platinum"
"3114","Everytime You Go Away","Paul Young","F2Bmiamkj84","platinum"
"7327","Ewan","Apo Hiking","9AtpnFEQnGs","platinum"
"8836","Ewan","Imago","t4Rh3cmIGao","platinum"
"3417","Exhale (Shoop Shoop Song)","Whitney Houston","vKlACRrxxxs","platinum"
"3116","Exodus","Bob Marley","RbyX4YtI4Is","platinum"
"1005","Explosion","Menudo","t9YLf1ZoHkY","platinum"
"11522","Express Highway","Bloomfields","z_A0qYoNB_M","platinum"
"1484","Eye In The Sky","Alan Parsons Project","BQ3pKsLi2kk","platinum"
"0805","Eye Of The Tiger","Survivor","83ZFZPhxskc","platinum"
"6863","Eyes On Me","FF8 Theme Song","BLWk0Rgr478","platinum"
"11532","Eyes Wide Shut","Jls Ft Tinie Tempah","QfCzKJJivjM","platinum"
"0317","F.L.A.M.E.S.","Jeffrey Hidalgo","4w7i_TbBiKU","platinum"
"8383","F.U.","Bamboo","e8pdh3szrOE","platinum"
"11215","Face Down","The Red Jumpsuit","sSvVzYW7ea8","platinum"
"7307","Face To Face","Peter Paul & Mary","Ld6fAO4idaI","platinum"
"9000","Fade","Orange And Lemons","av6O-H1ioJc","platinum"
"3427","Fading Like A Flower","Roxette","OpBps4yis74","platinum"
"7870","Faint","Linkin Park","GXLsJNFNWn8","platinum"
"6793","Fairshare","Ogie Alcasid","vWT3X98-fHc","platinum"
"9769","Fairytale","Alexander Rybak","IB2iAQ1BB8U","platinum"
"9962","Fairytale Of New York","The Pogues","9uGuvWL4EwI","platinum"
"0862","Faith","George Michael","vwLAD5v-XNo","platinum"
"7839","Faith In Me","Mandy Moore","t017-X_f6o8","platinum"
"0466","Faithful","Go West","5KaVycWjw6Q","platinum"
"3420","Faithfully","Journey","mcEivPqruow","platinum"
"8671","Fake, Fake, Fake","Milyo Naryo","RWwepG80_Lc","platinum"
"11259","Fall","Clay Walker","CHdEcinEF10","platinum"
"11290","Fall","Kimberley Locke","0LAoS_H7jVI","platinum"
"44706","Fall For You","Secondhand Serenade","ij-cFcnDlu0","platinum"
"7841","Fall On Me","Moonstar 88","CY1da-MJuyU","platinum"
"8494","Fall To Pieces","Avril Lavigne","-U88pAlSX70","platinum"
"1486","Fallen","Lauren Wood","Rc-icVG8JMc","platinum"
"8149","Fallen","Janno Gibbs","Otqd1tuYitk","platinum"
"11489","Fallin'","Sarah Geronimo","4PWDFWy-r9Y","platinum"
"44544","Fallin'","Alicia Keys","yQcTzxmG1ro","platinum"
"44884","Fallin' For You","Colbie Caillat","tqUATx9XQ40","platinum"
"9580","Falling Away","Miguel Escueta","cmIxzJ9m30M","platinum"
"44333","Falling Down","Avril Lavigne","4sL_ehAohqE","platinum"
"11322","Falling In Love At A Coffee Shop","Landon Pigg","Cog47UiY69k","platinum"
"7294","Fame","Irene Cara","y5p1hMXN5UI","platinum"
"0729","Fame And Fortune","Elvis Presley","nisLiRbeX6E","platinum"
"7842","Family Affair","Mary J. Blige","5Ed0GIyStVQ","platinum"
"8557","Famous Last Words","My Chemical Romance","S_I8_dxGxUI","platinum"
"7303","Fantasy","Earth, Wind & Fire","MTcBRL1-TmQ","platinum"
"44757","Far Away","Nickelback","f_HVnKb9i1M","platinum"
"6975","Farewell","Raymond Lauchengco","U52fJixWyro","platinum"
"1345","Farmer In The Dell","Kevin Crate","zAkP1hR1EPE","platinum"
"11347","Fashion","Lady Gaga","wmRaf3H3sf8","platinum"
"5791","Fast Car","Tracy Chapman","Wm6-X6yPHVI","platinum"
"0243","Father And Son","Cat Stevens","1tcRnjeijPM","platinum"
"4312","Father And Son","Boyzone","JmH8knykOJk","platinum"
"11038","Fearless","Taylor Swift","UvBZuarasWE","platinum"
"11293","February Song","Josh Groban","Oc4oreu8Kv8","platinum"
"7490","Feel","Robbie Williams","40QgJjmfTBw","platinum"
"8233","Feel Good Inc.","Gorillaz","VbkUuIXXyb4","platinum"
"0225","Feel Like Making Love","Roberta Flack","Ic3WNRvLCBM","platinum"
"0949","Feeling All Right","Joe Cocker","q-zQdApDR70","platinum"
"8978","Feeling Lang","Agressive Audio","YeB6jN3Okzo","platinum"
"2563","Feelings","Morris Albert","PiRqVTtal0Y","platinum"
"44603","Feels Like Tonight","Daughtry","O2Q--MUF32U","platinum"
"8672","Felicidad","Visayan Song","pNPXo5u0MAM","platinum"
"6065","Feliz Navidad","Jose Feliciano","3qTDEpO7k8s","platinum"
"44569","Fergalicious","Black Eyed Peas","00XJ9nDfWfI","platinum"
"3117","Fernando","Abba","BcpOsRLTBZA","platinum"
"1006","Fever","Elvis Presley","1QxrSqTvI44","platinum"
"3118","Fields Of Gold","Sting","9GmqFsWW1ko","platinum"
"11360","Fifteen","Taylor Swift","nW9ZOMiVapU","platinum"
"11341","Fight For This Love","Cheryl Cole","Jm6qpKd7crs","platinum"
"8219","Fighter","Christina Aguilera","V4zORowsK1k","platinum"
"7960","Fill Me In","Craig David","kq495sDABMo","platinum"
"0919","Final Countdown","Europe","KLfiWUrJ87c","platinum"
"8171","Final Distance","Utada Hikaru","EHK0rc8khx8","platinum"
"44674","Finally","Fergie","XH2an4SFEt4","platinum"
"7871","Find My Way Back","Michelle Branch","kMv1Y6utKyw","platinum"
"11313","Find Out Who Your Friends Are","Tracy Lawrence","1zHdsISrga8","platinum"
"9677","Find The Child Hiding In You","Gino Padilla","-yRdzFFyXSc","platinum"
"11337","Find Your Love","Drake","xHsACZBqOM4","platinum"
"0642","Finding Out The Hard Way","Cynthia Rhodes","6_teNYYsgOw","platinum"
"11637","Fire","Solenn Heussaff","qWC4oLttJzE","platinum"
"9800","Fire","2NE1","m4RpiDqe-Rg","platinum"
"2883","Fire & Rain","James Taylor","g4hJNSpnJ3A","platinum"
"9543","Fire And Ice","Poison","PVYodyWzS1k","platinum"
"11357","Fire Burning","Sean Kingston","qVUAkzYpvJw","platinum"
"11356","Fire With Fire","Scissor Sisters","NfXwvBWoNrk","platinum"
"11140","Fireflies","Owl City","gfVKv3NEAQ4","platinum"
"11273","Fireflies","Faith Hill","yOQKAc57J7U","platinum"
"9678","Firewoman","Hungry Young Poets","GAuLluHG21M","platinum"
"11383","Firework","Katy Perry","KUKyy4r-BO4","platinum"
"9041","First Day Funk","Parokya Ni Edgar","bFDp3A2E35I","platinum"
"1753","First Kiss","Nina","L43FuJlm7Ec","platinum"
"1253","First Love","The Seekers","nFMml0xYS9Q","platinum"
"8044","First Love","Utada Hikaru","rzMzxkh8EN4","platinum"
"11658","First Love Never Dies","White Lies","MzBkG_nfpHU","platinum"
"9144","First Love Never Dies","Boyfriends","yhYrwmOeV-8","platinum"
"0549","First Of May","Bee Gees","Cr0QsPGTF8Q","platinum"
"8488","First Of Summer","Urbandub","O9ywCA7vrUs","platinum"
"0727","First Time","Styx","BXikHSPPU4w","platinum"
"3831","Five Hundred Miles","Peter Paul & Mary","VWdxPuOxx98","platinum"
"1348","Fixing A Broken Heart","Indecent Obsession","n059KzMcAEY","platinum"
"3425","Fixing A Hole","The Beatles","OJICUe8jb7I","platinum"
"9944","Flash (Flash Gordon Theme)","Queen","ddkCyr0ufUs","platinum"
"2685","Flash Dance (What A Feelin)","Irene Cara","O4UFdPRb2Qs","platinum"
"44499","Fly","Hilary Duff","8VpVo6nqWC8","platinum"
"11665","Fly Away","Lenny Kravitz","TvOvM7J6OXo","platinum"
"4458","Fly Away","John Denver","_upZxsaL5Pc","platinum"
"7918","Fly Butterfly Fly","Kids Song","hCT4IsJ3pQI","platinum"
"4459","Fly Like An Eagle","Steve Miller Band","CxcQgkWk3ZA","platinum"
"2565","Fly Me To The Moon","Brenda Lee","mjydIDafrQk","platinum"
"11468","Fly With Me","Duncan Ramos","zjqjEFxRQoc","platinum"
"11734","Fly With Me","Jonas Brothers","BPQHmLz3fwY","platinum"
"4977","Flying Without Wings","Westlife","xR9fY0MCk30","platinum"
"44599","Follow Me","Uncle Kracker","HgByucHuG_0","platinum"
"6745","Follow Me","John Denver","uBin1h7yCRY","platinum"
"9042","Follow The Leader","Soca Boys","pEVidB36Y1s","platinum"
"9635","Follow Your Dreams","Sheryn Regis","zmcjvwYWF14","platinum"
"7261","Fool Again","Westlife","SMhWV33sjjQ","platinum"
"2742","Foolish Beat","Debbie Gibson","6T8aIuNb3ks","platinum"
"9146","Foolish Games","Jewel","ePpxEm4zdBc","platinum"
"0226","Foolish Heart","Steve Perry","X2b9WhJTbIQ","platinum"
"11242","Foolish Heart","Nina","3DCPTZWVg9I","platinum"
"4460","Fool's Parade","Tom Petty","LqwKJrCv--E","platinum"
"7491","Fools Rush In","Rick Nelson","YpOVwU4J6Us","platinum"
"0669","Footloose","Kenny Loggins","5LgFU24ff8c","platinum"
"9679","For All Of My Life","Mymp","5yG9idfn2Hg","platinum"
"0501","For All We Know","Carpenters","tZNifUChPuw","platinum"
"4941","For Baby","John Denver","J8OAeWTUDJg","platinum"
"0996","For Better Or Worst","Debbie Gibson","3b09OdW95ss","platinum"
"4461","For Every Man A Woman","Frank Sinatra","JJcb8QGSZIQ","platinum"
"3121","For Mama","Matt Monroe","Wolirsi03D8","platinum"
"4462","For Me And My Gal","Traditional","waCwi-IGSZ4","platinum"
"0863","For My Lady","Moody Blues","Zf6Rm5QPZrA","platinum"
"0865","For Once In My Life","Tony Bennet","1Q-fbPUY6bc","platinum"
"3334","For The Benefit Of Mr. Kite","The Beatles","2iZ0PcIzJOU","platinum"
"0331","For The First Time","Kenny Loggins","Bau5wK5iWz8","platinum"
"11450","For The First Time","The Script","Q76GQNpvgfo","platinum"
"2566","For The Good Times","Kris Kristofferson","ziRg3dhfwlk","platinum"
"0864","For The Peace Of All Mankind","Albert Hammond","ilrtOG2W99U","platinum"
"7492","For The Rest Of My Life","Louie Heredia","18LZgv-Z_AY","platinum"
"1007","For You","Takahashi Mariko","cKAhBgc1prA","platinum"
"8611","For You","The Calling","rXlym1YwiTI","platinum"
"0332","For You I Will","Monica","iR_7fuCz1n0","platinum"
"6561","For Your Babies","Simply Red","S-C0hLk6uG0","platinum"
"2957","For Your Eyes Only","Sheena Easton","W0uSJmhI6HM","platinum"
"2974","For Your Love","Ed Townsend","koQf_GQhM3k","platinum"
"8367","Forbidden Love","Madonna","ZczNZuG60d8","platinum"
"11659","Forever","Damage","_3hv1Mwgh4I","platinum"
"1543","Forever","Rex Smith","P65-ylKRd6Q","platinum"
"44671","Forever","Chris Brown","4AzW9_fF0I0","platinum"
"9533","Forever","Kenny Loggins","HrD3aTIu-vg","platinum"
"11455","Forever And A Day","Nelly Rowland ft","X8nAhLNsQPs","platinum"
"8362","Forever And A Day","Michael Learns To Rock","z1ZHkcX36U0","platinum"
"6112","Forever As One","Vengaboys","HyFICC9n6Lo","platinum"
"6976","Forever Blue","Cacal Velasquez","jTfFPQYh4FA","platinum"
"7073","Forever Is Not Enough","Sarah Geronimo","llHTc2DmmpE","platinum"
"1429","Forever More","Chris De Burgh","Enw9QthDykk","platinum"
"1565","Forever Young","Alphaville","gRs06F494Ao","platinum"
"11795","Forevermore","Side A","ZG4W4sqMS_U","platinum"
"9043","Forevermore","Regine Velasquez","akUv192Vwfw","platinum"
"11563","Forget You","Cee Lo Green","l-hN9wzbPJE","platinum"
"44831","Forgive Me","Leona Lewis","dSfxCZZkybY","platinum"
"6746","Forgiven Not Forgotten","The Corrs","i_l9QcS1sUA","platinum"
"8881","Four In The Morning","Gwen Stefani","9rXPQxT9uEg","platinum"
"9289","Four Minutes","Madonna Ft Justin","xhFNypQlTHY","platinum"
"3833","Four Strong Winds","Neil Young","37D9DD89mNY","platinum"
"3431","Fragile","Sting","pAR0u0aEcFY","platinum"
"5240","Fraulein","Victor Wood","iSQzxLXPQrg","platinum"
"6524","Freak On A Leash","Korn","cPy76ubniOI","platinum"
"6977","Free","Lighthouse Family","RgGsfOR5RfI","platinum"
"9738","Free","Jed Madela","HRSnHmV0xy0","platinum"
"7493","Free Again","Jack Jones","skZ01eJHL0g","platinum"
"3123","Free As A Bird","The Beatles","wK_qd19nLpA","platinum"
"7920","Free Love","Depeche Mode","5AQn0mqO7SI","platinum"
"11614","Friday","Rebecca Black","TClQ0UcqyzI","platinum"
"8271","Friday I'm In Love","The Cure","eNQE0n5_6pE","platinum"
"7494","Friend","Mike Francis","cVMhm1mCTTY","platinum"
"1487","Friend Of Mine","Odette Quesada","zaAEriINEsg","platinum"
"1540","Friends","Nancy Zuniga","2f1UFhXwRpk","platinum"
"8786","Friendster","Moonstar 88","J3fef1ukRZw","platinum"
"1697","From A Distance","Bette Midler","mx7oveUJUTs","platinum"
"0348","From Russia With Love","Frank Sinatra","xw8d717eO34","platinum"
"6931","From The Bottom Of My Broken Heart","Britney Spears","su4XRV9GitI","platinum"
"4467","From The Heart","Dianne","unX64zyjCLo","platinum"
"8195","From The Start","Rachelle Ann Go","YhftVfzyAvw","platinum"
"4289","From This Moment","Shania Twain","TI3F7xd8JT0","platinum"
"0022","Frosty The Snowman","Christmas Song","2M71HHvEia8","platinum"
"5362","Frozen","Madonna","n0bPvUnf1NM","platinum"
"9680","Full Of Love","Ella Mae Saison","wB3gBOtWbuc","platinum"
"0829","Fun Fun Fun","Beach Boys","qPJ76XLgaQw","platinum"
"0571","Funky Town","Lipps Inc.","VxUr-LbVsY0","platinum"
"5960","Funny Familiar","Tom Jones","CfyM73wOTMs","platinum"
"9588","Fx","Pedicab","Ve5TIclWEwQ","platinum"
"11180","Gaan","Archipelago","2oLSYVNXZL4","platinum"
"1157","Gaano Kadalas Ang Minsan","Basil Valdez","lxK0sFR7dQA","platinum"
"6066","Gaano Kita Kamahal","Pilita Corrales","Dd_yBR6iPjQ","platinum"
"0094","Gaano Ko Ikaw Kamahal","Celeste Legaspi","0wkyQuasuBY","platinum"
"11639","Gaano Ko Ikaw Kamahal","Itchyworms","gb3Mo4tAbVs","platinum"
"11052","Gabay","Callalily","PjE7NT6437Y","platinum"
"0493","Gabay Mo Ako","Rey Valera","mpifJc5oSMY","platinum"
"1459","Gabing Payapa","Traditional","REQaDTa8D-w","platinum"
"9480","Gagambino","Dennis Trillo","muZNG8oB5mI","platinum"
"11069","Galing Ng Pinoy","Yeng Constantino","5SFTBhUSxd8","platinum"
"1613","Gambler","David Benoit","YpRvnueqtOc","platinum"
"9147","Game Face","Jay R","aeGkeC1JQ7w","platinum"
"7961","Game Of Love","Santana","nmitiNdp5hM","platinum"
"15066","Gangnam Style","Psy","Y0l9UUgDCHQ","platinum"
"4262","Gangsta's Paradise","Coolio","GFy08U8lsf4","platinum"
"9148","Ganyan Ka Lang Ok Na Sa Akin","J Brothers","RKlbAIusRKY","platinum"
"5363","Ganyan Pala Ang Magmahal","April Boy Regino","CXo9i-pEGxI","platinum"
"0111","Ganyan Talaga Ang Pag-ibig","Daddy Yankee","CXo9i-pEGxI","platinum"
"8235","Gasolina","Daddy Yankee","xQkpihmnjJw","platinum"
"7106","Gaya Ng Dati","Gary V.","bsCkSaiap6k","platinum"
"8248","Gemini","Spongecola","1rS6bLmZBOI","platinum"
"6978","Genie In A Bottle","Christina Aguilera","Bwnm6wCyFHc","platinum"
"0442","Georgia On My Mind","Ray Charles","NmP-F3ToK4Q","platinum"
"8583","Georgy Porgy","Toto","7dY_yADO6iY","platinum"
"0421","Get Back","Beatles","HwrpQNcea_Y","platinum"
"7381","Get Busy","Sean Paul","ug1WdP-G5CU","platinum"
"4943","Get Down","Backstreet Boys","fXwE_YvfmqY","platinum"
"7922","Get Down On It","Kool And The Gang","rg3tfaVdghY","platinum"
"0668","Get Here","Oleta Adams","skLcmItbh9w","platinum"
"11216","Get It Shawty","Lloyd","-LS58vyaB4g","platinum"
"44450","Get Jiggy Wit It","Will Smith","W2Yw9qYOpzE","platinum"
"8196","Get Me","MYMP","3c4kxloVT6o","platinum"
"5143","Get On Your Feet","Gloria Estefan","0NZ5sXDpYOY","platinum"
"6933","Get Over You","Sophie Bextor","xzoIzo-Ae0w","platinum"
"8173","Get Right","Jennifer Lopez","YxzadXY64g8","platinum"
"8514","Get The Party Started","Pink","OyNRyR88nJA","platinum"
"8368","Get Together","Madonna","ieRoV9LpN3Y","platinum"
"44822","Get Your Way","Jamie Cullum","JhKVIlLUoxk","platinum"
"11292","Gettin' You Home","Chris Young","cFsyURYWedU","platinum"
"3129","Getting To Know Each Other","Gerard Kenny","1m940kto9yQ","platinum"
"1370","Getting To Know You","The King And I","ZJwhmpSyoAM","platinum"
"3437","Ghost Busters","Ray Parker","c5BjapvUndQ","platinum"
"9901","Ghost Of Me","Daughtry","i3VNYQHgSmA","platinum"
"44416","Ghostbusters","Ray Parker Jr.","c5BjapvUndQ","platinum"
"8914","Git Fingers","Birock","pSikuRKU2dU","platinum"
"8915","Git Kumot Kumot","Birock","pSikuRKU2dU","platinum"
"11617","Gigil","Sheng Belmonte","OMdTP1dRGto","platinum"
"8673","Gihidlaw Na Intawon Ako","Max Surban","4Q_hVD6wOmQ","platinum"
"8184","Giling Giling","Tuesday","N6k8SNv3lX8","platinum"
"6979","Giliw","Regine Velasquez","-ffafxOEM2A","platinum"
"1430","Giliw Ko","Renz Verano","lMPEP-EyoIU","platinum"
"2712","Gimme Gimme Gimme","Abba","H18SVaz-heA","platinum"
"44046","Gimme More","Britney Spears","5BCMm-uxU1Q","platinum"
"5583","Giniginaw Ako","Jessa Zaragoza","pTdpht9eiqM","platinum"
"1221","Gintong Alaala","Marissa","aaSWk6ecMRI","platinum"
"3130","Gintong Araw","Bing Rodrigo","KKKdzRZA-Dw","platinum"
"8674","Gipangit Ko Ikaw","Visayan Song","pDIxqsDRK5s","platinum"
"1009","Girl","Immaculate","gPVdadV2iCs","platinum"
"5584","Girl","The Beatles","9q2sbwFdGz4","platinum"
"11717","Girl Be Mine","Francis M.","B6OTTZLNops","platinum"
"2568","Girl From Ipanema","Astrud Gilberto","W9z1AsHJW28","platinum"
"5585","Girl In The Mirror","Britney Spears","lanv7buzm9s","platinum"
"5541","Girl On TV","Lfo","o7ss-PxCfOg","platinum"
"8581","Girlfriend","Avril Lavigne","rInfsisenFQ","platinum"
"44734","Girls","Sugababes","47UJ36oNxMU","platinum"
"1656","Girls Girls Girls","Elvis Presley","lx7DXuYv9X8","platinum"
"4474","Girls Just Want To Have Fun","Cyndi Lauper","-Fg7m1ZqkxI","platinum"
"6747","Gising Na","Parokya Ni Edgar","n_Xp8sEf_c4","platinum"
"11832","Gisingin Ang Puso","Liezel Garcia","dWOtBnjRqY0","platinum"
"8505","Gitara","Parokya Ni Edgar","O0YCkR9plKE","platinum"
"3304","Give A Little Bit","Supertramp","z-QiXeaEBm8","platinum"
"9380","Give It To Me","Madonna","vyK4f4EQdvw","platinum"
"44132","Give It Up","Kc & The Sunshine","5IeovaTgbUk","platinum"
"6980","Give Love On Christmas Day","Jackson 5","pFTxzZSdFKI","platinum"
"1196","Give Me A Chance","Ric Segreto","nGJzlPwEV1Y","platinum"
"6748","Give Me A Sign","Eddie Peregrina","ERPeBmRDygw","platinum"
"11799","Give Me Everything","Pitbull Ft Ne-Yo","12ZDvzIViTw","platinum"
"9895","Give Me One Reason","Tracy Chapman","SozZ6M6bP0c","platinum"
"0487","Give Me The Night","The Dawn","bDIdt4DCUDY","platinum"
"1475","Give My Regards To Broadway","Lisa Minelli","7AjfWync1t8","platinum"
"0831","Give Peace A Chance","John Lennon","eKm6Yz3RyRI","platinum"
"11109","Gives You Hell","All American Rejects","zxu37NK0tZM","platinum"
"0844","Glory Days","Bruce Springsteen","S-3avUXEN-8","platinum"
"0215","Glory Of Love","Peter Cetera","vG328QYUELk","platinum"
"0705","Go Away Little Girl","Tony Bennet","-qlI1AH3wcs","platinum"
"4476","Go Tell It On The Mountain","Traditional","ZAahwpVgq8g","platinum"
"8268","Go The Distance","Michael Bolton","OcD-GE3l18w","platinum"
"3447","Go West","Pet Shop Boys","dQjvXX3oSw8","platinum"
"0159","God Bless USA","J. Ford","RlgRBdMig5k","platinum"
"11506","God Gave Me You","Bryan White","M-f9FAIEcNM","platinum"
"7367","God Is Good","Don Moen","wVV0EPIXohY","platinum"
"11302","God Love Her","Toby Keith","7Q0hOTaXkJ4","platinum"
"6204","God Of Thunder","Kiss","AivtWbyAj_M","platinum"
"3131","God Only Knows","Beach Boys","2HW7Vgifcyg","platinum"
"6205","God Rest Ye Merry Gentlemen","Christmas Song","xYhOCYA-1qA","platinum"
"2881","Goin' Out Of My Head","Frank Sinatra","NWpYVFmum7M","platinum"
"11636","Goin Where The Wind Blows","Mr. Big","AHkDN9imS-Q","platinum"
"11399","Going Nowhere","Hilera","sJEtQQz5Z38","platinum"
"4479","Going To The Cournty","Steve Miller","fwUgnIEhLK0","platinum"
"44693","Going Under","Evanescence","hmgPwlcQHHg","platinum"
"1010","Gold","Spandau Ballet","emWXJP3ThLk","platinum"
"3441","Gold Dust Woman","Stevie Nicks","5vaxacis-h0","platinum"
"9893","Gone Too Soon","Michael Jackson","wtvikXsV3ug","platinum"
"8211","Gonna Get Your Love","Sister Sledge","MFwMqPGTP-U","platinum"
"0422","Good Day Sunshine","Beatles","SuqsN9lARXo","platinum"
"1433","Good Enough","Cyndi Lauper","YtHyBxsnFEU","platinum"
"0397","Good Golly Miss Molly","Little Richard","WQDlk5KpkI8","platinum"
"44860","Good Life","Kanye West & T-Pain","8aZ77jB2WaA","platinum"
"3445","Good Morning","The Beatles","Joc5ZYvfAUk","platinum"
"3443","Good Times Bad Times","Led Zeppelin","EWOZMIjJTM0","platinum"
"1011","Good To Be Back","Natalie Cole","rusZYg0jXes","platinum"
"4203","Good Vibrations","The Beach Boys","WrqRcIg1lmQ","platinum"
"9150","Goodboy Ang Bait Mo Naman","Blakdyak","SejMJhgBGeo","platinum"
"0015","Goodbye","Air Supply","kKQ-yQvB2Nw","platinum"
"4308","Goodbye","Spice Girls","Byu1gwXFfSY","platinum"
"44562","Goodbye Earl","Dixie Chicks","0OXklF2rn64","platinum"
"11693","Goodbye Girl","Bread","v2UtU_2JmkI","platinum"
"8873","Goodbye Girl","Martin Nievera","zp2aUoGI5zY","platinum"
"1051","Goodbye Is Not Forever","Ella Mae Saison","6dNLBlI0vcU","platinum"
"1651","Goodbye To Love","The Carpenters","8HjY3c8a6uk","platinum"
"7695","Goodbye To You","Michelle Branch","DHDGZ5Kt24s","platinum"
"2844","Goodbye Yellow Brick Road","Elton John","mqXy8PoGJ1w","platinum"
"8396","Goodbye's Not Forever","Erik Santos","V9eFolQVNjI","platinum"
"1512","Goodnight Girl","Wet Wet Wet","6a_aPu5_IjY","platinum"
"4482","Goodnight Tonight","Wings","w-wxMm7KHFw","platinum"
"0868","Got My Mind Set On You","George Harrison","tIGkn1FlGd8","platinum"
"5241","Got To Believe In Magic","David Pomeranz","kq3yYNCgbs4","platinum"
"0423","Got To Get You Into My Life","Beatles","xcsJHDoSir0","platinum"
"6935","Got To Have You","F4 (Jerry Yan)","aa4xXGx6Bt0","platinum"
"11071","Gotta Be","Nickelback","1P9vckB7qnM","platinum"
"11916","Gotta Be You","One Direction","rvRqiCzBDZA","platinum"
"44748","Gotta Find You","Joe Jonas","fUOc4noynmc","platinum"
"8958","Gotta Go My Own Way","Nikki Gil","W_OQ8HWPFwA","platinum"
"8578","Grabe","Craeons","_vFXIPsBgZ0","platinum"
"9483","Grace","Kitchie Nadal","mpR0cwXtt3I","platinum"
"44447","Graduation (Friends Forever)","Vitamin C","kKZdAGCEVA0","platinum"
"0867","Graduation Tears","Chelsea Khan","-TdAV-RLjQI","platinum"
"9739","Grateful","Julianne","6POKuxZXRZ0","platinum"
"9926","Greased Lightnin'","Grease Movie Ost","rwZ4q2ua_HM","platinum"
"0443","Great Balls Of Fire","Jerry Lee Lewis","RlFFlVjfCKw","platinum"
"2910","Great Pretender","The Platters","S7vcCf_DZ7A","platinum"
"44803","Greatest Day","Take That","y_r9S-AdbbE","platinum"
"3449","Greatest Love Of All","Whitney Houston","aQEg6dwLFDc","platinum"
"2571","Green Fields","The Brothers Four","Pwu8ThblNmA","platinum"
"0382","Green Green Grass Of Home","Tom Jones","UZyhw7bYmrw","platinum"
"11476","Grenade","Bruno Mars","joWbh8RYSas","platinum"
"11217","Grillz","Nelly ft Paul Wall","wqIFZbkGXVA","platinum"
"0008","Groovin'","Young Rascals","I-VvG_klsD4","platinum"
"1352","Groovy Kind Of Love","Phil Collins","cbl6yjfG5P4","platinum"
"11487","Grow Old With You","Adam Sandler","nQ8gfwz6PmA","platinum"
"8068","Growing Up","Gary V.","RyMKyWNplpo","platinum"
"6067","Guantanamera","Julio Iglesias","w_M",""
"FE""","platinum","","",""
"8675","Gugma","Visayan Song","Veqt2LqBlTY","platinum"
"8806","Gugmang Giatay","Ambassador","boeYvjHU-Ng","platinum"
"8676","Gugmang Nagpahilayo","Visayan Song","RcykLR13Jvc","platinum"
"7495","Guhit Ng Palad","Imelda Papin","PHiddAYNYIQ","platinum"
"9250","Guillotine","Urbandub","0eLOSd9Up3M","platinum"
"7702","Guilty","Blue","d60pAEmPeiM","platinum"
"9569","Guitar Adik","Manabela","O0YCkR9plKE","platinum"
"3451","Guitar Man","Bread","Fn6UUME4LxU","platinum"
"9046","Gulong Ng Palad","Jerome Salas","RuBU0VnCHFw","platinum"
"9395","Gumising","Delara","QKnpKBJsI50","platinum"
"1122","Gusto Kita","Gino Padilla","jrbDYxJj2hk","platinum"
"8069","Gusto Ko Ang Nota","Aleck Bovick","conx6yaDHok","platinum"
"9815","Gusto Ko Lamang Sa Buhay","Itchyworms","O8Xett8fu0Y","platinum"
"11048","Gusto Ko Lang Ng Girlfriend","Eevee","wixKSLiVTJE","platinum"
"9682","Gusto Ko Ng Lumigaya","Pops Fernandez","vQCzfUePKZc","platinum"
"9540","Gusto Na Kita","6 Cycle Mind","H724GtE5XQg","platinum"
"4486","Guys And Dolls","Frank Sinatra","usN76SETqXo","platinum"
"11045","Gypsy","Shakira","ZJW9oth8f_c","platinum"
"3454","Gypsy","Stevie Nicks","odSulvMSMiY","platinum"
"9301","Habambuhay","Yeng Constantino","gqzWN6ypfVg","platinum"
"5961","Habang Atin Ang Gabi","South Border","3lifGvZfXRc","platinum"
"11722","Habang Buhay","Bbs Ft Kean Cipriano","W0BWdI5tVJc","platinum"
"9152","Habang Buhay","Renz Verano","R7xWprxZF-0","platinum"
"6794","Habang Buhay Kitang Mamahalin","Marilyn Reynes","fuHGdmDniTM","platinum"
"9151","Habang Buhay Ko","Eddie Peregrina","NkACM19I4As","platinum"
"1488","Habang May Buhay","After Image","rQ1fmeIA1VM","platinum"
"5876","Habang May Buhay","Traditional","m4xw5bHhJ7w","platinum"
"9153","Habang May Panahon","Imelda Papin","MyA0S2wySAM","platinum"
"5715","Habo Cong Itaram Na","Bicolano","c3050fU-qh4","platinum"
"8979","Habo Habo","Missing Filemon","7Uset_mFhVM","platinum"
"1353","Hagkan","Sharon Cuneta","-b5eOr_4wrU","platinum"
"1296","Hahabol-Habol","Mabuhay Singers","ZJ9-C6thcGQ","platinum"
"3136","Hahanapin Ko","Anthony Castillo","FD6Mrfl4i3c","platinum"
"4945","Hain Ang Utlanan","Willie Garte","LiYVAPJlELY","platinum"
"5144","Halaga","Parokya Ni Edgar","DaDWBKABYmU","platinum"
"9154","Halata","Marco Sison","42BOBASx0XA","platinum"
"7727","Half A World Away","Rem","cCTr7A6V5Ns","platinum"
"11025","Half Crazy","Freestyle","fd9Q6wUugdE","platinum"
"1645","Half Crazy","Johnny Gill","I9lujnnRIk4","platinum"
"11167","Half Of My Heart","John Mayer Ft. Taylor","rfQLuQ1xAFc","platinum"
"9988","Half The World Away","Oasis","tiIoASMAjxM","platinum"
"7382","Half-Life","Duncan Sheik","v2MruhvFovY","platinum"
"11736","Halik","Kamikazee","Q2dVqOlIDjs","platinum"
"7280","Halik","Aegis","G_7QSp28Emg","platinum"
"9555","Halik Ni Hudas","Wolfgang","rFJtnRksBWg","platinum"
"8210","Hallelujah","Bamboo","azIz5xyYrdY","platinum"
"9757","Halo","Beyonce","xs-hqTHMjJY","platinum"
"7873","Halukay Ube","Sexbomb Girls","oZ9nbaWt2J0","platinum"
"1012","Hand In My Pocket","Alanis Morissette","1hz78abNR7A","platinum"
"9416","Handa","Miguel Escueta","l5eciOYnfaQ","platinum"
"8837","Handang Maghintay","Nikki Gil","fUskuq05xwU","platinum"
"44695","Handlebars","Flobots","OdGsvNDkeMY","platinum"
"3137","Handog","Florante","qQXdeb0H434","platinum"
"9614","Handog Ng Pilipino Sa Mundo","Various Artists","uj0qMC5LwbY","platinum"
"9155","Hands","Jewel","pYSp9mvLCGw","platinum"
"9683","Hands Of Time","Gino Padilla","0bqf4axKEiY","platinum"
"7901","Hands To Heaven","Christian Bautista","D4ZFQrCQR4Y","platinum"
"0224","Handyman","James Taylor","Obyzy7xskKE","platinum"
"7925","Hanep Sexy","Joey De Leon","0nF97sfqqJc","platinum"
"5294","Hang On","Gary Valenciano","frsDC6bpUZY","platinum"
"6864","Hanggang","Wency Cornejo","BUg6AYXfMDI","platinum"
"9591","Hanggang","Gerald Santos","ohGDAv76kSE","platinum"
"11467","Hanggang Dito Na Lang","Frio","eEupikDUY6Q","platinum"
"4947","Hanggang Kailan","Martin Nievera","TwKtMzohMlc","platinum"
"8260","Hanggang Kailan","Orange And Lemons","AqguCdUqqFY","platinum"
"9047","Hanggang Kailan","Sarah Geronimo","P0oLRW1ySsQ","platinum"
"8249","Hanggang Langit","Martin Nievera","p_8xHjNoxR4","platinum"
"9048","Hanggang May Kailanman","Carol Banawa","kaTlhww3wvw","platinum"
"5916","Hanggang Ngayon","Ogie & Regine","NA6SMVuNWrQ","platinum"
"6702","Hanggang Ngayon","Kyla","OJrAapl5lnw","platinum"
"7074","Hanggang Ngayon","Martin Nievera","-V2GD2ULAnc","platinum"
"0131","Hanggang Ngayo'y Ikaw Pa Rin","Jaya","R1wPdWECpLY","platinum"
"8318","Hanggang Ngiti Na Lang","Ranier Castillo","Jd0SjdBG4x4","platinum"
"11394","Hanggang Sa Dulo Ng Aking Buhay","April Boy Regino Feat.","dtK3XylRNKQ","platinum"
"9819","Hanggang Sa Dulo Ng Walang Hanggan","Basil Valdez","RB4SfWIiak8","platinum"
"7772","Hanggang Sa Kailan Man","Martin Nievera","PQGfDWk8ZTE","platinum"
"11009","Hanggang Sa Muli","Kenyo","GGXqkcy4UeE","platinum"
"7813","Hanggang Saan, Hanggang Kailan","Ogie Alcasid","SPh1-L0hpGs","platinum"
"9997","Hanggang Tingin","Kamikazee","TUtDe-xD3Ms","platinum"
"8537","Hanging By A Moment","Lifehouse","GBnA_HXEF70","platinum"
"11475","Hanging Habagat","Champ","0fLY97oN2ro","platinum"
"11329","Hangover","Sugarfree","B5ivEems5Yw","platinum"
"8792","Haplos","Shamrock","BZCbx_xRAdQ","platinum"
"11792","Happy","Michael Jackson","LhghpU0l2dE","platinum"
"44861","Happy","Leona Lewis","xVxY6xi7oic","platinum"
"1676","Happy Birthday Sweet Sixteen","Paul Anka","kCdB0XR49FA","platinum"
"2651","Happy Birthday To You","Traditional","Qohv5RF3WaE","platinum"
"9684","Happy Christmas","Noel Cabangon","PFhk1W8YQYo","platinum"
"3457","Happy Christmas (War Is Over)","John Lennon","6E0BRIN3Z0c","platinum"
"2666","Happy New Year","Abba","J3fBefc1_js","platinum"
"5145","Happy,Happy Birthday","Beerhouse Gang","yCw9WLdPpqs","platinum"
"3139","Harana","Parokya Ni Edgar","2QcJ8lwbtsE","platinum"
"6564","Harana","Regine Velasquez","RKtSGLEjw5k","platinum"
"8677","Harana Ng Aswang","Big 3 Sullivans","8DU0Tm-L6VM","platinum"
"8347","Harapin Ang Liwanag","The Dawn","M1DnpxZ5TGA","platinum"
"9156","Harbor Lights","The Platters","CkIplfnDvCY","platinum"
"44466","Hard Days Night","Beatles","ljZgPRU8fy4","platinum"
"7909","Hard Habit To Break","Chicago","BpyMc7Z2acw","platinum"
"3140","Hard Headed Woman","Elvis Presley","rYYVqCh4JLA","platinum"
"3141","Hard To Believe","Eraserheads","s3cBJwF96uU","platinum"
"8275","Hard To Handle","Black Crowes","Q3zGJDiBteI","platinum"
"2574","Hard To Say I'm Sorry","Chicago","LjUxD84LOyM","platinum"
"8119","Harder To Breathe","Maroon 5","0l83pmQ1VOw","platinum"
"8150","Hari Ng Sablay","Sugar Free","CLngXGkzslg","platinum"
"11723","Hari Ng Tondo","Gloc 9","GqmR67nr1l8","platinum"
"11034","Harinawa","Hale","1h6BKjPk3-g","platinum"
"8678","Haring Solomon","Sulivan","xGcXCbJX8QE","platinum"
"0021","Hark The Herald Angels Sing","Christmas Song","mr1aLAWZgUI","platinum"
"5027","Hasta Manana","Abba","CtJZkqWwgSo","platinum"
"11016","Hatak","The Dawn","TXKQ6gMfJLQ","platinum"
"8321","Hataw Na","Gary V.","BuuYkOI6zWI","platinum"
"44837","Hate (I Really Don't Like You)","Plain White T's","Oqaa-rtNhYY","platinum"
"9990","Hate That I Love You","Rihanna","6UYBrCmALcs","platinum"
"11472","Haunted","Taylor Swift","BCXctUxkCGc","platinum"
"9157","Have A Good Time","Jolina Magdangal","2GtBw5eHYi4","platinum"
"44771","Have A Nice Day","Bon Jovi","PgRKXCKr7nY","platinum"
"0169","Have I Told You Lately","Rod Stewart","xW8viTSEM0M","platinum"
"44425","Have You Ever","S Club 7","w7291g_8zTE","platinum"
"6936","Have You Ever Loved","S Club 7","w7291g_8zTE","platinum"
"3142","Have You Ever Really Loved A Woman","Bryan Adams","M1neGhN3Nas","platinum"
"7291","Have You Ever Seen The Rain","Ccr","G7bLIuyitvU","platinum"
"2967","Have Yourself A Merry Little Christmas","Carpenters","vhMgbKh1-yE","platinum"
"9791","Haven't Stopped Loving You","Janno Gibbs","cyMsBz2XFLY","platinum"
"11091","Haven't Met You Yet","Michael Buble","247YolCxlpI","platinum"
"11683","Having You Near Me","Air Supply","gRj18Tk0j_Q","platinum"
"2704","Hawaiian Wedding Song","Andy Williams","9cj1US0cE9M","platinum"
"8525","Hawak Kamay","Yeng Constantino","5ajZwonIg3E","platinum"
"8989","Hawak Mo Aking Kamay","Mocha","SeYTyUl6Ibc","platinum"
"7496","Hawak Mo Ang Panahon","Basil Valdez","uh9uft4oggQ","platinum"
"7603","Hawakan Nong Mabuti","Masculados","tBvLeaU411w","platinum"
"11015","Hay Buhay","Sugarfree","408L6AuWNFc","platinum"
"9832","Hay Naku","Silent Sanctuary","rjD_oOr9YKI","platinum"
"9158","Hayaang Ibigin Lang Kita","Bing Rodrigo","K4MW-b_HWQg","platinum"
"5717","Hayop Na Combo","Blakdyak","MjQrPzzr9Ig","platinum"
"5364","Hazard","Richard Marx","bLD22Sc4vMk","platinum"
"2827","He Ain't Heavy He's My Brother","Hollies","-V7Em8HD6Qo","platinum"
"5412","He Knows You Know","Marillion","vTfP7gU11KI","platinum"
"9159","He Opens A Window","Ivy Violan","5AOfQrGITBw","platinum"
"7389","He Wasn't Man Enough","Toni Braxton","-Oil27bpcw4","platinum"
"4362","Head Over Feet","Alanis Morissette","6M8KnifOGj4","platinum"
"0541","Head Over Heals","Tears For Fears","B10oD2__9Bg","platinum"
"11429","Head Over Heels","The Go Go's","g4q-cJoQ6co","platinum"
"7328","Head To Toe","Lisa Lisa & ...","lCmSGzE4rRc","platinum"
"44845","Headlines","The Spice Girls","OrOgeS9_HXI","platinum"
"9160","Heal Our Land","Jamie Rivera","MsvLx3ejR2U","platinum"
"2748","Heal The World","Michael Jackson","H6VNw9m6lG4","platinum"
"11839","Healing","Jed Madela","2xRvBOxMVBE","platinum"
"9417","Hear My Heart","Nikki Gil","qATvZqgO4Uc","platinum"
"0970","Heart And Soul","Huey Lewis","-Omdyvrf97g","platinum"
"5821","Heart Attack","Olivia Newton John","1Z-RJb0jz2A","platinum"
"4495","Heart Full Of Soul","The Yardbirds","EMxFnXp7miI","platinum"
"7209","Heart Of Glass","Blondie","DkkmT9d8yI4","platinum"
"2720","Heart Of Gold","Neil Young","5eRvOp7UgT0","platinum"
"0567","Heart Of Mine","Bobby Caldwell","je_zdhlSIrk","platinum"
"9049","Heart Of Mine","Janno Gibbs","CX67Yc4f7Ck","platinum"
"3462","Heart Shaped Box","Nirvana","65U2B9puhE4","platinum"
"11786","Heart To Heart","Kenny Loggins And","3iGQ3zAZAwE","platinum"
"9486","Heart To Heart","Kyla","Cx3wuOwoaeM","platinum"
"11827","Heartache","Justin Bieber","3l0ro3uYvSs","platinum"
"0843","Heartache Tonight","Eagles","da82sUdZ0B8","platinum"
"4949","Heartache Tonight","Lani Misalucha","Twka6P4hbNA","platinum"
"9586","Heartbreak","Six Part Invention","t3mDNKgDTB4","platinum"
"0395","Heartbreak Hotel","Elvis Presley","2SMETKmTS2w","platinum"
"9636","Heartbreak Song","Kim Chiu","17oWl3K9k7c","platinum"
"11362","Heartbreak Warfare","John Mayer","BfxqghaUb1E","platinum"
"44875","Heartbreaker","Will.I.Am Feat. Cheryl","NxzCSJkcfb8","platinum"
"44785","Heartless","Kanye West","fK3w_wExE7U","platinum"
"11526","Hearts And I","Robbie Williams","Nyn4MreKIk4","platinum"
"11065","Hearts On Fire","Hammer Fall","SZgJxUaIpco","platinum"
"1489","Heaven","Bryan Adams","ZhX527lpXus","platinum"
"9162","Heaven","Nina","bCoH4ESSjWs","platinum"
"9367","Heaven","Warrant","if_AdrLU7h4","platinum"
"5586","Heaven By Your Side","A1","8GlRnyKR_jo","platinum"
"4344","Heaven Knows","Rick Price","m7o9fbTsRuc","platinum"
"11218","Heaven Sent","Keyshia Cole","xg8PIeu_3qo","platinum"
"9161","Heavenly","Anthony Castelo","xQIYZlMfzMQ","platinum"
"1672","Heavenly Angel","Menudo","DxXIpeFvznE","platinum"
"8234","Helena","My Chemical Romance","wIb3M-vLbPg","platinum"
"4205","Hello","Lionel Richie","uixkkqOQoD0","platinum"
"7969","Hello Again","Neil Diamond","jEOO5ovAyeA","platinum"
"2577","Hello Dolly","Louis Armstrong","5Tmj2uJ-pGE","platinum"
"0813","Hello Goodbye","The Beatles","gLJ7_TIg6Sw","platinum"
"0394","Hello I Love You","Doors","aMMffVRrkoo","platinum"
"6206","Hello It's Me","Todd Rundgren","v9jJH-V9oNI","platinum"
"0710","Hello Mary Lou","The Executives","UMn0CAY0pXc","platinum"
"2964","Help","Beatles","K-vyxJj88Jc","platinum"
"2578","Help Me Make It Through The Night","Kris Kristofferson","QwSr29YH2Us","platinum"
"1616","Help Yourself","Tom Jones","SUJ5xOri5II","platinum"
"9389","Hep Hep Hooray","Willie Revillame","cFAeU7Rv5m0","platinum"
"11110","Her Diamonds","Rob Thomas","yhlBxrTNfvU","platinum"
"1170","Here And Now","Jose Mari Chan","b55cR6cRKE4","platinum"
"3464","Here Comes Santa Claus","Various Artist","-VEHAXSzF_8","platinum"
"7122","Here Comes The Hotstepper","Ini Kamoze","msBo3A7Swl0","platinum"
"1013","Here Comes The Rain Again","Eurythmics","mYi38iZUOGs","platinum"
"0424","Here Comes The Sun","Beatles","ElW8dK1POA4","platinum"
"5104","Here For You","Fire House","6Di-lBcNjvw","platinum"
"44760","Here I Am","Renee Sandstrom","EWHlb4zOzM4","platinum"
"4498","Here I Am","Air Supply","x-5yXc-qGo0","platinum"
"8402","Here I Am Again","Rachelle Ann Go","fSiDNrEOy-w","platinum"
"0842","Here I Go Again","White Snake","UhXgms1Cnac","platinum"
"7450","Here In My Heart","Plus One","EOtlM-DvsA0","platinum"
"5296","Here In My Life","Zsa Zsa Padilla","UT8hAqRCOTw","platinum"
"3002","Here There And Everywhere","The Beatles","fBpVo5p0QAY","platinum"
"7730","Here Today Gone Tomorrow","Ray Conniff","36V7jG09Z7E","platinum"
"8388","Here Tonight","Hale","GnOmkVuZPlY","platinum"
"1491","Here We Are","Gloria Estefan","WfAdVuCMYfM","platinum"
"6930","Here We Are","F4 (Ken Zu)","pp9eUvtX5dM","platinum"
"6413","Here We Are You & I","Jose Mari Chan","IFTLd1kDV6s","platinum"
"11384","Here We Go Again","Norah Jones And Ray","QUTS2JVB3Ow","platinum"
"8374","Here Without You","3 Doors Down","OzmFgCQftmc","platinum"
"2821","Here You Come Again","Dolly Parton","qTrbt4cnBqk","platinum"
"11353","Hero","Nickelback","G80pg5iyX24","platinum"
"1356","Hero","Mariah Carey","0L-Nk27BUT0","platinum"
"5962","Hero","Enrique Iglesias","YVx-Ai0mcJQ","platinum"
"9501","Hero","Miguel","QmyxAq9DI3s","platinum"
"7053","Hero Of The Day","Metallica","UNKBHGgjICY","platinum"
"5963","Hesus","Aegis","KaHUdeIowGc","platinum"
"5587","Heto Ako","Michael Laygo","bUxFkk7rgbU","platinum"
"9271","Heto Na","Concrete Sam","ybvAWv9r0Y8","platinum"
"0599","Heto Na Naman","Ryan Cayabyab","u4dFj5gVuGo","platinum"
"1052","Heto Naman Ako","Miguel Vera","hVvpvAn1cSU","platinum"
"5964","Hey","Fatima Rainey","Zisn4Ae9iAs","platinum"
"7926","Hey","Julio Iglesias","lb7HLCObZis","platinum"
"5297","Hey Boy","Judy Ann Santos","_4Z3cEXqwZo","platinum"
"11724","Hey Daydreamer","Somedaydream","JPe0CU3sChM","platinum"
"3853","Hey Diddle Diddle","Various","pL2oCMC3TNo","platinum"
"1053","Hey It's Me","Jamie Rivera","TFI100DHnGo","platinum"
"2579","Hey Jude","The Beatles","enmHYsoCMkQ","platinum"
"3854","Hey Little Girl","Dee Clark","AsQ2bFKy2Cg","platinum"
"8838","Hey Look At The Sun","Siti","Vgps5Ilq9o4","platinum"
"8088","Hey Mama","Black Eyed Peas","XbiQxlmsgdI","platinum"
"7687","Hey Sexy Lady","Shaggy","_-cFJvVp2WM","platinum"
"9243","Hey There Delilah","Plain White T's","ZakEbWobIj0","platinum"
"4275","Hey Tonight","Ccr","IJVWtHmXmio","platinum"
"7809","Hey Ya","Outkast","W1ChFa02_U8","platinum"
"11181","Hey, Soul Sister","Train","VmXansa3xTg","platinum"
"8679","Hibok Hibok","Sullivan","vvWOTVyoZuM","platinum"
"3856","Hickory Dickory Dock","Various","UrmlgBdvf18","platinum"
"8576","Hide And Seek","Hale","0EwOzA1Ius4","platinum"
"9907","Higante","Ely Buendia And Francis","H2wsB72Rej8","platinum"
"11092","High","James Blunt","XhJe-8-NhyU","platinum"
"5105","High","Lighthouse Family","DwbFsya2rME","platinum"
"8257","High","Speaks","C7G6s7f9gL4","platinum"
"1629","High Hopes","Frank Sinatra","WB-k2rt_bJ0","platinum"
"1357","High School Life","Sharon Cuneta","_-POsNoXJwY","platinum"
"11446","Higher","Taio Cruz ft. Kylie","r-YcZ_Gtuu4","platinum"
"11451","Higher","The Saturdays","sc_jDArXoDg","platinum"
"6981","Higher","Creed","i7ISofaIR38","platinum"
"9579","Highway","Kitchie Nadal","nKbiJPLExBE","platinum"
"9821","Highway Star","Deep Purple","xHp96zx1ge0","platinum"
"9615","Higpit Ng Yakap","Patricia Javier","4eghHlVHM7E","platinum"
"8680","Higugma","Visayan Song","YaTm9LzEP6w","platinum"
"9928","Hi-Ho Silver Lining","Jeff Beck","EknAy1Z_nSk","platinum"
"9164","Hikaw Ni Lolo","Lito Camo","BTIqbRl-0OE","platinum"
"11001","Hiling","Silent Sanctuary","3UsSObPT3FY","platinum"
"8623","Hiling","Jay-R Siaboc","1FFlzAkA6CQ","platinum"
"8803","Hilot","Scrambled Eggs","npgpyuKrznI","platinum"
"9494","Hilot","Jay-R Siaboc","ktTcOuU7buc","platinum"
"5965","Himala","Rivermaya","yi1jwM6WIPk","platinum"
"8812","Himala","Yeng Constantino","R_WCKa_Zf-c","platinum"
"9406","Himig Ng Pag-ibig","Yeng Constantino","57tDYvzSjW4","platinum"
"1458","Himig Pasko","Apo Hiking Society","SshfbEI1d90","platinum"
"8046","Hinahanap Ng Puso","Gloc 9","S5Y9BFWfULY","platinum"
"6565","Hinahanap-Hanap Kita","Regine Velasquez","jPyx8LBB4ZI","platinum"
"9050","Hindi Ako Bakla","Michael V.","DympXKRopVI","platinum"
"0546","Hindi Ako Iiyak","The Flippers","-PKuVxdFR0w","platinum"
"1216","Hindi Ako Laruan","Mimi Baylon","5Lil2qIq0c0","platinum"
"9594","Hindi Ako Susuko","Rivermaya","HQqJP7Oti-A","platinum"
"0492","Hindi Kita Iwan","Rey Valera","Ii1CGIwDFaI","platinum"
"1274","Hindi Kita Malimutan","Nonoy Zuniga","x5q32yxZmE8","platinum"
"5718","Hindi Ma Pwedeng Mahalin","Girl Talk","4C_T59hC5UA","platinum"
"7600","Hindi Ko Akalain","Vit & Co.","q-ieOB_02gA","platinum"
"1197","Hindi Ko Kaya","Richard Reynoso","k6Zzo1jzlRI","platinum"
"8409","Hindi Ko Kayang Iwan Ka","Sheryn Regis","PYIeEnRyGgE","platinum"
"9051","Hindi Ko Na Kayang Masaktan Ka","Ogie Alcasid & Regine","Gab6l7cczPY","platinum"
"9685","Hindi Lang Sana Sa Pangarap","Rachel Alejandro","8RtcSS7dF-I","platinum"
"6566","Hindi Magbabago","Randy Santiago","I2EH-aYZ1vU","platinum"
"9870","Hindi Mo Ba Alam","Siakol","IWL6-qPVUCE","platinum"
"11499","Hindi Na Bale","Bugoy Drilon","OwQ4rztXtTw","platinum"
"6844","Hindi Na Bale","Jessa Zaragoza","GULLdi2ECbw","platinum"
"9578","Hindi Na Sana","Zelle","M8MMXRHmZjs","platinum"
"9165","Hindi Pa Pala Ikaw","Pops Fernandez","5wxD0KFldQg","platinum"
"8839","Hintay","Soapdish","0-UeZQ_qHEk","platinum"
"9766","Hintay","Callalily","JqtEmuCbhPA","platinum"
"5687","Hinumdumi","Visayan Song","nRJQTiKBJ80","platinum"
"1715","Hip To Be Square","Huey Lewis","BorW1I6zVPg","platinum"
"8467","Hips Don't Lie","Shakira","3rtSq7K7KtI","platinum"
"7419","Hiram","Zsa Zsa Padilla","heCOt8YkMsU","platinum"
"9307","Hiram","Session Road","76wedkoh0Fw","platinum"
"6750","Hit Me With Your Best Shot","Pat Benatar","Oy4WG7jCy9c","platinum"
"6865","Hitchin' A Ride","Greenday","71V45tDnpSU","platinum"
"11040","Hitik Sa Bunga","Brownman Revival","0RTEJyCuDRA","platinum"
"0117","Hiwaga Ng Pag-Ibig","Bing Rodrigo","jAGKHEo6rp0","platinum"
"11536","Hold It Against Me","Britney Spears","stVzpd5zjPI","platinum"
"4502","Hold Me","Menudo","DHueQlt9Kf8","platinum"
"9052","Hold Me In Your Arms","Regine Velasquez","ACo2lByIY64","platinum"
"1230","Hold Me Once Again","Cristy Garhatlian","_yjefdbTc40","platinum"
"2924","Hold Me Thrill Me","Johnny Mathis","QMILfteTxk0","platinum"
"11494","Hold My Hand","Michael Jackson ft","9JIZZPKfd40","platinum"
"11150","Hold On","Michael Buble","DJKS1mRMJIs","platinum"
"8546","Hold On","Shamrock","W6SvKyAb2Xk","platinum"
"9686","Hold On","Side A","UDqybuemjbQ","platinum"
"11721","Hold On 'Til The Night","Greyson Chance","DfotaOJMOeA","platinum"
"11761","Hold On To The Night","Richard Marx","nG1PhyYhFsI","platinum"
"0216","Hold The Line","Toto","cVn_1bQxVSg","platinum"
"9286","Hold You Down","Jennifer Lopez Ft. Fat","Sfqa4PBLoco","platinum"
"0972","Holding Back The Years","Simply Red","DMkfrRksG-w","platinum"
"8531","Holding Out For A Hero","Bonnie Tyler","O52enkT7pFE","platinum"
"8319","Hole In The Head","Sugababes","eX_jo1YYot0","platinum"
"0870","Holiday","Madonna","c2t6ABkvsqc","platinum"
"8291","Hollaback Girl","Gwen Stefani","k8PonWceMQo","platinum"
"11310","Holler Back","The Lost Trailers","jhWuziDSrbE","platinum"
"11349","Hollywood","Marina And The","VTRPr5qP2Zs","platinum"
"11351","Hollywood","Michael Buble","j4Wefj9NoI8","platinum"
"11806","Hollywood","Jojo","zxOKlku_4II","platinum"
"7383","Hollywood","Madonna","5KuYFzxdaCg","platinum"
"8884","Hombre","Sexbomb Girls","3i7EmQzCk5Q","platinum"
"15029","Home","Philip Philips","kq212GxYEco","platinum"
"44632","Home","Blake Shelton","C8XOoUlgeH8","platinum"
"8840","Home","Chris Daughtry","qAi2XyMS3dU","platinum"
"9443","Home","Aiza Seguerra","N66viLiJEtg","platinum"
"44698","Homecoming","Kanye West","-EMR6CfNWSo","platinum"
"11128","Homeless","Leona Lewis","0w2EBzI15hQ","platinum"
"11681","Hometown Glory","Adele","_TlVs0GJ2rM","platinum"
"0407","Homeward Bound","Simon & Garfunkel","68fP7eiZm4o","platinum"
"6415","Honestly","Harem Scarem","p-AQM02KL40","platinum"
"7210","Honestly","Billy Joel","uZXpd4l9Lxw","platinum"
"44725","Honey","Erykah Badu","TCrf4-DZ_58","platinum"
"6068","Honey Pie","The Beatles","iBgp9hbHGWc","platinum"
"0309","Honey, My Love So Sweet","April Boys","0m8vJvC39ec","platinum"
"0441","Honky Tonk Women","The Rolling Stones","TXVP0AIFfyc","platinum"
"3011","Hooked On A Feeling","BJ Thomas","NClXJ_NLZns","platinum"
"11835","Hope Is A River","Sean Kingston ft.","jRoetRKeXJA","platinum"
"4206","Hope You're Feeling Better","Santana","ro8mxxIP01s","platinum"
"7927","Hopeless Romantic","The Company","vl1nRcHDIeE","platinum"
"3146","Hopelessly Devoted","Olivia Newton John","VB-WAdHFmC4","platinum"
"4507","Horny","Mousse T","5fa-vF3larE","platinum"
"8952","Hot","Avril Lavigne","GLPfnbpQzw0","platinum"
"9429","Hot And Cold","Katy Perry","OWd-2SVsV50","platinum"
"7371","Hot Babes","Viva Hotbabes","yzvpTWLgWZI","platinum"
"5394","Hot Legs","Rod Stewart","Dw4QiulMkec","platinum"
"44731","Hot N' Cold","Katy Perry","OWd-2SVsV50","platinum"
"8329","Hot Na Hot","Barako Boys","y_u2lMN2Qac","platinum"
"3858","Hot Stuff","Donna Summers","U1uTOOuXqIs","platinum"
"2581","Hotel California","Eagles","tzbsJjq7MME","platinum"
"0832","Hound Dog","Elvis Presley","_BY8ouXph1E","platinum"
"0414","House Of The Rising Sun","Animals","C-tbyJLrTPc","platinum"
"0153","How Am I Supposed To Live Without You","Laura Branigan","GLbQbX0ziM0","platinum"
"2848","How Am I Supposed To Live Without You","Michael Bolton","JVN9XsGSQw0","platinum"
"11303","How 'Bout Them Cowgirls","George Strait","tKXcYM7kBbA","platinum"
"0797","How Can I Be Sure","","UgVVNCARHP4","platinum"
"11813","How Can I Fall","Jed Madela","6pWgaeElcW8","platinum"
"6866","How Can I Fall","Breathe","DAydmkcKBAE","platinum"
"8018","How Can I Forget You","Nexus","UxQkmOJIzBA","platinum"
"2654","How Can I Tell Her","Lobo","x0SMymUchOM","platinum"
"0239","How Can I Tell You","Cat Stevens","QjGBv-5uNGg","platinum"
"5245","How Can You Mend A Broken Heart","Bee Gees","Qg_YAXeKIQ0","platinum"
"0338","How Could An Angel Break My Heart","Toni Braxton","W2Y70WW8w2k","platinum"
"11070","How Could I","Paraluman","CmNugklEvyM","platinum"
"6416","How Could You Leave","Regine Velasquez","AO3qA7RhRaw","platinum"
"8145","How Could You Say You Love Me","Sarah Geronimo","eq8KgdhwkGI","platinum"
"2840","How Deep Is Your Love","Beegees","DGe7YLb8ajU","platinum"
"7845","How Did I Fall In Love","Backstreet Boys","TSXgVo4TBxA","platinum"
"1465","How Did You Know","Chiqui Pineda","Yg0vMQzAPoQ","platinum"
"8048","How Did You Know","Gary V.","9kz3q41rSZY","platinum"
"0339","How Do I Live","Trisha Yearwood","hMz68l6aSpY","platinum"
"4511","How Do You Do","Per Gessle","OeMoTGMRfgI","platinum"
"1014","How Do You Keep The Music Playing","James Ingram","-b9dbmcyUxA","platinum"
"11111","How Do You Sleep","Jesse McCartney","xI_0eo9QOhc","platinum"
"6113","How Do You Want Me To Love You","911","FVVgulVXQRs","platinum"
"0033","How High The Moon","Jerry Vale","EubJUNtDhIc","platinum"
"0345","How Many Hours","Michael Learns..","9gs3qBmYhwA","platinum"
"4514","How Many People","","tYPAxX8fdzQ","platinum"
"1665","How Much Is That Doggie In The Window","Freddie Fender","UfkPGR5j_DI","platinum"
"9166","How Soon","Matt Monroe","Sq7qWlDV2s0","platinum"
"0706","How Sweet It Is","James Taylor","cx83_2XeOnM","platinum"
"11818","How To Love","Lil Wayne","Ter_h0Nl16A","platinum"
"8556","How To Save A Life","The Fray","8V6bKykwQug","platinum"
"4515","How Was I To Know","","OtB7--4udXg","platinum"
"4207","How Will I Know","Whitney Houston","Mq9IidEy4So","platinum"
"44584","How You Remind Me","Nickelback","J_FhZ-n3B5M","platinum"
"0476","However Which Way","Introvoys","usdHJlkSP-M","platinum"
"4951","Hudas Ka","Mae Rivera","vEdxPGBMioc","platinum"
"8615","Huling Hiling","Gagong Rapper","ofYeNMJyerg","platinum"
"11994","Huling Sayaw","Kamikazee Feat. Kyla","1TvGMm7cahE","platinum"
"6937","Hulog Ka Ng Langit","Lianne Loren","J2BjYFDb0TY","platinum"
"8959","Hulog Ng Langit","Sofie","SnS3ym9rZ38","platinum"
"0269","Human","Human League","WvVU-ZbgyQ4","platinum"
"11112","Human","The Killers","rip-TSrH5aw","platinum"
"9531","Human","M.Y.M.P.","kQJ1Sn6NOgg","platinum"
"7874","Human Nature","Kyla","Q4ugD0Kp6WI","platinum"
"9993","Human Nature","Billy Crawford","kUkz5mL2gno","platinum"
"5490","Humarap Ka Ng Parang","Andrew E.","U-nNh1kISCg","platinum"
"8273","Hung Up","Madonna","OsY--OOsIZA","platinum"
"6385","Hungry Like A Wolf","Duran Duran","GmzRIaRCo_M","platinum"
"7384","Hunter","Dido","QgvXGGz-w1c","platinum"
"8536","Hurt","Christina Aguilera","Gtp96mFyfDs","platinum"
"44651","Hurt Again","Mary J. Blige","WAQ3fHn08Vg","platinum"
"0589","Hurting Each Other","Carpenters","b7jrP9aN97M","platinum"
"5298","Hurting Inside","Foj","oCkda1olkaQ","platinum"
"11129","Hush Hush","Pussycat Dolls","0Sp1FNLtODA","platinum"
"11049","Hush Hush; Hush Hush","Pussycat Dolls","0Sp1FNLtODA","platinum"
"4518","Hush Little Baby","","gGOy1ztKG_w","platinum"
"9460","Huwag Ka Lang Magpapa Boogie","Willie Revillame","_UwV8WcwDLc","platinum"
"9167","Huwag Ka Nang Lumuha","Bing Rodrigo","TU3eoboG0AA","platinum"
"5966","Huwag Ka Ng Babalik","Roselle","b1RQtUL-J48","platinum"
"9251","Huwag Ka Ng Umiyak","True Faith","ajhDMsl6yTY","platinum"
"7775","Huwag Kang Lalayo","Aiza Seguerra","BqTvbhRMEVc","platinum"
"11201","Huwag Kang Malakot","Eraserheads","EN1welr5pfM","platinum"
"7109","Huwag Limutin","Keynotes Chorale","bPVJvFA8wv8","platinum"
"11649","Huwag Mo Na Munang Sabihin","Siti","czmwQIKR9vc","platinum"
"9053","Huwag Mo Nang Itanong","M.Y.M.P.","akyvJF3JcKc","platinum"
"5590","Huwag Mo Ng Itanong","Eraserheads","TJEUq3iKbas","platinum"
"9687","Huwag Mong Itatanong","Toni Daya","PPaiTZmCC48","platinum"
"11725","Huwag Mong Iwan Ang Puso","Aiza Seguerra","DPMaPR6KGKM","platinum"
"6372","Huwag Na Huwag","Tagerine","55hYyBXuD_A","platinum"
"1534","Huwag Na Lang Kaya","True Faith","MfLJk_rZJyw","platinum"
"5719","Huwag Naman","Nerrisa","SJJPfDDwf7c","platinum"
"8387","I","6 Cycle Mind","CRaWuREaef8","platinum"
"8280","I Alone","Live","A_soKxQslo0","platinum"
"8155","I Always Get Caught...","Dionne Warwick","qQQ49ffcnYU","platinum"
"8164","I Am But A Small Voice","Leah Salonga","KaYV19Gd6GA","platinum"
"11616","I Am The Best","2ne1","RqGNSsGSKlU","platinum"
"4519","I Am What I Am","La Cage Aux Folles","mz4ITUfZ9js","platinum"
"0707","I Am Woman","Helen Reddy","gT4-AYHlRp4","platinum"
"5591","I Believe","Tom Jones","reQegrr0IgE","platinum"
"9740","I Believe","Amee Hidalgo","UJzU_Q8xo_U","platinum"
"8346","I Believe (Sassy Girl)","Jimmy Bondoc","lKUw2KNkR-s","platinum"
"4345","I Believe I Can Fly","R. Kelly","qaxkpihAGsE","platinum"
"1325","I Believe In Dreams","Janno Gibbs","UVLjfL3v1jI","platinum"
"8172","I Believe In The Thing...","The Darkness","-yo3JZzYu38","platinum"
"1124","I Believe In You","Don Williams","F_cUogRHP20","platinum"
"8128","I Believe In You","Kylie Minogue","q8KB5fiBdyM","platinum"
"9168","I Believe In You","Jessa Zaragoza","Yq5n8zE4-F8","platinum"
"9915","I Bet You Look Good On The Dance Floor","Arctic Monkeys","tl4hjWZDAs8","platinum"
"11113","I Call It Love","Lionel Richie","5iEuXFczcIY","platinum"
"5003","I Can","Donna Mikee Regine","2Fu1MD-FscE","platinum"
"0871","I Can Dream About You","Dan Hartman","GomFUA8sPaw","platinum"
"1015","I Can Love You Like","All-4-One","mf4zS7cuOYA","platinum"
"0708","I Can See Clearly Now","Hothouse Flowers","DMI1F1dFr7k","platinum"
"8375","I Can Wait Forever","Air Supply","t-JpDQ7WcWA","platinum"
"1700","I Can't Be With You","Cranberries","l8bZb3BfcNc","platinum"
"7921","I Can't Dance","Genesis","ewp_OZuFU0E","platinum"
"5967","I Can't Find The Words","David Gates","5Yk9MwpJd2w","platinum"
"7497","I Can't Get Over You","Lionel Richie","wGS0I69EDjE","platinum"
"8512","I Can't Let Go","Air Supply","9hg4YU0hiBs","platinum"
"9169","I Can't Live Without","Imelda Papin","8ne9-ZBkpy4","platinum"
"0550","I Can't See Nobody","Bee Gees","26KwZSQ7k5k","platinum"
"2582","I Can't Stop Lovin You","Ray Charles","ofS-ycsw28A","platinum"
"5592","I Can't Tell You Goodbye","Helen Reddy","kqDLnfDOa6s","platinum"
"2830","I Can't Tell You Why","The Eagles","Iswb5lEX_QM","platinum"
"8448","I Care","Rachel Ann Go","zoUQrF8NRf0","platinum"
"0689","I Could Easily Fall In Love","Cliff Richard","A75vdSSPwyk","platinum"
"0340","I Could Fall In Love With You","Selena","BpTjGfKl_-8","platinum"
"0715","I Could Have Danced All Night","Paula Mesina","V6qcBRNQmw4","platinum"
"9995","I Could Not Ask For More","Edwin McCain","tuY084gN7fA","platinum"
"5823","I Cross My Heart","George Strait","Ylykl65PLXU","platinum"
"3472","I Dig Rock And Roll","Peter Paul And Mary","MAtq7viy4EU","platinum"
"5147","I Do","98 Degrees","8PJsHYOVX7U","platinum"
"7846","I Do","Lisa Loeb","1LhSUWFrJMA","platinum"
"2943","I Do I Do I Do","Abba","E-tPyIEUQBA","platinum"
"6114","I Do Love You","Eddie Peregrina","mexizwNINQY","platinum"
"11114","I Do Not Hook Up","Kelly Clarkson","iUFtY7c2aTk","platinum"
"7498","I Don't Wanna Lose Your Love","Roselle Nava","woPonmFk5Xw","platinum"
"8317","I Dont Care","Ricky Martin","kaSVI4kVrEk","platinum"
"9863","I Don't Care","2ne1","aq3FIkR-RhE","platinum"
"9949","I Don't Feel Like Dancing","Scissors Sisters","MQalR4ohfEA","platinum"
"11731","I Don't Have The Heart","James Ingram","doFS49XWp90","platinum"
"9833","I Don't Have The Heart","Kyla","B2uvo6XeMEY","platinum"
"2808","I Don't Know How To...","Helen Reddy","hP3OBcS42D0","platinum"
"9961","I Don't Like Mondays","The Boomtown","ffLwOYnGrvY","platinum"
"2690","I Don't Like To Sleep Alone","Paul Anka","PZIz3-1AmKg","platinum"
"1339","I Don't Mean A Thing","Sharon Cuneta","AF328wVIVBI","platinum"
"8146","I Don't Wanna Be Your Friend","Nina","-IrItTA-cQA","platinum"
"3152","I Don't Wanna Go On...","Elton John","SemUkL_lDbg","platinum"
"8161","I Don't Wanna Lose You","The Spinners","XoWH3EHtnPo","platinum"
"11787","I Don't Wanna Lose Your Love","John O'banion","S2LlzOQlBFk","platinum"
"2815","I Don't Wanna Talk About It","Rod Stewart","uq4v8tWmUfA","platinum"
"5443","I Don't Wanna Wait","Paula Cole","mZuUcrh8Gw4","platinum"
"5361","I Don't Want To","Toni Braxton","yiorA45RtPE","platinum"
"11046","I Don't Want To Fall","Juris","jepcNw6FO2A","platinum"
"4523","I Don't Want To Miss A Thing","Aerosmith","s9Qc54Jp-6M","platinum"
"7300","I Don't Want To Spoil The Party","The Beatles","UpEErWqiC-s","platinum"
"5593","I Don't Want You To Go","Lani Hall","9iDz36OFHFI","platinum"
"9809","I Don't Want You To Go","Kyla","HkWTfAlDu2o","platinum"
"9688","I Dream Of Christmas","Ariel Rivera","BLi38fP962k","platinum"
"4323","I Drive Myself Crazy","NSync","u6zR-RzVllQ","platinum"
"11707","I Fall Over Again","Dan Hill","XCUfT_47ADg","platinum"
"2944","I Feel Fine","The Beatles","sj00IrOXO3s","platinum"
"5917","I Feel For You","Chaka Khan","sTDbhlcerTE","platinum"
"44574","I Feel Good","James Brown","V3AYU6TiUJo","platinum"
"3473","I Feel Love","Donna Summer","PO6sLC_cZiU","platinum"
"0709","I Feel The Earth Move","Carole King","D9Le4IAckDI","platinum"
"5751","I Finally Found Someone","Adams & Streisand","SUAj1n_gz_8","platinum"
"4524","I Found Someone","Michael Bolton","lWl6WY1WCFA","platinum"
"4208","I Get A Kick","Frank Sinatra","N82ZfgX8NVU","platinum"
"3155","I Get Around","Beach Boys","A3bMKzqzvDQ","platinum"
"44363","I Get Lost","Eric Clapton","2jEhN7OA8Rw","platinum"
"7629","I Give My Life To You","Praise Song","_K5k1AG9Kx0","platinum"
"0341","I Go Crazy","Barry Manilow","TJs_D0Xtlms","platinum"
"44669","I Got It From My Mama","Will.I.Am","eu3asPziCeA","platinum"
"4526","I Got You","James","kbQbfGfOeQk","platinum"
"7451","I Got You Babe","Sonny & Cher","xm-oiJHg5Tk","platinum"
"2886","I Got You Under My Skin","","lnexTDersaA","platinum"
"44848","I Gotta Feeling","Black Eyed Peas","GzoTgLGX7IM","platinum"
"5935","I Hab Hands","Max Surban","8CAe-6eRNjM","platinum"
"2831","I Hate Everything About You","Joan Jett","UytCvjEFtPs","platinum"
"7928","I Hate Everything About You","Ugly Kid Joe","0hDLpnZYKEU","platinum"
"44759","I Hate This Part","Pussycat Dolls","yirQGADS-9E","platinum"
"3404","I Have A Dream","Abba","n4yhmONZimc","platinum"
"0680","I Have Nothing","Whitney Houston","CS1Xf9hfUCk","platinum"
"8529","I Have You","Carpenters","iRX332y5YKE","platinum"
"3157","I Heard It Through The Grapevine","Marvin Gaye","K2R7gqE0sYA","platinum"
"6115","I Honestly Love You","Olivia Newton John","fzxB7_FAtVM","platinum"
"2589","I Just Called To Say I Love You","Stevie Wonder","x-ufoMYaVYE","platinum"
"0170","I Just Can't Stop Loving You","Michael Jackson","msAUd-SZMyc","platinum"
"3366","I Just Can't Wait To Be A King","Lion King Theme","LFXCgHs-jxo","platinum"
"5880","I Just Didn't Know..","Nicky Holland","uQizJx3Km2E","platinum"
"2682","I Just Fall In Love Again","Anne Murray","5sVOFufOw1I","platinum"
"3158","I Kept On Loving You","R. Carpenter","R9ntYfpKhyo","platinum"
"9383","I Kissed A Girl","Katy Perry","2Qq0hEUmnRY","platinum"
"4317","I Knew I Loved You","Savage Garden","7dT3YDGoJJ4","platinum"
"44859","I Know","Jay-Z and Pharrell","NKBSwvkIORs","platinum"
"8251","I Know","Yasmien Kurdi","73sK4kexsDE","platinum"
"9172","I Know","Tom Jones","l4lHAiYGzdE","platinum"
"4528","I Know Him So Well","Whitney Houston","1tg__0kCLMk","platinum"
"44868","I Know You Want Me","Pitbull","39vxbgAovls","platinum"
"5491","I Lay My Love On You","Westlife","A99hnlZovA8","platinum"
"2787","I Left My Heart In San Francisco","Frank Sinatra","WT26XRhI2Kw","platinum"
"2583","I Like Chopin","Gazebo","SjO3tByJnHE","platinum"
"11340","I Like It","Enrique Iglesias ft","lEk-PaHJIKc","platinum"
"9985","I Like You So Much Better When You're Naked","Ida Maria","IdhfP6UmwWw","platinum"
"8026","I Live For Your Love","Natalie Cole","y2bcZcOl94k","platinum"
"6569","I Live My Life For You","Firehouse","lJjhy4LzO4I","platinum"
"6568","I Live To Know You","Darlene Zscech","x-wivfdw60I","platinum"
"4529","I Love A Rainy Night","Eddie Rabbit","sjCgMwokXI4","platinum"
"5444","I Love All The Way","Jannie Frickie","dH4WuMkuvqk","platinum"
"2942","I Love How You Love Me","Paris Sisters","Oqc00Iqa2P4","platinum"
"8027","I Love Paris Every Moment","Frank Sinatra","xHKOyt60HjI","platinum"
"0004","I Love Rock And Roll","Joan Jett","dg9T9zaCN0M","platinum"
"7075","I Love Rock 'N Roll","Britney Spears","KHsxBLNP-7M","platinum"
"3163","I Love The Night Life","Alicia Bridge","NsjjXBteboE","platinum"
"4326","I Love The Way You Love Me","Boyzone","1BNmYZJM208","platinum"
"11438","I Love You","Willie Revillame","ZsFPMvuF2ZE","platinum"
"11954","I Love You","2NE1","verbQzuoAwY","platinum"
"3869","I Love You","Celine Dion","YzuYNcCkLD0","platinum"
"8796","I Love You 1 2 3","Mom's Cake","RAJWITmm8D0","platinum"
"6379","I Love You All The Way","Janie Frickie","dH4WuMkuvqk","platinum"
"1569","I Love You And..","Jam Morales","0NC-3htA7EI","platinum"
"0035","I Love You For Sentimental Reasons","Linda Ronstadt","oYYzviy6_p0","platinum"
"11330","I Love You Girl","Xlr8","V4xFZT6lQ1s","platinum"
"6570","I Love You Goodbye","Celine Dion","zmogyh_t_II","platinum"
"9689","I Love You Goodbye","Nina","qpUg7ALOmx8","platinum"
"5969","I Love You Na Lang Sa Tago","Aegis","YGoEVQLYMi0","platinum"
"3870","I Love You-You Love Me","Koreana","tv_9KCT40Yc","platinum"
"6210","I Love Your Smile","Shanice","W5TwQSk-frM","platinum"
"11219","I Luv It","Young Jeezy","doWX2y_u-ms","platinum"
"0979","I Made It Through The Rain","Barry Manilow","yIiAjHxWH3c","platinum"
"9834","I Miss You So Much","Kyla","tMQF2_PEdB8","platinum"
"1309","I Need To Be In Love","The Carpenters","fnjBflvo5B0","platinum"
"7691","I Need To Be Next To You","Leigh Nash","EkDH3tY7mzI","platinum"
"0561","I Need You","America","WakHU9Gl3wQ","platinum"
"7680","I Need You","Leann Rimes","2uF-ZTcSR9Q","platinum"
"8113","I Need You","3T","vWg9KIhKEsY","platinum"
"1229","I Need You Back","R. Lauchengco","R2OtimCmtDE","platinum"
"11061","I Never Cry","Iya Villana","ybqhgDJJhbU","platinum"
"5253","I Never Cry","Alice Cooper","lLJ839ozNIY","platinum"
"7499","I Never Dreamed Someone Like You","Cathy Irving","oe8s52t-FW4","platinum"
"4530","I Never Loved A Man","Aretha Franklin","J5OFjgoxW30","platinum"
"7983","I Never Loved You Anyway","Corrs","GtH8gqsE_pQ","platinum"
"0046","I Only Have Eyes For You","Art Garfunkel","dYXrymg3Ilc","platinum"
"2846","I Only Wanna Be With You","Dusty Springfield","n9XCZIIMLww","platinum"
"9930","I Predict A Riot","Kaiser Chiefs","nYQUN0TXFZE","platinum"
"9173","I Promise You","Ogie Alcasid","R2tXVn-MRwQ","platinum"
"2863","I Put A Spell On You","CCR","wxgnMt7LYFI","platinum"
"2584","I Really Don't Want To Know","Elvis Presley","hDNffV4y8JI","platinum"
"0537","I Remember The Boy","Joey Albert","YQkMXCGJlqw","platinum"
"11393","I Remember The Girl","Christian Bautista","Z7-g_IH-qfQ","platinum"
"8028","I Remember You","Skidrow","v7yT0_Sg2l0","platinum"
"44796","I Said Never Again","Rachel Stevens","YJ34QvG6aXs","platinum"
"44639","I Saw God Today","George Strait","zwkswRyJ-Sk","platinum"
"2771","I Saw Her Standing There","The Beatles","oFDWewDz8Ns","platinum"
"3483","I Saw Mommy Kissing Santa Claus","Christmas Song","JSzDfuDN3aI","platinum"
"3482","I Saw Three Chips","Christmas Song","o8T-KWrFu-Q","platinum"
"0873","I Second That Emotion","Smokey Robinson","L8TTZWMdyDQ","platinum"
"3161","I Shot The Sheriff","Bob Marley","h-nv4Kj_CeQ","platinum"
"9932","I Should Be So Lucky","Kylie Minogue","Es__5sBoaT4","platinum"
"3003","I Should Have","","IcJbyalvuGk","platinum"
"2699","I Started A Joke","Bee Gees","X9BESBcuEuU","platinum"
"9575","I Stay In Love","Mariah Carey","AggrOBiE_Gk","platinum"
"8364","I Still","Backstreet Boys","CaWwehmAXK8","platinum"
"5119","I Still Believe","Mariah Carey","Ksew0x6-ysA","platinum"
"9616","I Still Believe In Love","Jaya","g4JmLxZCPdg","platinum"
"8475","I Still Believe In Loving You","Sarah Geronimo","uqMpFLwAlu8","platinum"
"4210","I Still Haven't Found What I'm..","U2","OEEgCOUXyOQ","platinum"
"44645","I Still Miss You","Keith Anderson","oELdCkQiV7Q","platinum"
"44387","I Surrender","Laura Pausini","Fq2H5wiH15U","platinum"
"0596","I Swear","All 4 One","jXDa2YJAQ4s","platinum"
"3165","I Thank You","Sam And Dave","S6K1mK4Ml1o","platinum"
"7500","I Think I Love You","Partridge Family","mmI776UDWrI","platinum"
"8029","I Think I'm In Love","Piolo Pascual","ZBR_WG5Lo-U","platinum"
"9637","I Think I'm In Love","Kuh Ledesma","03_Ky67a8CI","platinum"
"5148","I Think I'm In Love With You","Jessica Simpson","Q8W6jDegsXY","platinum"
"11379","I Told You So","Randy Travis","BWEfoxPbg3c","platinum"
"6655","I Truly Love You","F4","3P-N_osvqF0","platinum"
"44398","I Try","Macy Gray","FWtiddU5BIQ","platinum"
"5799","I Turn To You","Cristina Aguilera","lCr7VgItLfE","platinum"
"0872","I Understand","Herman's Hermit","f_Q8oqhSVwk","platinum"
"9954","I Wanna Be Adored","Stone Roses","po-GWn_wtpE","platinum"
"44540","I Wanna Be Bad","Willa Ford","1Q43UAbMFpU","platinum"
"5149","I Wanna Be With You","Mandy Moore","GEGqWPJKO28","platinum"
"1363","I Wanna Be Your Lover","Cascades","x-gnXLZviek","platinum"
"1668","I Wanna Dance","Mtr","3GgYr8pq8g0","platinum"
"0271","I Wanna Do It With You","Barry Manilow","ES2MExa1C_Q","platinum"
"11597","I Wanna Go","Britney Spears","NW_nyrL1y00","platinum"
"0406","I Wanna Hold Your Hand","Beatles","byhOlv1UvBQ","platinum"
"9054","I Wanna Know What Love Is","Sarah Geronimo","oemPFsqqnyY","platinum"
"9308","I Wanna Love You","Akon Ft. Snoop Dogg","wD6zwKd6ESQ","platinum"
"7648","I Wanna Play Bey Blade","Sooper Babes","sUfzfg-wj3k","platinum"
"7211","I Wanna Wake Up With You","Boris Gardner","Ly6dN2exkJ8","platinum"
"44762","I Want It All","Sharpay And Ryan","_c8bxHSanCo","platinum"
"7308","I Want It That Way","Backstreet Boys","NxilU56kPu0","platinum"
"7372","I Want To Be More Like You","Eugene Greco","xLqavfcZYQs","platinum"
"0573","I Want To Break Free","Queen","y_IIuMX0rHA","platinum"
"0005","I Want To Dance With Somebody","Whitney Houston","st-yPBxRVPM","platinum"
"5445","I Want To Give","Perry Como","m6ZlA9FC-BY","platinum"
"1350","I Want To Give It All","Air Supply","fhnVR_RtkEE","platinum"
"0874","I Want To Know What Love Is","Foreigner","p1r1DHgYm9Y","platinum"
"11077","I Want To Know What Love Is","Mariah Carey","NrTVaaoFOWk","platinum"
"5301","I Want To Spend My Lifetime Loving You","Tina Arena And Mark","tpDAgYxLgq8","platinum"
"3872","I Want To Walk You Home","Fats Domino","YixG6hNsvvA","platinum"
"0775","I Want You","Elvis Presley","bH0HABu3OEo","platinum"
"8031","I Want You","Savage Garden","m6X5p5LpQoU","platinum"
"3167","I Want You Back","F. Perren","IYYwuh2raj8","platinum"
"7309","I Want You For My Self","Another Level","lLaOC36fiCk","platinum"
"5885","I Was Born To Love You","Eric Carmen","nU6h6tH2Uyg","platinum"
"8032","I Was Born To Make You","Britney Spears","nBiknjHUVo4","platinum"
"5446","I Was Looking For Someone","Leif Garret","cBjSKhN2Ygs","platinum"
"3487","I Was Made For Loving You","Kiss","u_h7-nHc5hs","platinum"
"2873","I Went To Your Wedding","Patti Page","u9pjOg5_qtc","platinum"
"1421","I Whistle A Happy..","The King And I","4wubPxhE-u4","platinum"
"2905","I Who Have Nothing","Tom Jones","Mr1Wl9wDJJ0","platinum"
"2947","I Will","The Beatles","i1iYXEIwRGA","platinum"
"11740","I Will Always Love You","Kenny Rogers","4gfObdeRNqI","platinum"
"3168","I Will Always Love You","Whitney Houston","8kotNQ07ZEw","platinum"
"8852","I Will Always Love You","Rachelle Ann Go","kXFy2V9d4QY","platinum"
"0342","I Will Be Here","Steven Chapman","0Puq8-jbrhk","platinum"
"9617","I Will Be Here","Gary V.","2D9ewpAAe2c","platinum"
"0508","I Will Be Here For You","Michael W. Smith","8vuxzPU5dx8","platinum"
"7618","I Will Be There","Kyla","dfScxFtv1h8","platinum"
"4536","I Will Be Waiting","Lisa Stansfield","AeOZmlfAMhs","platinum"
"7373","I Will Bless The Lord","Daniel Gardner","zf4yTHzGSf0","platinum"
"6389","I Will Carry Upon The Lord","K Corales","wZfnGo7PbqI","platinum"
"0184","I Will Follow Him","Petula Clark","dLKqzvbiOYU","platinum"
"9174","I Will Give My Love","Cristy Mendoza","CLWeW8tOGbI","platinum"
"6581","I Will Love Again","Lara Fabian","O9pA7Oa_MiE","platinum"
"4273","I Will Survive","Gloria Gaynor","FsUa8P-L2Ag","platinum"
"9973","I Will Take You Forever","Christopher Cross","Lk2j6q9JFb4","platinum"
"0471","I Wish The Phone Would Ring","Expose","RJPVYnyEBs8","platinum"
"8904","I Wish You Love","Kyla","3OZLE3SChwc","platinum"
"11949","I Won't Give Up","Jason Mraz","UdxPKQ0_PdE","platinum"
"9309","I Won't Go Home Without You","Maroon 5","VxTMkOPnSrw","platinum"
"1538","I Won't Hold You Back","Toto","9Bl8lqIzo0w","platinum"
"0065","I Won't Last A Day Without You","Carpenters","ewTvf3Bwp3U","platinum"
"4538","I Won't Send Roses","Mack & Mabel","cH1Jzu0IQMg","platinum"
"0343","I Wouldn't Be Here","Belinda Carlisle","dBoMA-YrA7Q","platinum"
"0415","I Write The Song","Barry Manilow","vnuxdXVy8_w","platinum"
"9448","I'll Be Loving You Longtime","Mariah Carey ft. T.I.","14av1iq39s0","platinum"
"9253","I've Fallen In Love","Sam Milby","BScIBuactZo","platinum"
"11793","Iba Ka Na Pala Ngayon","Mike Luis","ON8-IZU757Q","platinum"
"7616","Iba Ka Sa Lahat","Roel Cortez","7WgfBbgnATY","platinum"
"0311","Ibang-Iba Ka Na","Renz Verano","s2hrEFkU3_c","platinum"
"5447","Ibaon Mo","Selina Sevilla","DtozlmykZ1E","platinum"
"1265","Ibig Kong Magtapat","","xaBer0JpuhY","platinum"
"9511","Ibigay Mo Baby","Willie Revillame","YiDfWYM90GI","platinum"
"5150","Ibigay Mo Na","Jessa Zaragoza","AH0D3YV5uzI","platinum"
"7212","Ibigin Mo Mahal","Sessionist","tHqkLA1E3ac","platinum"
"8945","Ibog Ibog","Mantequilla","FqSx2VPjg6g","platinum"
"9175","Ibulong Mo Sa Hangin","Claire Dela Fuente","WPyoYbPm9fM","platinum"
"7875","Ibulong Sa Hangin","Sarah Geronimo","oy0uXtqvQM8","platinum"
"0645","Ice Ice Baby","Vanilla Ice","CmER6_swceY","platinum"
"6211","Icicle","The Cranberries","zeuhIG-eHK8","platinum"
"44708","I'd Lie","Taylor Swift","qmzFU0xtcLQ","platinum"
"0034","I'd Like To Teach The World To Sing","New Seekers","BP5T4wzVlvA","platinum"
"2655","I'd Love You To Want Me","Lobo","HUmfghYpiTo","platinum"
"6480","I'd Rather","Luther Vandross","Wvv43gyB6no","platinum"
"11712","I'd Really Love To See You Tonight","England Dan & John Ford","_iRMYZ_ZOc4","platinum"
"9176","I'd Still Say Yes","Climax","kzaY74eviaM","platinum"
"9853","Idlip","Imago","R4m3riGJ7rU","platinum"
"2688","If","Bread","CVKZW6obgUw","platinum"
"5004","If","Nelson Del Castillo","FNi1l5zn_eA","platinum"
"8295","If","Rivermaya","vM3jTjZ20Wo","platinum"
"4549","If All The Raindrops","Traditional","716vZ4V5MkA","platinum"
"8033","If Ever You're In My Arms","Peabo Bryson","xHqxRGuwzno","platinum"
"5299","If Ever You're In My Arms Again","Peabo Bryson","xHqxRGuwzno","platinum"
"11093","If Everyone Cared","Nickelback","VDRgfTvSKmE","platinum"
"8151","If I Ain't Got You","Alicia Keys","M5Q0eiMzup0","platinum"
"8933","If I Believe","Jinky Vidal","Om4z5-O5x0Q","platinum"
"6571","If I Can Dream","Elvis Presley","mngzaa-UB20","platinum"
"5425","If I Can't Have You","Bee Gees","u8QQuMJeJ24","platinum"
"5303","If I Could","Jonathan Davis","pSABKRTtJM8","platinum"
"44415","If I Could Turn Back The Hands Of Time","R. Kelly","GSi3PnJRLbk","platinum"
"44345","If I Could Turn Back Time","Cher","yBwqQxVXt1o","platinum"
"11368","If I Die Young","The Band Perry","O19c8OMCykY","platinum"
"0570","If I Ever Loose My Faith..","Sting","DAuy_IKEiVI","platinum"
"3004","If I Fell","The Beatles","PzWzVT916j8","platinum"
"11062","If I Give You My Heart","Toni Gonzaga","FrfisT2yNz4","platinum"
"44335","If I Had 1","000","000","Barenaked Ladies"
"6424","If I Had Hammer","Peter Paul & Mary","MMiWNWwb-yk","platinum"
"8624","If I Keep My Heart Out Of Sight","Nikki Gil","XTo1PzxsrVo","platinum"
"4551","If I Let You Go","Backstreet Boys","fIUiiBUrfOU","platinum"
"0876","If I Needed You","D. Williams","xepTDfLCISc","platinum"
"44678","If I Never See Your Face Again","Maroon 5 Feat.","YVSXA0VY-Ck","platinum"
"5448","If I Never Sing Another Song","Matt Monro","ZG48c0pWNoA","platinum"
"4552","If I Said You Have A Beautiful","","PQLGcx5WUpQ","platinum"
"9177","If I Should Love Again","Barry Manilow","WxCCcD02Oy0","platinum"
"1579","If I Sing You A Love Song","Bonnie Tyler","k6gcSuNufhA","platinum"
"9979","If I Were A Boy","Beyonce Knowles","56kZ5BYfO6E","platinum"
"1030","If I'm Not In Love With You","Kathy Troccoli","IKK966-qcSc","platinum"
"4544","If It Makes You Happy","Sheryl Crow","rTLWSaDGrqw","platinum"
"6425","If Life Is So Short","The Moffatts","ugz9tJxgTF4","platinum"
"1493","If Looks Could Kill","Heart","uU_mzU2PYNo","platinum"
"0016","If Love Is Blind","Tiffany","HyxGyE459sQ","platinum"
"1050","If The Feeling Is Gone","Ella May Saison","rNH3nec_j2E","platinum"
"9055","If The Feeling Is Gone","Kyla","48tsA8MMgwQ","platinum"
"2891","If There Was Any Other Way","Celine Dion","5N5Xg74-SMg","platinum"
"0973","If This Is It","Huey Lewis","3-fDRq56hT0","platinum"
"0560","If This Is Love","Melissa Manchester","mK_heq8qCLg","platinum"
"11220","If Today Was Your Last Day","Nickelback","DQSDMgWev2E","platinum"
"0953","If Tomorrow Never Comes","Garth Brooks","G8Jt_pl50U8","platinum"
"6117","If Tomorrow Never Comes","Ronan Keating","D5vvcRaZYOU","platinum"
"1172","If We Can Have More Time","Jose Mari Chan","u_Dz2T3-1eI","platinum"
"11146","If We Ever Meet Again","Timbaland Ft Katy Perry","-G6L_v1sshM","platinum"
"8790","If We Fall In Love","Yeng & Jr","6HL-Byd4tao","platinum"
"0559","If We Hold On Together","Diana Ross","QWUnq-ULS6E","platinum"
"5596","If We Try","Aiza Seguerra","A2OBsypfr6g","platinum"
"4213","If You Asked Me To","Celine Dion","eg0D-BTxbXw","platinum"
"11561","If You Can Afford Me","Katy Perry","48gd3rLu98w","platinum"
"7685","If You Come Back","Blue","fvslu_Ii9NY","platinum"
"44658","If You Didn't Love Me","Phil Stacey","O1VPeae8RbU","platinum"
"4306","If You Had My Love","Jennifer Lopez","13Eq-FVR4Yc","platinum"
"0926","If You Leave","Me Now","dT1VoAKr1B8","platinum"
"4347","If You Leave Me Now","Chicago","dT1VoAKr1B8","platinum"
"3878","If You Love Me","Branda Lee","8eH67OFJIoM","platinum"
"4214","If You Love Somebody Set Them Free","Sting","P8QbW4BKj4g","platinum"
"1016","If You Remember Me","Barry Manilow","HdrjrZ3dPdU","platinum"
"9755","If You Seek Amy","Britney Spears","nnFBuUXxOAw","platinum"
"0553","If You Walk Away","David Pomeranz","xe_eBbauWOk","platinum"
"8403","If You Walk Away","Rahcelle Ann Go","aC1P9cmcUBg","platinum"
"6512","If Your Heart's Not In It","Westlife","rqIpcme55gE","platinum"
"11297","If You're Going Through Hell","Rodney Atkins","7c3bUSuQqDQ","platinum"
"5449","If You're Gone","Matchbox","_3aWeFA62jI","platinum"
"7501","If You're Happy","Nursery Rhymes","CDQXSyiR6Kw","platinum"
"6825","If You're Heart's Not","Westlife","8ju1njMMEjw","platinum"
"11791","If You're Not Here","Menudo","T2wUGJ7WbAY","platinum"
"6572","If You're Not The One","Daniel Beddingfield","Z1fEmiHYgCU","platinum"
"9592","If You're Not The One","Dianne Elise","SINSSmheCuc","platinum"
"11255","If You're Reading This","Tim Mcgraw","lpmqGTxHwUM","platinum"
"9475","Igiling Giling","Willie Revillame","N6k8SNv3lX8","platinum"
"44867","Ignorance","Paramore","30jXkZxbkyI","platinum"
"5248","Ihilak","Visayan","dA7hKR8xfv8","platinum"
"9690","Ihip Ng Hangin","The Company","eR37CjrQrDc","platinum"
"7776","Ibigin Kita","J. Advincula","1_jXQkHbcyA","platinum"
"4955","Iingatan Ka","Carol Banawa","HWQGeGpT7aw","platinum"
"1125","Iisa Pa Lamang","Joey Albert","76lD4u9dTHs","platinum"
"8399","Iiisang Bangka","The Dawn","Vi10MBTXydY","platinum"
"6212","Iisang Damdamin","Louie Heredia","oH3VMoQ9Ycc","platinum"
"9178","Iiwan Ba Ako","Jessa Zaragoza","80CXUvy91_w","platinum"
"5879","Iiiyak Ka Rin","Amel Pineda","d5oRdY3dOFc","platinum"
"5249","Ikaduhang Bathala","Visayan Sng","v5ugZetJFZw","platinum"
"5250","Ikakasal Ka Na","Jessa Zaragoza","_HdD8txCK4Q","platinum"
"9179","Ikakasal Ka Na Pala","Eva Eugenio","T75wWDw6WdA","platinum"
"9180","Ikakasal Na Ang Aking Mahal","Isabel Granada","THk4LgHwew0","platinum"
"6213","Ikaw","Freddie Aguilar","LKFt3AwLrO4","platinum"
"7434","Ikaw","Carmela Cuneta","zG_LWiSufXk","platinum"
"8548","Ikaw","Breinan Espartinez","i3HCeDkAmFc","platinum"
"8960","Ikaw","Sarah Geronimo","mH2-SgVpJmA","platinum"
"9396","Ikaw","Gerald Santos","5xLX87ELyWY","platinum"
"9436","Ikaw","Ronnie Liang","JqwmE8tfwbs","platinum"
"1499","Ikaw Ang Aking Mahal","Vst & Co.","Cbblf0dNHvQ","platinum"
"9252","Ikaw Ang Aking Pangarap","Martin Nievera","WnpNUHyowSc","platinum"
"9691","Ikaw Ang Aking Pangarap","Sarah Geronimo","fnSyS1Mxz_c","platinum"
"6819","Ikaw Ang Bigay","Sharon Cuneta","QidZjP-2ArI","platinum"
"5597","Ikaw Ang Buhay","Kundiman","98mlSbqDxr8","platinum"
"9181","Ikaw Ang Buhay Ko","L.A Lopez","E2Q0NRIV11U","platinum"
"9182","Ikaw Ang Idol Ko","Cinderella","9w5X4tufvp8","platinum"
"8515","Ikaw Ang Iibigin Ko","Josh Garcia","J9V5GQ0L3oU","platinum"
"9692","Ikaw Ang Kailangan Ko","Anna Fegi","2GxSm60tTAI","platinum"
"1369","Ikaw Ang Lahat Sa Akin","M.Nievera","tOLBndyCqvg","platinum"
"9183","Ikaw Ang Lahat Sa Aking Buhay","E.Peregrina","hooIwGvjy48","platinum"
"5824","Ikaw Ang Ligaya Ko","Ric Manrique","98mlSbqDxr8","platinum"
"9184","Ikaw Ang Mahal Ko","Eddie Peregrina","pkdCeoSSxMk","platinum"
"5151","Ikaw Ang Ms. Universe Ng Buhay Ko","Hotdog","epRb29YApLM","platinum"
"9570","Ikaw Ang Musika","Tres","HWQGeGpT7aw","platinum"
"9185","Ikaw Ang Pag-Asa","Renz Verano","Dh3m_-Op8Ok","platinum"
"9860","Ikaw Ang Pag-Ibig","La Diva","MfjHN6LLit8","platinum"
"9186","Ikaw Ang Simula","P.Fernandez","yrKfSebqbhQ","platinum"
"5688","Ikaw At Ako","Diwata","_Y6EzviESi4","platinum"
"9693","Ikaw At Ako Parin","Rica Arambulo","5UPBI8s0PhA","platinum"
"1059","Ikaw At Ako Sa Daigdig","J. Abalos","hTsykELzlCM","platinum"
"1166","Ikaw Ay Akin","","BwbgEVUzWqU","platinum"
"9188","Ikaw Ay Nagbago","E.Peregrina","kAW5yb6qzSs","platinum"
"3171","Ikaw Ay Nasaan","Bert Dominic","weKERk_80NI","platinum"
"1745","Ikaw Lamang","Ogie Alcasid","Vo5Lq3eloRc","platinum"
"8465","Ikaw Lamang","Janno & Jaya","XnhzlefkjWU","platinum"
"8586","Ikaw Lamang","Silent Sanctuary","dDZjpGFlzC4","platinum"
"9056","Ikaw Lamang","Gary Valenciano","Bdu5nGhDP50","platinum"
"9871","Ikaw Lamang","Zsa Zsa Padilla","FzZfyU-EDmY","platinum"
"7605","Ikaw Lamang Ang Buhay Ko","Ogie Alcasid","Vo5Lq3eloRc","platinum"
"7609","Ikaw Lamang Giliw","April Boy Regino","cYcahM5C_Gw","platinum"
"8162","Ikaw Lamang Mahal","April Boy","-ZlyOeFRam0","platinum"
"7929","Ikaw Lamang Para Sa'kin","Janet","XnhzlefkjWU","platinum"
"5881","Ikaw Lang","Tony Lambino","l91j5xvetTI","platinum"
"7123","Ikaw Lang","Smokey Mountain","E0USHqPWy4M","platinum"
"9190","Ikaw Lang","Chad Borja","NJ47-1CJYP4","platinum"
"11200","Ikaw Lang (Endless Love)","Rachelle Ann Go","lq3VkECPLW0","platinum"
"9597","Ikaw Lang Ang Iibigin","Lambert","4P91GWID7EI","platinum"
"9872","Ikaw Lang Ang Iibigin","Jessa Zaragoza","3_ZdYuhbqD0","platinum"
"9189","Ikaw Lang Ang Iibigin Kailan Man","Jay R.","M4-HO9BxoCk","platinum"
"0319","Ikaw Lang Ang Mahal","Donna Cruz","4yqu9pQIgAc","platinum"
"1137","Ikaw Lang Ang Mamahalin","Joey Albert","AoV2a3OE_KM","platinum"
"1056","Ikaw Lang At Ako","Jessa Zaragoza","vWjHiZ-O4e4","platinum"
"9005","Ikaw Lang At Ako","Janno Gibbs","V7pfe29YvE0","platinum"
"9057","Ikaw Lang Pala","Divo","0tPbLP8zCz4","platinum"
"6867","Ikaw Lang Pala (Qing Fei Te Yi)","Michael John","VSvP1TGb9lc","platinum"
"9330","Ikaw Lang Talaga","Yeng Constantino","27Y1YwRUY4U","platinum"
"9796","Ikaw Na Nga","Willie Revillame","5ElC2IWkfIM","platinum"
"8015","Ikaw Nga","South Border","ULfqKMGSFuo","platinum"
"5882","Ikaw Pa Lamang","Rodel Naval","hnm_rZM8_oU","platinum"
"1361","Ikaw Pa Rin","Ted Ito","P9aWJrIGH-Y","platinum"
"9026","Ikaw Pa Rin","Aicelle Santos","K7WljKr-SI8","platinum"
"9741","Ikaw Pa Rin","Piolo Pascual","szaDcLFaA5c","platinum"
"9770","Ikaw Pa Rin","Letter Day Story","3KfJTMOND00","platinum"
"1747","Ikaw Pa Rin Pala","Ogie Alcasid","HWq47HdorUE","platinum"
"1057","Ikaw Pala Ang Minamahal","John Melo","i1435VIc5xA","platinum"
"9191","Ikaw Pala 'Yon","Donna Cruz","yH328V3xR6Q","platinum"
"7610","Ikaw Parin Pala","Ogie Alcasid","HWq47HdorUE","platinum"
"5825","Ikaw Sana","Ogie Alcasid","Su8Q_K7npE8","platinum"
"8681","Ikaw Ug Ako","Visayan Song","Al-Vz4NN_74","platinum"
"0318","Ikay Mahal Pa Rin","Rockstar","2FBF7arHW5c","platinum"
"9058","Ikot","Giling","Kembot","The Bodies"
"9192","Ilagay Mo Kid","Hagibis","uGGL6pufDAQ","platinum"
"6427","Ilang Taon Akong Umasa","Renz Verano","ULyO3WcMwAk","platinum"
"1469","I'll Always Love You","Michael Johnson","TmYKSqONCdM","platinum"
"6939","I'll Be","Edwin Mccain","g0QTe8ajayk","platinum"
"8841","I'll Be Alright","Sarah Geronimo","H3dTZegfKtU","platinum"
"9618","I'll Be Around","Jed Madela","tGJfs8OQg_U","platinum"
"3005","I'll Be Back","The Beatles","rTVROPU0q9E","platinum"
"44487","I'll Be Home For Christmas","Christmas","1VRycH5ZoVs","platinum"
"4540","I'll Be Over You","Toto","3pNWAKNBfHE","platinum"
"6685","I'll Be Saturday Night","Bon Jovi","VZUSTgJ7RoY","platinum"
"0264","I'll Be Seeing You","Barry Manilow","VzhsPOfR1V0","platinum"
"0875","I'll Be There","Michael Jackson","3IOIYLuWdxM","platinum"
"11182","I'll Be There","Xlr8","jIe4vRlTR58","platinum"
"15001","I'll Be There","Julie Ann San Jose","UM2RhqUjzmM","platinum"
"4215","I'll Be There","Jackson 5","3IOIYLuWdxM","platinum"
"5450","I'll Be There","Solid Harmonie","n7ZlECm3BD0","platinum"
"6417","I'll Be There","Mariah Carey","9BjoXKSFp3g","platinum"
"8614","I'll Be There","Escape Club","58sQDSvS1pA","platinum"
"9474","I'll Be There","Sarah Geronimo","YHSHq99SZzg","platinum"
"1550","I'll Be There For You","Martin Nievera","Y_cnz3Pt9xw","platinum"
"44478","I'll Be There For You","Bon Jovi","DxlV1lYmq6Q","platinum"
"4953","I'll Be There For You","The Moffatts","M7Znsp7fu5o","platinum"
"8872","I'll Be There For You","Bon Jovi","DxlV1lYmq6Q","platinum"
"8365","I'll Be Yours Forever","Ogie Alcasid","EyDKnYYsxdo","platinum"
"4954","I'll Do Anything For Love","Meatloaf","Ci1ezW6tr4A","platinum"
"1105","I'll Face Tomorrow","Marco Sison","AIQwRUD5NM8","platinum"
"2948","I'll Follow The Sun","The Beatles","5zW0kklYDd4","platinum"
"1504","I'll Make Love To You","Boys Ii Men","GjvVL5fShZg","platinum"
"3875","I'll Meet You At Midnight","Smokie","iiw0SaDdGzU","platinum"
"0347","I'll Never Break Your Heart","Backstreet Boys","LxMqc1NqmMA","platinum"
"0672","I'll Never Fall In Love","Mary Carpenter","Yf8w2ElZyNE","platinum"
"6573","I'll Never Fall In Love Again","Matt Monroe","nBbYK41u6Fw","platinum"
"0470","I'll Never Get Over You","Expose","W-CaIQ0QECU","platinum"
"9781","I'll Never Get Over You","Karylle","RB184jP87YQ","platinum"
"5822","I'll Never Go","Nexxus","qxUqHwU5sOo","platinum"
"9059","I'll Never Go","Erik Santos","onw0yvslQ0s","platinum"
"0616","I'll Never Let You Go","Joanne Lorenzana","0UQwbTM9HJk","platinum"
"0057","I'll Never Love This Way Again","Dionne Warwick","UYrREAAiH7A","platinum"
"9214","I'll Never Say Goodbye","Nonoy Zuniga","yyGFhLuOqT0","platinum"
"5599","I'll Say Goodbye For The Two Of Us","Expose","sbVVCssFBb8","platinum"
"0697","I'll Stand By You","C. Taylor","ABGPMw_ir08","platinum"
"0974","I'll Supply The Love","Toto","XTNJFJizVNE","platinum"
"6071","Ilocana","Ilocano Folk Song","ai0jZEY0QH4","platinum"
"8682","Ilo-Ilo Ang Banwa Ko","Ilocano Song","125IDQCi6kI","platinum"
"0185","I'm A Believer","Neil Diamonds","TmI2qHhewAI","platinum"
"4216","I'm A Fool To Care","Ray Charles","QBNvbYOMJas","platinum"
"5970","I'm A Slave For You","Britney Spears","yznxkSmiavk","platinum"
"6118","I'm All About You","Aaron Carter","OSJSxXMUXkg","platinum"
"8204","I'm Already There","Lonestar","6VErL3lzVaA","platinum"
"0679","I'm Coming Home","Sentimental Collection","Nl-QmFM5URM","platinum"
"6418","I'm Every Woman","Whitney Houston","YlmmThw_lZs","platinum"
"11221","I'm Feeling You","Carlos Santana","z1Uw1GoVUbE","platinum"
"7602","I'm Going To Heaven","Nina","H9IZynm-7Ss","platinum"
"3876","I'm Gonna Be A Wheel","Fats Domino","LKYvd1mGpq8","platinum"
"0337","I'm Gonna Be Around","Michael Learns...","GdfoUnoSKZc","platinum"
"6574","I'm Gonna Come Back","Michael Learns To","yxP48BMV-xA","platinum"
"6575","I'm Gonna Getcha Good","Shania Twain","e_RWz7feJ88","platinum"
"6419","I'm Gonna Make U Love Me","Supremes","7rT0m7r5vPw","platinum"
"6420","I'm Gonna Miss You","Aaron Carter","8FBMQ6scNKk","platinum"
"3877","I'm Happy Just To Dance With You","Beatles","nE9s3RPEN_k","platinum"
"11222","I'm In Love With A Girl","Gavin DeGraw","LkKWdImzYG8","platinum"
"0736","I'm In The Mood","Ce Ce Peniston","E1npggYTa9g","platinum"
"11811","I'm Into You","Jennifer Lopez Ft. Lil","YQzf6mEAQnQ","platinum"
"44171","I'm Just A Girl","No Doubt","9trBKChZ1tQ","platinum"
"5533","I'm Like A Bird","Nelly Furtado","nfx-9IA6Ot8","platinum"
"2949","I'm Looking Through You","The Beatles","A0JCl-dbrDQ","platinum"
"6576","I'm Missing You","Meja","7OD9lzE25Yw","platinum"
"9397","I'm Missing You","Bea Alonzo","TggDcCUDOjg","platinum"
"9891","I'm Never Gonna Give You Up","Frank Stallone And","D4UUNZPQ_qI","platinum"
"1568","I'm Not A Fool Anymore","Freddie Fender","Z2fCfgLGs2g","platinum"
"5971","I'm Not A Girl Not Yet A Woman","Britney Spears","V99LdiJpzwI","platinum"
"0217","I'm Not In Love","10cc","SvUY7Rfh7Hw","platinum"
"3560","I'm Not Saying A Word","Blues Brothers","X9BESBcuEuU","platinum"
"0416","I'm On Fire","Bruce Springsteen","cHTHXdpJa_4","platinum"
"6578","I'm Over You","Martin Mccutcheon","902h5OYFd2g","platinum"
"2990","I'm So Excited","Pointer Sisters","z_twGrqu7ng","platinum"
"0186","I'm Sorry","Brenda Lee","hNlM2WPE6lU","platinum"
"5492","I'm Sorry","Jamie Rivera","vaXm2fPE_uk","platinum"
"7847","I'm Sorry","Moonstar 88","Th_9C8X8oGM","platinum"
"7930","I'm Sorry","Bituin Escalante","43sWpCyLg40","platinum"
"3172","I'm Sorry My Love","Rockstar 2","8JobynW3xNw","platinum"
"11279","I'm Still A Guy","Brad Paisley","bdXo18eNQig","platinum"
"1650","I'm Still Not Over You","Richard Carpenter","T7OyQwo3FZc","platinum"
"7394","I'm Still Remembering","The Cranberries","qBdda6NxdN8","platinum"
"2820","I'm Still Standing","Elton John","EDB30lQI0EU","platinum"
"0478","I'm Too Sexy","Right Said Fred","qZxUDyMTrzY","platinum"
"7964","I'm Walking","Fats Domino","ZTB6610i_yU","platinum"
"6577","I'm With You","Avril Lavigne","XlKC209azAE","platinum"
"5152","I'm Your Angel","Celine Dion","aGl5NJcawN8","platinum"
"4217","I'm Your Baby Tonight","Babyface","kdZyvImUTUg","platinum"
"9428","I'm Yours","Jason Mraz","kn8YiDSYcq4","platinum"
"7778","Imaginary","Evanescence","4sZS_wOt2MI","platinum"
"2587","Imagine","John Lennon","MR70Dg0_o1A","platinum"
"8683","Imatak Ti Salaykam","Ilocano Song","jRkc7gJ2fdM","platinum"
"9193","Imelda Papin Medley","Imelda Papin","hu0jG3Evo_Y","platinum"
"11638","Imma Be","Black Eyed Peas","w61Dl1FhzCU","platinum"
"3476","Immigrant Song","Led Zeppelin","aRPbqjxcdP4","platinum"
"5106","Immortality","Celine Dion","r4g2xFYK97s","platinum"
"8684","Imo Na Ako","Visayan Song","wFiTc5pdVoc","platinum"
"9433","Imposible","KC Concepcion","oOXpy-M4GLw","platinum"
"5451","Impossible Dream","Matt Monroe","bE9Pc7JIrtI","platinum"
"9502","Impulsive","M.Y.M.P.","nEZ5-NnaJDs","platinum"
"9194","In A Wink Of An Eye","Dingdong Avanzado","3g_xtUmgkH4","platinum"
"8571","In Between Days","The Cure","lh4Klm49ess","platinum"
"9939","In Bloom","Nirvana","F7_8_7FHmy4","platinum"
"11266","In Color","Jamey Johnson","qoacw4qfJJ0","platinum"
"9195","In Despair","Victor Wood","oFvUUtKzr7E","platinum"
"11116","In God's Hands","Nelly Furtado","pljUT5QgKeA","platinum"
"9196","In Love","Rico J Puno","wP7WNmNLBos","platinum"
"5153","In Love With You","Regine & Jacky","laLh9_4WCsY","platinum"
"44726","In My Arms","Kylie Minogue","3WwoU0MW6Xg","platinum"
"44733","In My Arms","Plumb","wCBspV0bauI","platinum"
"5366","In My Dreams","Reo Speedwagon","2vHp74mrXAk","platinum"
"11688","In My Life","Ariel Rivera","e8CxV9ZqfvY","platinum"
"2950","In My Life","The Beatles","IS7ESPZn7do","platinum"
"6796","In My Life Medley","Aiza Seguerra","QnMPqvDEaJ4","platinum"
"9197","In My Little Room","Eddie Peregrina","kW8ylj_20jo","platinum"
"6869","In My Place","Cold Play","ngpcKo2AJz0","platinum"
"8014","In Or Out","Sandara Park","ww9lxb_vUgU","platinum"
"3324","In The Army Now","","YZFk7NaF80I","platinum"
"44694","In The Ayer","Flo Rida & Will.I.Am","Oc_DQe7ga6o","platinum"
"9198","In The Battles","Basil Valdez","GyAQ2mtt_0c","platinum"
"5972","In The End","Linkin Park","uIcmAyAJ5hE","platinum"
"0460","In The Ghetto","Elvis Presley","YG2ByQge56E","platinum"
"1017","In The Groove","Madonna","Emil_NOHohA","platinum"
"2878","In The Midnight Hour","Wilson Pocket","yJwAuhdslR4","platinum"
"0563","In The Morning","The Bee Gees","eG3AiuJOKgY","platinum"
"9946","In The Morning","Razorlight","lbs9fr0utBg","platinum"
"8356","In The Name Of Love","Yasmien Kurdi","RJPMcyQH3Ro","platinum"
"5792","In The Navy","Village People","FrHdIU4KJL0","platinum"
"6993","In The Navy Ymca Medley","Village People","PwZuPCk6Img","platinum"
"1655","In The Still Of The Night","Five Satins","4-ft7JMf4r8","platinum"
"5402","In The Stone","Earth","Wind & Fire",""
"3479","In The Summer Time","Duongo Jerry","WLxqiNmfPfI","platinum"
"0959","In These Arms","Jon Bon Jovi","dShj30_QK0I","platinum"
"9199","In This Heart","Ella Mae Saison","kCvYRycn4E8","platinum"
"3481","In Too Deep","Phil Collins","X0CZGTIpH1w","platinum"
"11237","In Your Eyes","Rachelle Ann Go","4Y9opdJhyQ4","platinum"
"4263","In Your Eyes","George Benson","OPg_EqQgL50","platinum"
"6119","In Your Eyes","Kylie Minogue","kITx76POYT8","platinum"
"7121","In Your Hands","M. Sison","NpsWR90tIo0","platinum"
"9200","Ina","Freddie Aguilar","A5gddX6bRK0","platinum"
"0097","Inaamin Ko Na","April Boy Regino","2KlCR1BPv9o","platinum"
"5601","Inamorata","Victor Wood","qxGgY54M71Q","platinum"
"5973","Inano Ni Kuwan","Mae Rivera","3sAfW758IVk","platinum"
"8208","Incomplete","Backstreet Boys","Gw-QOBzISlo","platinum"
"7502","Indaclub","50 Cents","1QTiGL_dr9c","platinum"
"6908","Inday","Emil Losenda","LlceQFzYT7I","platinum"
"8813","Inday","Bisrock","oqT4yeo2O9c","platinum"
"3174","Inday Ng Buhay Ko","Victor Wood","hWyHQG-IcG8","platinum"
"9201","Inday Ng Buhay Ko","Freddie Aguilar","dLkFIw8-KgU","platinum"
"8685","Inday Sa Balitaw","Visayan Song","wXkWo5N0Zjo","platinum"
"5777","Independent Woman","Destiny's Child","934VSHsP10A","platinum"
"9560","Ing Malsintang Beria","Arti Sta. Rita","SE3yHCVAqFU","platinum"
"8814","Ing Sugarol","Totoy Bato","UjBjhehqAkU","platinum"
"7797","Ingat Ka","Claudine Barreto","mEBeRcPSxMI","platinum"
"9414","Ingat Ka","Silent Sanctuary","SIzKp2xPLpw","platinum"
"8926","Inihaw (Hagupit)","Siakol","Egqt8rzSvVs","platinum"
"9532","Iniibig Kita","Kitchie Nadal","8vghz-3gec8","platinum"
"9742","Iniibig Kita","Jed Madela","EXSv35yUpSg","platinum"
"1211","Iniibig Ko Ang Iniibig Mo","Imelda Papin","tRdQJfpWTyE","platinum"
"7617","Iniibig Na Kita","Roel Cortez","clPnRGflATI","platinum"
"9894","Init Sa Magdamag","Nonoy Zuniga","xI7QY2ZkT-g","platinum"
"8142","Iniwan","Erik Santos","vZUQ642XPao","platinum"
"9060","Iniwan Mo","Vina Morales","iXLNhnmilBY","platinum"
"4219","Inner City Blues","Marvin Gaye","f4N8xqNp_Tc","platinum"
"44265","Insatiable","Darren Hayes","nRPhY-XjS6A","platinum"
"7453","Insensitive","Jann Arden","xGwDTv9BhKY","platinum"
"7633","Inside Of My Guitar","Ken Zhu","LvMjq5TTiRA","platinum"
"9812","Insomnia","Craig David","8_NP96WhJwk","platinum"
"6481","Inspector Mills","America","y0W64Oy79HY","platinum"
"8353","Instant Ayos","Rejoice Commercial","nBrSc-7ERcQ","platinum"
"11759","International Love","Pitbull Ft. Chris Brown","It7msH6IIAo","platinum"
"8492","Interstate Love Song","STP","3Ttr4Rq0kJM","platinum"
"5494","Intimacy","The Corrs","dFk6PT313Dk","platinum"
"44150","Into The Groove","Madonna","Emil_NOHohA","platinum"
"4220","Into The Night","BB King","1ZEPf2J9sGk","platinum"
"9241","Into The Night","Chad Kroeger Ft.","TmPyU0iMSY8","platinum"
"3453","Into The Wide Open","Tom Petty","fwA0vHPmtfQ","platinum"
"44364","Into You","Fabulous Ft. Ashanti","pbwBnWP_7VI","platinum"
"7779","Intuition","Jewel","lH2f7rMYd2E","platinum"
"5304","Inuman Na","Parokya Ni Edgar","gGX5aav9d5E","platinum"
"8440","Invincible","Christian Bautista","Ae3FYVLo6mA","platinum"
"11223","Invisible","Ashlee Simpson","5YywePlmeZs","platinum"
"44709","Invisible","Taylor Swift","fcbxOsUtMuo","platinum"
"0945","Invisible Touch","Genesis","2bXUjO4N8bw","platinum"
"9484","Invitation","Kjwan","L8wtD3dQGwg","platinum"
"8686","Ipa-Ay Ko","Ilocano Song","D4nZho3cE6w","platinum"
"1068","Ipaglalaban Ko","Freddie Aguilar","H8k1iK0dHZY","platinum"
"1275","Ipagpatawad Mo","Vst&Co.","px0HSx2mTTg","platinum"
"4319","Iris","Goo Goo Dolls","OqtWMNZS-M0","platinum"
"1018","Ironic","Alanis Morissette","m497f9hB9Gs","platinum"
"8561","Irreplaceable","Beyonce","za5a8n_GU5o","platinum"
"5974","Irresistible","The Corrs","HOLZKl-FPnU","platinum"
"44344","Is Anybody Going To San Antone","Charley Pride","6ze-Mfmj4Ec","platinum"
"8462","Is It Any Wonder?","Keane","hLr7Wwz3hmk","platinum"
"5305","Is It Okay If I Call You Mine","PAUL Mccrane","e_cD9Ix0V7E","platinum"
"7454","Is It Over","Ronnie Milsap","VLQ4yQaydnI","platinum"
"9694","Is It Over Now","Nina","pDdfQ_L4VZw","platinum"
"0459","Is This Love","White Snake","p1kgMiUe7Jw","platinum"
"4221","Is This Love","Bob Marley","jHCNqXX55pI","platinum"
"9969","Is This The Way To Amarillo","Tony Christie","Ss6DH9en7OA","platinum"
"4223","Isalnd Girl","B. Taupin","Elton John",""
"11466","Isama Mo Ako","Frencheska Farr","2q-sQcnapwg","platinum"
"0469","Isang Babalikan Isang Iwiwanan","Cristy Mendoza","q6xKs7Tp4qk","platinum"
"8521","Isang Bandila","Rivermaya","5JoTJkwvpxo","platinum"
"1282","Isang Damdamin","L.Heredia","oH3VMoQ9Ycc","platinum"
"7113","Isang Harana","Jil","pYeyP_TgCbo","platinum"
"11821","Isang Katulad Mo","Aj Tabaldo Ft Bernie Ann","M1StroQ6Tq4","platinum"
"1207","Isang Lahi","Antony Castelo","PaLOG_HfbKk","platinum"
"3175","Isang Lahi","Regine Velasquez","shdzpc-qvJs","platinum"
"0104","Isang Linggong Pag-Ibig","Imelda Papin","JOGGMju96Js","platinum"
"9006","Isang Pangarap Lamang","True Faith","GE-n6oWQTrI","platinum"
"0119","Isang Tanong","Isang Sagot","Donna Cruz",""
"9638","Isang Ulit Man Lang","Lani Misalucha","DvII1SvPo3U","platinum"
"1060","Isa't Isa'y Mahal","April Boys","DBNyOwzZ-JU","platinum"
"8177","I-Shoot Mo","Sexballs","KSjlyF8Q8YI","platinum"
"8961","Isipin","Miguel Escueta","LbQMoBSIlIQ","platinum"
"0222","Isipin Mo","Jet Pangan","7GyOVZbAeGc","platinum"
"9007","Iskul Bukol","The Bloomfields","EMW3bzDXO0Q","platinum"
"9171","Iskul Bukol","Tito Vic And Joey","d8-lNBB-4PY","platinum"
"2791","Island Girl","Elton John & Bernie","2olXbEzM_CI","platinum"
"0053","Island In The Stream","Rogers & Paron","t0y5hMumwo0","platinum"
"44041","Isn't It A Wonder","Boyzone","m6WvmA1PeIY","platinum"
"3484","Isn't She Lovely","Stevie Wonder","p0sh3SoVW0M","platinum"
"8807","Istambay","Enchi","jbCYKmBWIMM","platinum"
"9561","Istorya Ng Raffy","Totoy Bato","QAVhG10fV7Q","platinum"
"8020","Isumbong Ko Ikaw Sa Langit","Visayan Song","09qfknuMtxc","platinum"
"8021","Iswing Mo Ako","Vst & Co","dhb02FApxL4","platinum"
"5604","It Came Upon A Midnight Clear","Various","E4ZbhK3G0uw","platinum"
"9366","It Can Only Get Better","Charisse Pempengco","rpKBuDyvtQM","platinum"
"3177","It Don't Matter To Me","Bread","TQCezk1JsDk","platinum"
"8022","It Don't Mean A Thing","Duke Ellington","RZ_ZbQF8UAo","platinum"
"11117","It Ends Tonight","All American Rejects","wG-drMzW0HI","platinum"
"0310","It Hurts Me More","Rockstar2","LbtySyrZQXk","platinum"
"11728","It Hurts When Love Fails","Nelson Del Castillo","PDGJvDz0h50","platinum"
"2788","It Might Be You","Stephen Bishop","SJfIEyvh_9M","platinum"
"0636","It Must Have Been Love","Roxette","7KEUcJIhiB0","platinum"
"3363","It Never Rains In Southern California","Albert Hammond","ZgldLWtz3NU","platinum"
"0506","It Only Reminds Me..","Rick Price","M7KMwG53kng","platinum"
"5975","It Seems Only Yesterday","Sharon Cuneta","LQB30vFoLqA","platinum"
"3178","It Takes Two","Sylvia Moy","f7KV7Q2WaqQ","platinum"
"5543","It Wasn't Me","Shaggy","Oob8OwGwd50","platinum"
"11729","It Will Rain","Bruno Mars","fsbSMpskbOs","platinum"
"8081","It Won't Be Long","Beatles","5y40tKjO2nQ","platinum"
"8087","Itaas Ang Kamay","Awit Pambata","ez588UaYdSY","platinum"
"11067","Itaga Mo Sa Bato","Juris","Z7RZJ7PQgSU","platinum"
"8564","Itaktak Mo","Joey De Leon","mcoQM9vZFZY","platinum"
"1273","Itanggi Mo","","LM5EB-J4_O0","platinum"
"6120","Itanggi Pa","JackieCaJca","Dg6kF-6Uz9Y","platinum"
"0137","Itanong Mo Sa Mga Bata","Asin","vVLl7sjo4p4","platinum"
"6762","Ito And Trip","Parokya Ni Edgar","DB41B2hTZn8","platinum"
"11497","Ito Ang Pangako Ko","Nyoy Volante","NFWGTkwmzAA","platinum"
"1580","It's A Heartache","Bonnie Tyler","idRREHyhyso","platinum"
"3179","It's A Miracle","Barry Manilow","jLJFcXtZRmM","platinum"
"3623","It's A Small World","Disney Theme","87oZZ2TJ_v4","platinum"
"4562","It's All Coming Back To Me Now","Celine Dion","q2VpIxVFCRk","platinum"
"4563","It's Alright","Annie Lennox","UE2mEaQbun8","platinum"
"8496","It's Been A While","Stained","fMMCdBJS_Bs","platinum"
"0037","It's Beginning To Look Like Christmas","Bing Crosby","OxYsyHU6a8c","platinum"
"3436","It's Getting Better","The Beatles","2C772locItM","platinum"
"3180","It's Going To Take Sometime","Carpenters","q-VzFn7GU_c","platinum"
"6483","It's Gonna Be Love","Mandy Moore","o6oc6TYCyXI","platinum"
"4969","It's Gonna Be Me","Nsync","-HgYAkSRt6c","platinum"
"11730","It's Gonna Make Sense","Michael Learns To","_1wdFhwNhzE","platinum"
"11305","It's Good To Be Us","Bucky Covington","Z9K7YiFKHHk","platinum"
"3485","It's I His Kiss","Cher","Av6M4Me9eds","platinum"
"0036","It's Impossible","Perry Como","u8oAT5L0vKI","platinum"
"9919","It's In His Kiss (The Shoop Shoop Song)","Cher","Av6M4Me9eds","platinum"
"8229","It's Like That","Mariah Carey","L1Bf1EZ1nXU","platinum"
"4926","It's My Life","Bon Jovi","y3rHoAicOo4","platinum"
"3554","It's My Party","Leslie Gore","NAVlGc1BiKM","platinum"
"0718","It's My Turn","Diana Ross","sNZufTiuIlQ","platinum"
"7503","It's Not For Me To Say","Johnny Mathis","CUlU9I7pyOU","platinum"
"44617","It's Not My Time","3 Doors Down","W03_vgnyJqQ","platinum"
"8886","It's Not Over","Daughtry","VFzFw8hse08","platinum"
"0659","It's Not Unusual","Tom Jones","iNQVPJdKbpA","platinum"
"4224","It's Now Or Never","Elvis Presley","l6Xf-AklItM","platinum"
"6870","It's Ok","Atomic Kitten","54W_-x2aT0U","platinum"
"5403","It's Only A Paper Moon","Nat King Cole","YVJ2naD2dC0","platinum"
"0458","It's Only Love","The Beatles","XQ8O2iKQkZE","platinum"
"5452","It's Over Now","Ultra Nate'","BF8W_wWFg64","platinum"
"6382","It's Over Now","Joey Albert","GNWmuvpyy-c","platinum"
"6428","It's Probably Me","Sting","X2JhkUY_8N8","platinum"
"3302","It's Raining Again","Supertramp","3CY-gCcDF70","platinum"
"7336","It's Raining In My Heart","Lee Towers","E5CBupPgSzM","platinum"
"7504","It's Raining Men","Gerri Halliwell","3MPmJx8Csi4","platinum"
"4564","It's Raining, It's Pouring","Traditional","05iczrlprlI","platinum"
"1529","It's Sad To Belong","Dan & Coley","34WrcbCHsMU","platinum"
"2750","It's So Easy","Linda Ronstadt","6rStAO0JYRs","platinum"
"6214","It's Still Rock & Roll To Me","Billy Joel","JMzwaBfBB_8","platinum"
"7966","It's Tearing Up My Heart","N Sync","Hj1jaood4tM","platinum"
"1019","It's The Lover","Tiffany","Bmk0tpdvatE","platinum"
"8167","It's The Same Old Song","The Supremes","p-jxiAGPd-I","platinum"
"5453","It's Time To Cry","Paul Anka","mI2JvA6CeY8","platinum"
"0977","It's Too Late","Carol King","tYerQR1VwtU","platinum"
"9619","It's You I Cannot Do Without","Jaya","BdMEWlxP0Uc","platinum"
"4565","It's Your Love","S. Sm","mK_heq8qCLg","platinum"
"8012","Itsumo","Dice & K9","k4c1_x9u-fw","platinum"
"4567","Itsy Bitsy Spider","Traditional","qDK4Wt-moA8","platinum"
"0038","Itsy Bitsy Teenie Weenie","Brian Hyland","PKjbriR7u5c","platinum"
"9458","Itulog Na","Chubibo","qke5yZ2bfkQ","platinum"
"11473","Ituloy Mo Lang","Siakol","sBiRPAQMjBk","platinum"
"1690","I've Been Away","Oliver","pK2yxTchmBs","platinum"
"2585","I've Been Away Too Long","George Baker","IQDvxuPiVsk","platinum"
"3181","I've Been Loving You","Isaac Hayes","RNTkiYAuRjU","platinum"
"0283","I've Been Waiting For You","Guys Next Door","q44hThFjiuA","platinum"
"8187","I've Fallen For You","Jamie Rivera","iK5t8QB87UU","platinum"
"1351","I've Got A Crush On You","Frank Sinatra","duYNnNyHM-I","platinum"
"2921","I've Got The Music In Me","Kki Dee Band","TkizXnlsdqA","platinum"
"6580","I've Got You","Martin Mccutcheon","vBzuxTaJ-GE","platinum"
"5049","I've Got You Under My Skin","Cole Porter","OJvCaCK6Ea4","platinum"
"0077","I've Gotta Get A Message To You","Bee Gees","JlThKCKsQMg","platinum"
"6422","I've Just Seen A Face","The Beatles","Y-BLDtA_HXI","platinum"
"5071","I've Never Been To Me","Charlene","wuqNn2UZ2os","platinum"
"1749","Iwanan Mo Na S'ya","Parokya Ni Edgar","zq1PAjLtSSU","platinum"
"8990","Iyugyog Mo","Willie Revillame","n3Qs2ymJ8Po","platinum"
"4573","Jack And Jill","Traditional","rdKdOWUGFVM","platinum"
"2925","Jada","B. Carleton","PeLmHAJi9zI","platinum"
"5772","Jaded","Aerosmith","CYauX57kFgc","platinum"
"44780","Jai Ho (You Are My Destiny)","A.R. Rahman & Pussycat","UR_YMHbwCts","platinum"
"0399","Jailhouse Rock","Elvis Presley","4DFTeDjCe4U","platinum"
"2717","Jambalaya","Carpenters","MdNLVpEW58M","platinum"
"3184","Jammin'","Bob Marley","jAhk57DEm8U","platinum"
"0384","Jane","Jefferson Starship","FzkWUYj7XRA","platinum"
"6665","Jannie's Got A Gun","Aerosmith","ze5D-jkh4NM","platinum"
"14001","Jansori","The Nuts","cr6UbDYjlLA","platinum"
"1061","Japayuki","","SK1oP1y_jSI","platinum"
"11702","Jars Of Heart","Christina Perri","1JCVr44e5xs","platinum"
"6216","Jazz Police","Leonard Cohen","6ucqvQ9_a3k","platinum"
"6941","Jealous","Nina","iF_AaAIO2CM","platinum"
"0280","Jealous Guy","John Lennon","HPJMUvjoOa0","platinum"
"8352","Jeepney","Spongecola","DSsnMIsMas8","platinum"
"8460","Jeepney","Kala","oR6-FrLbLpI","platinum"
"3185","Jeepney Driver","April Boys","3C9nF-mIY28","platinum"
"11413","Jeepney Love Story","Yeng Constantino","AGsQSovLXaU","platinum"
"11171","Jejemon (Buster Phunk Mix)","Blank Tape","tYWF9bMhm8Q","platinum"
"4574","Jennifer Eccles","The Hollies","ruw0sA8xCY8","platinum"
"6871","Jenny From The Block","Jennifer Lopez","67y0-DeDmt8","platinum"
"44177","Jeremy","Pearl Jam","cxc3b0LkE0I","platinum"
"3496","Jesus Christ Superstar","Jesus Christ Superstar","4foWsCeWFj8","platinum"
"44412","Jesus He Knows Me","Phil Collins","r3jyfUaFGiI","platinum"
"8878","Jesus Take The Wheel","Carrie Underwood","1soSDfVXYBU","platinum"
"0826","Jet","Paul McCartney","LQnI1PIqC7g","platinum"
"4575","Jet Airliner","Paul Pena","a1j6pullhZ0","platinum"
"2705","Jhonny Guitar","Peggy Lee","sF4UAM0qLjQ","platinum"
"0058","Jingle Bell Rock","Christmas Song","u0yAWWpqFHQ","platinum"
"2667","Jingle Bells","Christmas Song","Z8-jYQhqK3s","platinum"
"3186","Jingo","Santana","jSntIX1b5Bo","platinum"
"6218","Joan Of Arc","O.M.D","tTotDdfiPDw","platinum"
"11280","Johnny & June","Heidi Newfield","lCn2a1BkARQ","platinum"
"0935","Johnny B Good","Chuck Berry","DJM8cl7k4oc","platinum"
"11250","Johnny Cash","Jason Aldean","tO1Y7Ky2omw","platinum"
"9061","Joke Joke Joke","Willie Revillame","TIE_LOo-UuM","platinum"
"5723","Joke Lang","Sharon Cuneta","o9F8BAIRig8","platinum"
"8238","Jopay","Mayonaise","MfEaylAx7Mk","platinum"
"3500","Josie","Stelly Dan","zCwtG1Bv8GE","platinum"
"9892","Journey","Leah Salonga","TvVxh2NQZI8","platinum"
"0059","Joy To The World","Three Dog Night","WTpw530yNUI","platinum"
"6429","Jubilee Song","Jaime Rivera","OCy1RQfs69s","platinum"
"11629","Judas","Lady Gaga","JZhTjaXH4z4","platinum"
"3904","July Morning","Uriah Heep","_OcCKY10fa8","platinum"
"5689","Jumbo","Ruffa Maeaquinto","UXTAZaFuncQ","platinum"
"7700","Jumbo Hotdog","Masculados","M0am2Mpmm74","platinum"
"7987","Jump","Van Halen","Dy6CP3WZwLw","platinum"
"8420","Jump","Madonna","P1wSMnTBL7g","platinum"
"0014","Jumping Jack Flash","Rolling Stones","Lf2gCTJ2pt8","platinum"
"11131","Jungle Drum","Emiliana Torrini","32KvD3rdTzY","platinum"
"4578","Junior's Farm","Wings","_qqEBvoAOnc","platinum"
"44650","Just","Mark Ronson Feat. Alex","312aaEp2hgQ","platinum"
"6220","Just A Boy","Kiss","V3KWS8EAJVU","platinum"
"44714","Just A Dream","Carrie Underwood","F4LPfJG25PU","platinum"
"9639","Just A Minute","Rachel Alejandro","RSbCNBrXvTs","platinum"
"9065","Just A Smile","Barbie Almalbis","G1ssKxwruhk","platinum"
"7392","Just A Smile Away","Luke Mijares","ZCmaW4__E0E","platinum"
"5367","Just A Song Before I Go","Crosby Still","w4Lp8R05Y2c","platinum"
"0765","Just A Touch Of Love","C&C Music Factory","1BEkQdGKebY","platinum"
"6430","Just Another Day Without You","John Secada","GPJSR-uqoFY","platinum"
"5154","Just Another Woman In Love","Anne Murray","CzQ9JyGwqK4","platinum"
"1680","Just As I Am","Air Supply","koWZkAMOIyU","platinum"
"7849","Just Breath","Faith Hill","XvCY9ozGIAM","platinum"
"4580","Just Came Back","Collin James","Zmdvb4zCTuA","platinum"
"11544","Just Can't Get Enough","Black Eyed Peas","xRK_mtz165A","platinum"
"5752","Just Can't Get Enough","Depeche Mode","8R7ies_GPAE","platinum"
"9640","Just Can't Say","Yeng Constantino","hPeL2EtW-sA","platinum"
"9520","Just Dance","Lady Gaga","68-6OSqnLMo","platinum"
"8366","Just Feel Better","Santana & Steve Tyler","Aw2lGH-xMbs","platinum"
"44728","Just Fine","Mary J. Blige","zAF7buliN0Q","platinum"
"6222","Just For The Record","Marillion","n8v6o_jEiBA","platinum"
"6075","Just For You","Lionel Richie","rAh2d-2GW6s","platinum"
"11118","Just Go","Lionel Richie feat. Akon","gjZ8fYeLbTE","platinum"
"11664","Just Got Lucky","Jo Boxers","4yDQdnbBL7Y","platinum"
"8871","Just Like A Pill","Pink","BaXAM6OW3tE","platinum"
"11224","Just Might (Make Me Believe)","Sugarland","ZQT5Ye7oMH4","platinum"
"1710","Just Once","James Ingram","oRFJx6BsyBg","platinum"
"3565","Just One Of Those Things","Cole Porter","MrhkBPLinn4","platinum"
"7505","Just Say I Love Him","Timi Yuro","rQMEePZyytA","platinum"
"9695","Just Say You Love Me","Pops Fernandez","hdktbgV-6nw","platinum"
"7606","Just Smile Away","Luke Mijares","ZCmaW4__E0E","platinum"
"9542","Just Stand Up","Various Artist","iVgbisV5uqo","platinum"
"11490","Just Take My Heart","Mr. Big","JL3bAXwgnJM","platinum"
"7506","Just Tell Her Jim Said Hello","Elvis Presley","vq0kiLJ2Yyc","platinum"
"11735","Just Tell Me You Love Me","England Dan And John","3LEQOGvIZc0","platinum"
"11781","Just The Two Of Us","Al Green","yIyW2lcapHs","platinum"
"0690","Just The Way You Are","Billy Joel","Emx4Y-B1VF8","platinum"
"11418","Just The Way You Are","Bruno Mars","DIC1AzEgnnw","platinum"
"44761","Just Wanna Be With You","Ryan Kelsi Troy And","9QeEglGbTSs","platinum"
"8281","Just Want You To Know","Backstreet Boys","wagejslnuRM","platinum"
"2590","Just When I Needed You Most","R. Vanwarmer","gdwZ_7sdoXM","platinum"
"8687","Kaanugon","Visayan Song","fQhLMQ6JPMU","platinum"
"5155","Kaba","Tootsie Guevara","n73Fd0CzsAk","platinum"
"8071","Kabataan Para Sa Kinabukasan","Francis M.","fiRUxENBmg0","platinum"
"9066","Kabataang Pinoy","Itchyworms","tRpwth7wG4E","platinum"
"8563","Kabet","Gagong Rapper Ft.","bTf4LeynISE","platinum"
"5978","Kabilugan Ng Buwan","Apo Hiking Society","177bfmiJYM0","platinum"
"1285","Kadingding Sa Balitaw","Mabuhay Singers","8RH-TsYryk8","platinum"
"8946","Kagat Labi","Joey Deleon","LUezWfaqeD0","platinum"
"6484","Kahapon","Rachel Alejandro","AgWyAKD8k7s","platinum"
"1063","Kahapon Lamang","Sharon Cuneta","Wc_QJBv7sB0","platinum"
"6224","Kahapong Nagdaan","April Boy Regino","erBCJ5GT_sw","platinum"
"8916","Kahayag","Bisrock","6xGACnDGSm8","platinum"
"5254","Kahibulungan","Visayan Song","KefFw6pq6i4","platinum"
"1162","Kahit Ako'y Lupa","","_a8Vw0oOcks","platinum"
"5724","Kahit Ako'y Mahirap Lang","Gary Granada","5nLEVBILUFk","platinum"
"7213","Kahit Anong Oras","Ricky Garcia","sQdwuYVyG4k","platinum"
"1065","Kahit Bata Pa","","pUoUlMcKRTA","platinum"
"6485","Kahit Di Mo Pansin","Jolina Magdangal","V8IEon7D9Kg","platinum"
"11650","Kahit Di Mo Sabihin","Juris","rEUD-ZK9jyQ","platinum"
"5098","Kahit Gaano Kalaki","Alynna","lsh5TKo-agI","platinum"
"9620","Kahit Habang Buhay","Smokey Mountain","oO_CQFUSr-I","platinum"
"9202","Kahit Ilang Umaga","Jessa Zaragoza","aMDAzXAr0cA","platinum"
"9203","Kahit Iniwan Mo","Boyfriends","WPIPkCsVs9w","platinum"
"6826","Kahit Isang Saglit","Martin Nievera","peyOV8SxKks","platinum"
"6486","Kahit Kaibigan Lang","Antoinette Taus","JSJGytpSDQI","platinum"
"5725","Kahit Kailan","Southborder","lXnHfM6pDKw","platinum"
"0299","Kahit Konting Awa","Nora Aunor","FxYjPhjIfSo","platinum"
"5726","Kahit Konting Pagtingin","Ric Segreto","wUimn_UZCLU","platinum"
"9204","Kahit Kunwari Lang","Renz Verano","hc6TqDJoBv4","platinum"
"5606","Kahit Limutin Mo","Diomedes Maturan","0cFU7G-dC20","platinum"
"9205","Kahit Magbago Pa","Yoyoy Villame","lUFgxIrzI88","platinum"
"9492","Kahit Mahal Mo Ay Iba","Sarah Geronimo","nvQklEBRe5A","platinum"
"7634","Kahit Mahirap Lang","April Boys","6rSNak27D4o","platinum"
"5674","Kahit Man Lang Sa Pangarap","Vina Morales","LamzB-k5hwQ","platinum"
"0475","Kahit Maputi Na Ang Buhok Ko","Sharon Cuneta","pOOu7Ww30vk","platinum"
"9470","Kahit Maputi Na Ang Buhok Ko","Richard Poon","u3xrJiUZ4Sw","platinum"
"11530","Kahit May Mahal Ka Nang Iba","Mark Bautista","9_0O_odfvWU","platinum"
"1206","Kahit May Mahal Ka Nang Iba","Wendell","jOWZXXWaai8","platinum"
"9873","Kahit Minsan Lang","Lilet","P96mndBNyEk","platinum"
"11085","Kahit Na","Kiss Jane","F0_ld6sAKmY","platinum"
"6582","Kahit Na","Zsazsa Padilla","Y35anSs4XVU","platinum"
"7214","Kahit Na","Dj Alvaro","r0qMvJivDto","platinum"
"7284","Kahit Na","Ogie Alcasid","tQu9RtJLadM","platinum"
"9835","Kahit Na","X-Crew","TlJlIRiycM8","platinum"
"1299","Kahit Na Magtiis","Pilita Corrales","uI03U78xZho","platinum"
"9206","Kahit Na Mahirap Lang","April Boys","6rSNak27D4o","platinum"
"7635","Kahit Na Mayroon","Raine","1bmiRKsjDcA","platinum"
"7455","Kahit Na Pangit Ka","DJ Alvaro","r0qMvJivDto","platinum"
"9207","Kahit Nasaan","Boyfriends","Ah9N_bqcEec","platinum"
"8253","Kahit Pa","Hale","VLLMoEavH0k","platinum"
"9208","Kahit Sa Panaginip Lang","Bing Rodrigo","3MOSRZD0wiI","platinum"
"8003","Kahit Sandali","Jennilyn Mercado","5dzG2208-AU","platinum"
"1291","Kahit Sino","Richard Reynoso","IF6PT1UMEIM","platinum"
"6666","Kahit Sino (Laban O Bawi)","Sexbomb Girls","QFMKtdfdz6k","platinum"
"1366","Kahit Wala Ka Na","Rey Valera","Z_w8CrV-XUk","platinum"
"11535","Kahit Walang Sabihin","Rico Blanco","PnPClkI_D60","platinum"
"1496","Kaibigan","Introvoys","WuPcIVE7qMc","platinum"
"7990","Kaibigan","Chiqui Pineda","pJ43WVYHjpg","platinum"
"7608","Kaibigan Kasama Mo Ako","Apo Hiking Society","p8Zsw7jTeF0","platinum"
"1198","Kaibigan Lang Pala","Lilet","tB_jV-6YYcc","platinum"
"7932","Kaibigang Tunay","R. Reynoso","zm4ylBloB8c","platinum"
"1497","Kailan","Eraserheads","cJQ3AG-8YHQ","platinum"
"8034","Kailan","Smokey Mountain","xhG0uk3bgJw","platinum"
"9430","Kailan","Bamboo","VA1ZJmPyUQE","platinum"
"9477","Kailan","Calsada","15zMcnXF5z0","platinum"
"7689","Kailan Ka Darating","Wency Cornejo","ocjuV7dB_qQ","platinum"
"9067","Kailan Kaya","Christian Bautista","WpX2-QcmKDA","platinum"
"9209","Kailan Kaya","April Boy","2LFqSSAxHWw","platinum"
"9696","Kailan Kaya","Sheryn Regis","eZzhHzsPXlg","platinum"
"7690","Kailan Kita Mamahalin","Anna Fegi","m0PH6mULkNk","platinum"
"6373","Kailan Man (Here I Am)","Renz Verano","fsH8VPOoqgA","platinum"
"5157","Kailan Pa","Jessa Zaragoza","amz87LN_ro0","platinum"
"5828","Kailan Pa Man","Reginne Velasquez","xwJ5nbNNyMA","platinum"
"8136","Kailan Pa Ma'y Ikaw","Christian Bautista","wZrkNMWMF34","platinum"
"7658","Kailangan I-Memorize","Sooper Babes","_ZIaVLTMJWU","platinum"
"6522","Kailangan Kita","Piolo Pascual","EIwM1n6I71o","platinum"
"9210","Kailangan Ko","Imelda Papin","rDOnz3yl4YM","platinum"
"5158","Kailangan Ko'y Ikaw","Regine Velasquez","tzQ8hTlg8iA","platinum"
"1225","Kailangan Malaman Mo","Apo","evMW8TZxTKs","platinum"
"1498","Kailanman","Introvoys","2wUZxP_-Ma8","platinum"
"6583","Kailanpaman","Kevin Roy","aHNkG6l9_DI","platinum"
"9211","Kakaba Kaba","Pops Fernandez","DXBFCRZEbQo","platinum"
"8617","Kakalog Kalog","Willie Revillame","GBDBm80PEvQ","platinum"
"7933","Kakapraning","Kenji","NsWJEyBY8MU","platinum"
"9836","Kakayanin Ko Ba","Ariel Rivera","S8-2FTV17bs","platinum"
"8478","Kalabit Penge","Wally And Jose","8Pyo9heIVRQ","platinum"
"5160","Kalaro Lamang","Jessa Zaragoza","8pBBfhOab6M","platinum"
"11083","Kalayaan","Bamboo","8_1KaYEukFU","platinum"
"8490","Kaleidoscope World","Francis Magalona","zqVTe3bZmvA","platinum"
"11007","Kalesa","Hale","6KwUZkjmUrA","platinum"
"8688","Kalidan","Ilocano Song","pvcDx6UmWk4","platinum"
"9212","Kaligayahan Mo'y Kaligayahan Ko Rin","Imelda Papin","ZxD1X_n1ifs","platinum"
"9213","Kaligayahan Na Pansamantala","Eva Eugenio","MRSPvlg0p18","platinum"
"6584","Kaligayahan Natin","Regine Velasquez","ZA8PJ8t5JAA","platinum"
"9068","Kaligayahan Natin","Tribe Of Levi","ZA8PJ8t5JAA","platinum"
"8689","Kalisud","Visayan Song","TrBbtSwRLro","platinum"
"5006","Kaliwete","Eraserheads","muAFPA8M7oQ","platinum"
"8917","Kalooy (Lubot)","Bisrock","_8vrH7d56Vg","platinum"
"8804","Kamagayan","Missing Felimon","2tn1sDeI7QY","platinum"
"9277","Kamandag","First Circle","64_Q9QJM3C8","platinum"
"5727","Kami Po'y Paskuhan","Christmas Song","3qlU0gU0xrc","platinum"
"8690","Kaming Mga Pardista","Visayan Song","5_I3QIwkMfg","platinum"
"0591","Kampana Ng Simbahan","Leo Valdez","rUg_moClU34","platinum"
"9069","Kampanerang Kuba","","ztk_FaEvf38","platinum"
"9008","Kamusta","Missing Filemon","mS0HCPnFSHo","platinum"
"5008","Kanino Ba","Carol Banawa","UNIpi32d1Ns","platinum"
"11439","Kanlungan","Willie Revillame","VhtwaX9ljt8","platinum"
"6942","Kanlungan","Noel Cabangon","MDhyEjauvDs","platinum"
"3501","Kansas City","Fats Domino","pR-VxvoNnkM","platinum"
"6225","Kanto","Siakol","ZPA2VVG87F8","platinum"
"8691","Kanunay Blues","Milyo Naryo","4M1Iko_DVbI","platinum"
"5256","Kapag Ako Ay Nagm","","",""
"a Magdangal""","7XV_-KBpGek","platinum","",""
"5608","Kapag Nag-Utos Ang Puso","Imelda Papin","kLU0zE9Uxzs","platinum"
"7619","Kapag Puso Ang Nag-Usap","Aiza Seguerra","oRASCiVViVY","platinum"
"5728","Kapag Puso'y Sinugatan","","a2bhbCMNWOQ","platinum"
"9840","Kapag Tumibok Ang Puso","Donna Cruz","jCL5_b4Ke48","platinum"
"1138","Kapalaran","Rico J. Puno","6uEKunoNy8Q","platinum"
"0133","Kapaligiran","Asin","0cy7c3b0gCE","platinum"
"0138","Kapantay Ay Langit","","S4WJfL-xjWM","platinum"
"1179","Kapatid","Rico J. Puno","Xo1AlVM_5e8","platinum"
"8896","Kapayapaan","Tropical Depression","-EKAsWGmdp0","platinum"
"11757","Kapitan","Paraluman","LyXcQHUZuUQ","platinum"
"8035","Kapuso","7th Coral Group","55hPPiXlvck","platinum"
"8558","Karma","Alicia Keys","C2PpKFRofuA","platinum"
"2794","Karma Chameleon","Culture Club","PmqyoWb2kD4","platinum"
"8692","Karon","Visayan Song","gCFRuGS3OTs","platinum"
"8693","Karyo","Sullivans","TykWXyfVKG8","platinum"
"0102","Kasalanan","Orient Pearl","s0_AwGKGxnM","platinum"
"9905","Kasalanan","6 Cyclemind Ft. Gloc 9","x9ilPLdSEBs","platinum"
"1064","Kasalanan Ba?","Men Oppose","-eAZUkXoEDQ","platinum"
"9294","Kasalanan Ba?","Guji Lorenzaa","lBkd3pU1gSM","platinum"
"8379","Kasalanan Ko Ba","Neo Colors","9aT-QXfxI4I","platinum"
"9743","Kasalanan Ko Ba","Mark Bautista","8S-0Tc0Fr78","platinum"
"9571","Kasano Ti Maglipat","Ilocano Song","VP0rw3IICeA","platinum"
"1368","Kasi Naman","Ella Del Rosario","YZyGOxn1mFU","platinum"
"9070","Kasinungalingan","Janno Gibbs","fmJ-IOMkTsM","platinum"
"0121","Kastilyong Buhangin","Basil Valdez","DEHbjL1dG6o","platinum"
"5981","Katarungan","Freddie Aguilar","1cnrXqzsUiE","platinum"
"5534","Katawan","Hagibis","2mn0Az2rA30","platinum"
"8694","Katuday","Ilocano Song","ylDMUPms6fY","platinum"
"8695","Kausa Nabasa Ang Tubig","Visayan Song","VqYW17JaI-U","platinum"
"8696","Kawar Ni Ayat","Ilocano Song","J6hmYbOibto","platinum"
"6121","Kawawang Cowboy","Fred Panopio","qOsgFrv7zrI","platinum"
"5729","Kawawang Puso","Amel Ignacio","MAom0600igA","platinum"
"8698","Kay Langit Ang Gugma Ko","Visayan Song","pHPkDHgki9U","platinum"
"3187","Kay Lupit Mo Pag-Ibig","Victor Wood","nSqWcdvTYuE","platinum"
"1218","Kay Palad Mo","Jamie Rivera","oL0fF__CtWA","platinum"
"1199","Kay Tagal","Rachel Alejandro","gMetRQodtF8","platinum"
"11679","Kay Tagal Kitang Hinintay","Sponge Cola","VjCOgLu-Buw","platinum"
"9874","Kaya Ko Ba","Rachel Alejandro","OOOmFT2tlv0","platinum"
"11465","Kaya Mo","Protein Shake","twEFLROY0AQ","platinum"
"9837","Kaya Mo Bang Ibalik","Jennylyn Mercado","aJgLkS-lrLI","platinum"
"6122","Kaya Pala","Pops Fernandez","cDeWArmmY3c","platinum"
"8697","Kayahum Sa Yamug","Visayan Song","amDkTzlecTI","platinum"
"7992","Kayganda Ng Ating Musika","Hadjie Alejandro","TGoyRvujBuo","platinum"
"3502","Kayleigh","Marillion","ENQzD8h3I1A","platinum"
"7611","Kayo Na Pala","Ogie Alcasid","dWAObapvJjw","platinum"
"9972","Keep Believing","Aaron Carter","EH5m251dpBA","platinum"
"8533","Keep Holding On","Avril Lavigne","zzeu05bVZKQ","platinum"
"1020","Keep On Loving You","REO Speedwagon","NFtxy0Qz980","platinum"
"7391","Keep On Loving You (Wo Nan Go)","Renz Verano","BIwUxaCDURI","platinum"
"0649","Keep On Walkin'","Ce Ce Peniston","wQLRn9e1SyY","platinum"
"0473","Keep This Love Alive","Tom Scott","NVqv-bEFKmo","platinum"
"11684","Keeping The Love Alive","Air Supply","KqWPfb8ChS8","platinum"
"9427","Keeps Getting Better","Christina Aguilera","xS0hTa0dJVk","platinum"
"8793","Kembot","Ud4","ur6budAdyMY","platinum"
"8794","Kering-Keri","Kim Chiu","8j_Xp9WVDVE","platinum"
"2931","Kids Says The Damdest Thing","Tammy Wynette","6xvL53G5BTk","platinum"
"7879","Kikay","Viva Hotbabes","yzvpTWLgWZI","platinum"
"8147","Kiliti","D' Bodies","ALNhbDBQbOg","platinum"
"9950","Killer","Seal","SLxPReHrfXI","platinum"
"3504","Killer Queen","Queen","keoUdoKu8Is","platinum"
"3505","Killing Me Softly","Fugees","DKTlrfsLuhA","platinum"
"0189","Killing Me Softly With His Song","Roberta Flack","eNwKETbyNOw","platinum"
"8699","Kinahanglan Pa Ba","Visayan Song","TIbbKgzEqgE","platinum"
"6228","Kind Of A Hush","Herman's Hermits","shS6-EEDWcM","platinum"
"5161","King And Queen Of Hearts","David Pomeranz","ADBNPozUDI0","platinum"
"6432","King Creole","Elvis Presley","hmqAU-FS6Ng","platinum"
"7980","King Of Pain","Alanis M.","WJCMnrgOrQU","platinum"
"2814","King Of The Road","Roger Miller","2KKPBbzShow","platinum"
"5162","Kisapmata","Rivermaya","4MX5WAtnghc","platinum"
"0544","Kiss","Tom Jones","0EgJWECcQEk","platinum"
"9864","Kiss","Sandara Park Ft CL","f01zkpKZSQY","platinum"
"2591","Kiss And Goodbye","Manhattans","GIK8xzzKtWc","platinum"
"6585","Kiss From A Rose","Seal","Ug6Mr144qrM","platinum"
"7613","Kiss Kiss","VST & Company","jJHKO2XPgXk","platinum"
"4281","Kiss Me","Sixpence None The Richer","bwiYjnW23Os","platinum"
"5257","Kiss Me Goodbye","Ray Conniff Singers","xbBd0NUzM5Y","platinum"
"1571","Kiss Me Quick","Elvis Presley","WANCCzu_P0Y","platinum"
"5455","Kiss Of Life","Bee Gees","m2Z1hGiCJUM","platinum"
"7612","Kiss Sabay Hug","Sexbomb Girls","138z-65MKDU","platinum"
"8334","Kitchie Nadal","Kitchie Nadal","2J0hjAh06T0","platinum"
"8133","KLSP","Sponge Cola","hJe6dHU1wTE","platinum"
"0878","Knife","Rockwell","CbO3yL9Klk4","platinum"
"0714","Knock On Wood","Eddie Floyd","6rmrHThUqnI","platinum"
"2679","Knock Three Times","Dawn","BrT0xGHP2pQ","platinum"
"44887","Knock You Down","Keri Hilson feat. Kanye West","PEdRhK6kODo","platinum"
"0879","Knockin' On Heaven's Door","Guns N' Roses","udGPDz2s3Eg","platinum"
"8421","Knocks Me Off My Feet","Stevie Wonder","F5VlN7brKYA","platinum"
"2960","Knowing Me Knowing You","Abba","Q8T4s1-G0rk","platinum"
"0372","Kokomo","Beach Boys","wxd_yDxYBh0","platinum"
"7799","Kryptonite","3 Doors Down","-sAGqzSkVKQ","platinum"
"9009","Kugihan","Scrambled Eggs","BVtvWNli9TY","platinum"
"11648","Kulang Ako Kung Wala Ka","Erik Santos","81lmfV0fmro","platinum"
"5610","Kulang Pa Ba?","Marilyn Reynes","mAUI8J3-q9Y","platinum"
"1174","Kulang Sa Pansin","Rachel Alejandro","nMG8QIxgCSo","platinum"
"8700","Kulot Ang Buhok","Sullivans","CQvq-JACbyE","platinum"
"7614","Kumot At Unan","APO Hiking Society","kMapi0oMWVE","platinum"
"9760","Kumot At Unan","Richard Poon","D7wZqJE9OP8","platinum"
"1581","Kumusta Ka","Willy Cruz","7kjiPjhVsw4","platinum"
"6229","Kumusta Ka","Rey Valera","1r79uNY10_Y","platinum"
"5611","Kumusta Ka Aking Mahal","Freddie Aguilar","UNAGcQrGr2Q","platinum"
"6469","Kumusta Mga Kaibigan","Wency Cornejo","mwcNSwETQ-o","platinum"
"6487","Kundi Ikaw","Geneva Cruz","jRiH2sTRIss","platinum"
"9438","Kundiman","Silent Sanctuary","k-5HYPOG4Zc","platinum"
"9572","Kung Akin Ang Mundo","Erik Santos","BJhAEx2sKp0","platinum"
"1066","Kung Akin Lang","Ivy Violan","ilCIEiMGT4s","platinum"
"8701","Kung Ako Ay Lasing","Sullivans","d0Qtr7WS1AM","platinum"
"6845","Kung Ako Ba Siya","Piolo Pascual","CYjmBAG3OUY","platinum"
"6489","Kung Ako Lang Sana","Bituin Escalante","ZFBdzKUp-JI","platinum"
"9697","Kung Ako Lang Sana","Chad Borja","NJ47-1CJYP4","platinum"
"7507","Kung Ako'y Ibig Muli","Anna Dizon","LrErUijPVD4","platinum"
"1176","Kung Ako'y Iwan Mo","Basil Valdez","hQHOt_20GGA","platinum"
"0543","Kung Alam Ko Lang","Toni Daya","cjOYzZ0nRis","platinum"
"0320","Kung Alam Mo Lang","Joanne Lorenzana","8tnDtdGDhyw","platinum"
"8554","Kung Ayaw Mo Na Sa Akin","Sugarfree","TZCO4cOCQRg","platinum"
"7076","Kung Di Rin Lang Ikaw","True Faith","JRXptgD1uPo","platinum"
"9786","Kung Di Rin Lang Ikaw","Sitti","0W566MxQieo","platinum"
"6490","Kung Ikaw Lang Ako","Imelda Papin","T_wYz5yGnbQ","platinum"
"9744","Kung Iniibig Ka Niya","Laarni Lozada","sRGWFskdnqw","platinum"
"0499","Kung Kailangan Mo Ako","Rey Valera","RMI5XPR0NAo","platinum"
"8962","Kung Kaya Ko","Toni Gonzaga","PV3hj8f-4fk","platinum"
"9838","Kung Kaya Ko Lang","Callalily","sOv-fCCCNkE","platinum"
"1234","Kung Kita'y Kapiling","Cely Bautista","1YOeJnkqV64","platinum"
"9284","Kung Ligaya Ka","Boyfriends","p5oOIAsd_ew","platinum"
"9621","Kung Maaalala Mo","Eric Santos","BLKl-BP1rCI","platinum"
"1187","Kung Maging Ulila","Norma Lapuz","Lc5cLc_SduI","platinum"
"5163","Kung Mahal Mo Ako","Renz Verano","Vpy5yojhQ_8","platinum"
"7880","Kung Mahal Mo S'ya","Jay R","nLZtEWyLpF0","platinum"
"1379","Kung Maibabalik Ko Lang","Regine Velasquez","rjAJ1VDCO6E","platinum"
"8477","Kung Malaya Lang Ako","Kris Lawrence","3ZAeKNH3HuY","platinum"
"9573","Kung Mamahalin Mo Lang Ako","Janno Gibbs","NoxQtSPbN1E","platinum"
"0300","Kung Matapos Nang Lahat","Louie Heredia","Vrf1PAUDmWk","platinum"
"6827","Kung Mawawala Ka","Ogie Alcasid","Pq2i8ToJD5w","platinum"
"7241","Kung Okey Lang Sa Yo","True Faith","MvR2pubC-k4","platinum"
"7934","Kung Papiliin","Sarah Geronimo","Xh6ds-_qR18","platinum"
"8991","Kung Para Sa'yo","Willie Revillame","QM7wlr4rcek","platinum"
"0321","Kung Pwede Lang Sana","White Lies","QgZmNdXGbV4","platinum"
"9811","Kung Pwede Lang Sana","Bugoy Drilon","gND9k7KROyM","platinum"
"9434","Kung Sakali","Ogie Alcasid","T1Ddb0Tc48g","platinum"
"1213","Kung Sakali Man","Rachel Alejandro","wN6FVZtQRpY","platinum"
"5830","Kung Sakaling Ika'y Lalayo","J. Brothers","K0RJ4s786WU","platinum"
"6820","Kung Sino Pang..","Marilyn Reynes","n9enxatA0XY","platinum"
"11505","Kung Siya Ang Mahal","Sarah Geronimo","VQpbkoB3-Rg","platinum"
"1232","Kung Talagang Mahal Mo Ako","Cely Bautista","CRtR4lhYSlQ","platinum"
"0486","Kung Tayo'y Magkakalayo","Rey Valera","EJBsKnrjz5w","platinum"
"11420","Kung Wala Ka","Nikki Gil","YkK2MkyZwPI","platinum"
"8360","Kung Wala Ka","Hale","8uA6UVZ3790","platinum"
"5615","Kung Wala Na","Jaya","mqSWir8gH6U","platinum"
"11127","Kung Wala Na Nga","6Cyclemind Feat. Yeng","3WNTa7L5n3I","platinum"
"9274","Kung Wala Na Nga","Danita","zKIiu3mX4T0","platinum"
"1067","Kung Walang Ikaw","Ivy Violan","s7nmg3pe8eA","platinum"
"11741","Kunin Mo Na Ang Lahat Sa Akin","Angeline Quinto","pJo78VslV5w","platinum"
"4963","Kunin Mo Na Ang Lahat Sa Akin","Fourmula","Fn4N-QKZ_-I","platinum"
"8843","Kunwari Lang Ba","Yasmien Kurdi","DjIhiPpDZhs","platinum"
"6123","Kupas Na Larawan","Ric Manrique","I64j0IohXyk","platinum"
"8055","Kuratsoy","Max Surban","0tm-IPnwZcA","platinum"
"8992","Kusgan","Scrambled Eggs","cSYsbRV8uBA","platinum"
"8702","Kutis Sa Hambog","Max Surban","CoVPQZa6gM0","platinum"
"9254","Kutsara Tinidor","Scrambled Eggs","IaKooFc9w04","platinum"
"8072","Kuya Wag Po","Tuesday","p4o3kkKPjmg","platinum"
"8252","Kwarto","Sugar Free","Cm3tNuNjjF0","platinum"
"8567","L.O.V.E.","Ashley Simpson","gpRt4oXBfCA","platinum"
"9010","L.Q.","Mantequilla","e3G9kIQat54","platinum"
"2593","La Bamba","Richie Valens","9LP71ypf2qg","platinum"
"1500","La Isla Bonita","Madonna","GyKUbCo3CCg","platinum"
"8191","La La","Ashley Simpson","u8evNlXOVWM","platinum"
"5055","La La La Means I Love You","Swing Out Sister","weF1ja_Gl8s","platinum"
"9698","Lab Na Lab Kita","Fathr & Sons","gZtWeTXv-hE","platinum"
"5009","Labanan Natin Ang Tukso","J. Brothers","KEyTl9RiZno","platinum"
"5617","Labi Sa Labi","Mystica","9si4zlu-TVA","platinum"
"1779","Labs Kita","April Boys","YQZGYNjw4Ck","platinum"
"11270","Ladies Love Country Boys","Trace Adkins","010YHwft5dk","platinum"
"0615","Lady","Kenny Rogers","4YWuTk_6c94","platinum"
"4585","Lady Down On Love","Randy Owen","QtWp-h6xqvA","platinum"
"6232","Lady In Black","Uriah Heep","X_WTVXeiptY","platinum"
"1582","Lady In Red","Chris De Burgh","Lbohqhuo28s","platinum"
"6233","Lady Is A Tramp","Frank Sinatra","kHO4ctetc_I","platinum"
"3508","Lady Jane","Rolling Stones","UtSNgMfsTew","platinum"
"2432","Lady Laura","R.Carlos","OlvqLt4ZS_w","platinum"
"0011","Lady Lay","Groscolas Pierre","8_dfO7w8z4A","platinum"
"0231","Lady Love","Lou Rawls","Z42nR4uefl0","platinum"
"0426","Lady Madonna","Beatles","-zWof-lzxhs","platinum"
"5766","Lady Marmalade","All Saints","jZEoot8qwlc","platinum"
"6234","Lady Of The Night","Engelbert Humperdinck","vav5ynpiCO0","platinum"
"11469","Lagi","Kiss Jane","4PPCdP5Cfn0","platinum"
"8385","Lagi Mo Na Lang Akong Dinededma","Rocksteddy","rIhslJRLsHU","platinum"
"0139","Lagim","Siakol","j7JU1KczoUg","platinum"
"6491","Laging Ikaw Pa Rin","Roselle Nava","r8O5GLnEFE0","platinum"
"9699","Laging Mayroong Bukas","Pat Castillo","CsvDlLUYFLA","platinum"
"1109","Laging Naroon Ka","Jaya","TwEYMTZlhWE","platinum"
"4964","Laging Tapat","Jolina Magdangal","QigK_Cf3vhM","platinum"
"6703","Lagkaw","Verni Gonzales","0CgMbtZrz_w","platinum"
"6872","Lagot Ka","Masculados","RiaWmYEwQI8","platinum"
"6873","Laguna","Sampaguita","7Q8dKX2wYY4","platinum"
"9856","Lahat Ng 'Yan","Bugoy Drilon","ChTHuPn195k","platinum"
"7733","Lahat Sa Aking Nobya","Jerovi-Bo Aquasin","bVnntDcP_ls","platinum"
"9658","Lahing Pinoy","Manny Pacquiao","aDsPx0PELYQ","platinum"
"11400","Lakad","Sandwich","iS-ETNXYVKk","platinum"
"5495","Lakas Tama","Siakol","OO74kqi5PGE","platinum"
"3511","Lake Of Fire","Nirvana","gCwUFIQOYpQ","platinum"
"0120","Laki Sa Layaw","Mike Hanopol","cBO0_dhukb4","platinum"
"0122","Laklak","Teeth","5jZ_o03npqI","platinum"
"7508","Lalabas Sana Ako","Selina Sevilla","5BImaihxQF4","platinum"
"8703","Lalaguipenak","Ilocano Song","Isqy87g5A5k","platinum"
"5618","Lalaki Ka Lang","Mystica","UrU2kyonuDE","platinum"
"5699","Lambada","Klima","tVrvTPD6OMQ","platinum"
"9574","Lambingan","Kontagious","w3pOQwvxD6w","platinum"
"11086","Lamok","Escabeche","em6uHEgKNQs","platinum"
"9398","Lampa (Ika'y Mag-ingat)","Miss Ganda","dvVKcBdtP9U","platinum"
"9700","Lampas Langit","Father & Sons","Hceo0dTGc2A","platinum"
"7935","Lana","Roy Orbison","YzyAmhJ_XPE","platinum"
"6237","Land Of Confusion","Genesis","jWHroALA7bI","platinum"
"11547","Landi","Hansom","C8cynXYZV8U","platinum"
"8620","Lando","Gloc 9 Feat Francis M","CLrNGvzBrzM","platinum"
"3512","Landslide","Fleetwood Mac","GjaVueSGx20","platinum"
"8704","Langgonisa","Sullivans","fF3EA6de9Qw","platinum"
"3189","Langis At Tubig","Sharon Cuneta","clvBq1ZBOKE","platinum"
"9011","Langit","Missing Filemon","LDkBU3S9RM8","platinum"
"1453","Langit Na Naman","Donna","KPyHYbY6Z1Y","platinum"
"9285","Langit Na Naman","Hotdog","MU8GuG1Fdik","platinum"
"7735","Langit Sa Lupa","Egay Monsalvo","bN002LtNaFk","platinum"
"8705","Langit Ug Yuta","Visayan Song","_MMiyxmSlZ0","platinum"
"9992","Lapit","Yeng Constantino","FDv0WCiR6ns","platinum"
"5166","Larawang Kupas","Jerome Abalos","aYuVq2sQ9Jo","platinum"
"5795","Larger Than Life","Backstreet Boys","K_DB-aYhkV0","platinum"
"0881","Last Christmas","Wham","kaBRnhxPLdE","platinum"
"9845","Last Dance","Donna Summers","yS_v9N4qkv4","platinum"
"9656","Last Days On A Cruise Ship","Bamboo","7KoTYZGCzuk","platinum"
"7509","Last Flight Out","Plus One","tXbYQepB3JE","platinum"
"11810","Last Forever","Iyaz","LPScwhCdvIw","platinum"
"11601","Last Friday Night (T.G.I.F.)","Katy Perry","ZJ_-i6MhWq8","platinum"
"9270","Last Look","Chicosci","HDo8lenGnkw","platinum"
"7638","Last Love Song","Heart Evangelista","UUtvh8Txyio","platinum"
"11119","Last Name","Carrie Underwood","0fnLS-W9UAo","platinum"
"11137","Last Request","Paolo Nutini","g7mshsgHg3Q","platinum"
"6240","Last Thing On My Mind","Steps","ja9t3SQb_qM","platinum"
"0883","Last Waltz","Engelbert Humperdinck","kv5ddBfEyPg","platinum"
"9255","Lastikman","Parokya Ni Edgar","ZIq79q3VIMs","platinum"
"5260","Lately","Stevie Wonder","8jHxIZUF1lw","platinum"
"6874","Later","Fra Lippo Lippi","WKwYHj-csjg","platinum"
"9302","Laugh And Cry","Acel Bisa","2uffQMUnKu8","platinum"
"4587","Laughing","Guess Who","HYoOTybhGS8","platinum"
"9839","Laughter All The Time","Gary V.","GlvP7vp0Zz8","platinum"
"2940","Laughter In The Rain","Neil Sedaka","Yxalrx1EYfE","platinum"
"3384","Laverne And Shirley","Theme Song","0Cah-OfbkcA","platinum"
"6241","Lay All Your Love On Me","Abba","tW2cvXq4siI","platinum"
"3190","Lay Down Sally","Eric Clapton","ywKT0jjocSM","platinum"
"9408","Laya","Imago","o2GByaGslZ4","platinum"
"0812","Layla","Eric Clapton","L0Qd1lkOigI","platinum"
"0191","Le Freak","Chic","Yaw_dEVHZWw","platinum"
"1150","Lead Me Lord","Gary Valenciano","ISzIvzX1d2o","platinum"
"0385","Lead Me On","Al Green","hUh8b_DVCuM","platinum"
"0741","Leader Of The Band","Dan Fogelberg","LEJ-duQejeA","platinum"
"0474","Lean On Me","Michael Bolton","w4ajS_lGcG8","plati"
"9432""","Leap Of Faith","Hale","EOsLnfjrCLk","platinum"
"11680","Learn To Fly","A1","IkS-6cZ_UpI","platinum"
"44105","Learn To Fly","Foo Fighters","-asTU5_cxRA","platinum"
"9978","Leave Right Now","Will Young","1qgUOjLolvk","platinum"
"11295","Leave The Pieces","The Wreckers","JtWpzmwrzDU","platinum"
"11094","Leavin'","Jesse McCartney","asaDYzifgLw","platinum"
"3498","Leaving On A Jet Plane","John Denver","7vgmZgElShE","platinum"
"5496","Leaving Yesterday Behind","Keno","5Avwt75pJV0","platinum"
"8134","Leaving You","Session Road","Rpb4hdSssug","platinum"
"0937","Legs","Aegis","tTMJzaK1_W8","platinum"
"3513","Lemon Tree","Fools Garden","9OX0x9uTfqA","platinum"
"11657","Les Bicyclettes De Belsize","Engelbert Humperdinck","fj5ltBpZvaA","platinum"
"9841","Leslie","Rocksteddy","fmahTyt_Dak","platinum"
"6243","Lessons Of Love","Level 42","GixAlcHAdcc","platinum"
"4593","Let 'Em In","Paul McCartney","pUg2iypKfI8","platinum"
"4595","Let Her Cry","Hootie And The Blowfish","0zgoENrfuBc","platinum"
"2595","Let It Be","Beatles","OhRUYf_yn_s","platinum"
"2596","Let It Be Me","Everly Bros.","v07XFgbH-AA","platinum"
"0389","Let It Grow","Eric Clapton","qOtQEHKL7qE","platinum"
"4596","Let It Shine","","F9Nq59YfWYA","platinum"
"0041","Let It Snow","Christmas Song","wsB1_UGiVoU","platinum"
"6076","Let Me Be","Cascades","DowLh5DXbEk","platinum"
"7115","Let Me Be","Aero","s9Qc54Jp-6M","platinum"
"4226","Let Me Be The One","Carpenters","cxY7Lif52Ik","platinum"
"6946","Let Me Be The One","Jimmy Bondoc","uX2sgJXY3_U","platinum"
"2597","Let Me Be There","Olivia Newton John","GMA0iUUW23k","platinum"
"0040","Let Me Call You Sweetheart","P. Boon","4NVnUjyvX8U","platinum"
"11733","Let Me Love You","Jed Madela","eivIxpaLnrM","platinum"
"8226","Let Me Love You","Mario","xEwPVphGS70","platinum"
"9701","Let Me Love You","Tribe Of Levi","RaxeHhS5clM","platinum"
"4597","Let Me Roll It","Paul McCartney","5AvZOTgI2v8","platinum"
"0039","Let Me Try Again","Frank Sinatra","SSNK3Ak_D8M","platinum"
"4227","Let The Good Times Roll","Ray Charles","TjUkJJahcGY","platinum"
"1128","Let The Love Begin","Gino Padilla","FtzY46E7Z0s","platinum"
"9975","Let The Pain Remain","Side A","ZthCqaV0MSk","platinum"
"44794","Let There Be Love","Oasis","KjP95PpaU88","platinum"
"3191","Let Your Love Go","","psnIFUnxToY","platinum"
"44029","Let's Get It Started","Black Eyed Peas","lKWcV43msk8","platinum"
"5167","Let's Get Loud","Jennifer Lopez","GbTVsWOlvAc","platinum"
"3192","Let's Groove","Earth","Wind","Fire"
"5456","Let's Make A Night To Remember","Bryan Adams","-x-ATvSWvN4","platinum"
"1021","Let's Take All Night","Barry Manilow","vnuxdXVy8_w","platinum"
"2691","Let's Twist Again","Chubby Checker","xp6szq1ewLo","platinum"
"4599","Letting Go","Paul McCartney","YSXngPPu7Q0","platinum"
"7784","Liar","Sandara P.","zGDpYebALps","platinum"
"8808","Liar Evil","Aggressive Audio","Yo-tfpNP6Pg","platinum"
"6668","Libreng-Libre","Masculados","SZcBfsOcTQY","platinum"
"5262","Life","Des'ree","u6T9JPKR19g","platinum"
"9902","Life After You","Daughtry","enjE81qTQnY","platinum"
"6124","Life In Mono","Mono","BdjOLdlYfpo","platinum"
"44815","Life In Technicolour 2","Coldplay","vKgw_nQAyEU","platinum"
"4600","Life Is A Flower","Bergg","_gaJ1BRPgA8","platinum"
"11324","Life Is A Highway","Rascal Flatts","z_MZKLRGVzs","platinum"
"7254","Life Is A Rollercoaster","Ronan Keating","Vq77P4H9IFk","platinum"
"11010","Lifeline","Kjwan","jElGsxRxJxI","platinum"
"9071","Life's A Joke","The Speaks","2N8IPs89gy4","platinum"
"5982","Lift Up Your Hand","Basil Valdez","NpsWR90tIo0","platinum"
"4601","Lifted","","OdWl9EqC_-8","platinum"
"11552","Ligaw","Ney Dimaculangan","8w9qKJjFBgU","platinum"
"1190","Ligaw Tingin","Leah Navarro","M6CqHcvrteI","platinum"
"9491","Ligawan Stage","Rivermaya","JsoKUNzE0T0","platinum"
"1373","Ligaya","Eraserheads","IMEVhTi2qiE","platinum"
"1178","Ligaya Ng Buhay Ko","","rCtD7ly5zm0","platinum"
"0552","Light And Shade","Fra Lippo Lippi","qvEZODh3Zyw","platinum"
"15010","Light In The Dark","David DiMuzio","Pa1Ncq87n6A","platinum"
"0809","Light My Fire","Doors","aEZdSIwlYDk","platinum"
"9459","Light On","David Cook","rE3RAw-aPuY","platinum"
"8932","Light Years","Bamboo","3ENByVLbEJA","platinum"
"11625","Lighters","Bad Meets Evil Ft. Bruno","hQ-oSph55ww","platinum"
"8203","Lightning Crashes","Live","lLXFg4DcJVs","platinum"
"8370","Lihim","Orange And Lemons","WDFE4NUtLrc","platinum"
"9862","Lihim","Zelle","7frHzDT8roA","platinum"
"7736","Lihim Kang Mahal","Nikki Valdez","ItnY399HrNg","platinum"
"11225","Like A Boy","Ciara","N9D3qJPKXQ4","platinum"
"11419","Like A G6","Far East Movement","5pM27ht4i-s","platinum"
"9937","Like A Prayer","Madonna","mTW-Ut83PPU","platinum"
"5886","Like A Rose","A1","PRJhhwR64Dg","platinum"
"2598","Like A Virgin","Madonna","3XKP4ffgXLE","platinum"
"11184","Like An Eskimo","Slapshock","bex4REa7c1Y","platinum"
"44430","Like Glue","Sean Paul","0N9-YqyXD54","platinum"
"7375","Like I Love You","Justin Timberlake","k8wRpgdefBs","platinum"
"44618","Like You'll Never See Me Again","Alicia Keys","9YXs5qMahQ0","platinum"
"7758","Limang Dipang Tao","Barbie's Cradle","dKQhyHO5rOw","platinum"
"2912","Limbo Rock","Chubby Checker","9SXUNwFFunA","platinum"
"9767","Limutin Na Lang","Christian Bautista","dZzZPacBKiA","platinum"
"2099","Linda","Miguel Bose","llDyLE9aDBE","platinum"
"11481","Linda Blair","Tanya Markova","Bc4JccT5Pa4","platinum"
"0223","Line To Heaven","Introvoys","kIZD_ejk3q8","platinum"
"6670","Linger","Cranberries","3ynrjCFX_1A","platinum"
"8310","Lintik","Brownman Revival","i0o6cMgjqTA","platinum"
"6586","Lio Sing Yi","F4","KUDlAXo-w_A","platinum"
"44442","Lion Sleeps Tonight","The Tokens","Cn56cdLK73o","platinum"
"8560","Lips Of An Angel","Hinder","1ydkSRG70Sk","platinum"
"2770","Lipstick On Your Collar","Connie Francis","OMLwH7CJArM","platinum"
"5497","Liquid Dreams","O-Town","MDkJNRoLNAQ","platinum"
"8706","Liso","Visayan Song","VVKHtT4FJRQ","platinum"
"8601","Listen","Beyonce","C_zvTrtj0fk","platinum"
"4603","Listen To Me","Buddy Holly","t2ILvXuTi6c","platinum"
"0192","Listen To The Music","Doobie Brothers","VSf_y1grhNo","platinum"
"0827","Listen To What The Man Said","Paul McCartney","ZUW13rhGPr8","platinum"
"1705","Listen To Your Heart","Roxette","5-XKX3tXwIM","platinum"
"3517","Lithium","Nirvana","OvFwhSFJXU4","platinum"
"8568","Lithium","Evanescence","yTBCcg2ZPwI","platinum"
"4604","Little Bo Peep","Traditional","VeDNtsi-fMQ","platinum"
"0193","Little Darlin'","Maurice Williams","c2fQA36LvaI","platinum"
"3195","Little Deuce Coupe","","CaH9BlhDUOc","platinum"
"1699","Little Devil","Neil Sedaka","zm9SWdKlUes","platinum"
"5983","Little Green Apples","Various Artist","s3lYzja2k0M","platinum"
"6125","Little Honda","Beach Boys","7kubkZbR7XU","platinum"
"5619","Little Indian Five Six","Roy George","zPGIaZvxZO0","platinum"
"5026","Little Old Lady From Pasadena","Jan And Dean","eOpOtWifsu0","platinum"
"7936","Little Past Little Rock","Leanne Rimes","htTFMDC70_I","platinum"
"0884","Little Wing","Sting","MKm9NpX_5rY","platinum"
"9231","Little Wonders","Rob Thomas","4rrEs750ETA","platinum"
"3518","Live And Let Die","Guns & Roses","vyjeOvijrbA","platinum"
"0732","Live To Tell","Madonna","Y1r8_Lk5ZDo","platinum"
"44764","Live Your Life","T.I. Feat. Rihanna","bthQTwDCtnw","platinum"
"4276","Livin' La Vida Loca","Ricky Martin","tOAs-c5jiuQ","platinum"
"2757","Livin' On A Prayer","Bon Jovi","Ep6G3P2v5ZA","platinum"
"44010","Livin' On The Edge","Aerosmith","pzWDiUcUg8E","platinum"
"11251","Living For The Night","George Strait","5BVsBYO3mzE","platinum"
"4606","Living In A World","","4hwpLK7CWVM","platinum"
"3318","Living In America","Neil Diamond","AuIXJyflxM0","platinum"
"0885","Living In The Past","Jethro Tull","Q81wiPpaa3o","platinum"
"4608","Living In The U.S.A.","Steve Miller Band","-ENSE_t0JEg","platinum"
"0882","Living Next Door To Alice","Smokie","MMfI47BAPgA","platinum"
"5454","Living On A Jet Plane","Jet Pangan Group","MOkOs0UwmHc","platinum"
"8073","Living The Dream","Jennylyn Mercado","Pk955_tB9NM","platinum"
"8215","Living To Love You","Sarah Connor","ETOIiagE_Z8","platinum"
"11331","Liwanag","Julianne","tnXv1bWTi7g","platinum"
"11432","Liwanag","Callalily","9IPD-LEy5Sw","platinum"
"8129","Liwanag Sa Dilim","Rivermaya","leP8DEWLkZc","platinum"
"8707","LKK","Milyonaryo","ZP1lomShxI8","platinum"
"3928","Load Out & Stay","Jackson Brown","JhTsvq0iu3E","platinum"
"6587","Loaded","Ricky Martin","okYhA1EcO18","platinum"
"2123","Lobo","Dulce","25UWQF25reY","platinum"
"3929","Locomotion","Osbourne","6vQ5T4vvjB4","platinum"
"44393","Locomotion","Little Eva","Ia5E21hBbYY","platinum"
"0444","Lodi","CCR","mrGjoereLPo","platinum"
"3520","Lola","The Kinks","ryukCAAAkP0","platinum"
"44626","Lollipop","Lil Wayne & Static Major","AS7k8ce4-Hs","platinum"
"5620","Lollipop","Aqua","bb6FW1RjtgE","platinum"
"9822","Lollipop","2NE1 & Big Bang","WwbmYW7ejos","platinum"
"9897","London","Lily Allen","vjucg6FfpFs","platinum"
"1374","London Bridge","Various","EHbDFi7RNH8","platinum"
"4609","London Town","Paul Mccartney","l61L_CNHjkU","platinum"
"11534","Lonely","2ne1","JjHJDm2Tw0o","platinum"
"9315","Lonely","Akon","7gtwoq4LnUw","platinum"
"11800","Lonely Again","Ne-Yo","YY5iXjQe8LU","platinum"
"4228","Lonely Boy","Paul Anka","1qSbyTOUjvY","platinum"
"0253","Lonely Is The Night","Air Supply","V4ufEYPrOWI","platinum"
"11502","Lonely Night","Princess Velasco","Ri9Xs3iRlr4","platinum"
"8301","Lonely No More","Rob Thomas","trjw-t4v-Zc","platinum"
"6245","Lonesome Loser","Little River Band","p9su3C9Kneg","platinum"
"4611","Lonesome Tears","Buddy Holly","XC3DjLZm1xE","platinum"
"7785","Lonestart","Norah Jones","nsaU3AFDcPY","platinum"
"6434","Long And Winding Road","Luther Vandross","rR2cyL_4P9A","platinum"
"2865","Long Cool Woman","The Hollies","OcKnv5cqDFk","platinum"
"1127","Long Hair","Weedd","EDwirZq_iGA","platinum"
"6246","Long Live Rock","The Who","Gzc7FvnpYTA","platinum"
"8597","Long Long Time","Linda Ronstadt","S6uuImj6wa4","platinum"
"44696","Long Road To Ruin","Foo Fighters","5iXeQx0xzNQ","platinum"
"6435","Long Tall Sally","The Beatles","fHAa1JmfwPI","platinum"
"6248","Long Time","Boston","pYyZghzFfJU","platinum"
"11309","Long Trip Alone","Dierks Bentley","k01NVZQ1HNM","platinum"
"3931","Longer","Dan Fogelberg","eljGiRpyn0Y","platinum"
"1501","Looby Loo","Traditional","Y97UhYtVUbI","platinum"
"11095","Look After You","The Fray","yNipRwTEQ10","platinum"
"4612","Look At Me","Buddy Holly","AQ7MgQ7AB9Q","platinum"
"11549","Look At Me Now","Chris Brown Ft Lil Wayne","MUkzp2j8NnI","platinum"
"1585","Look In Her Eyes","Gary Valenciano","82HmvxDApKA","platinum"
"6249","Look Of Love","Burt Bacharach","FMexqWVRtbY","platinum"
"8053","Look What You've Done","Jet","VHYBF6JuNnw","platinum"
"0418","Lookin' Out My Back","Ccr","zxI24ZEyF5Q","platinum"
"0886","Looking For Love","Johnny Lee","qa9V8ypYSSE","platinum"
"5918","Looking Through The Eyes Of Love","Melissa Manchester","h_fCf1FCSdg","platinum"
"3197","Looks Like We Made It","Barry Manilow","M4Mgx6do0kM","platinum"
"8245","Loose My Breath","Destiny's Child","egky5Uwungo","platinum"
"5498","Lorena","Renz Verano","ipa1J7DBvjY","platinum"
"6374","Lorena","Willie Garte","WYtERJaerZ4","platinum"
"44079","Lose My Breathe","Destiny'd Child","egky5Uwungo","platinum"
"3524","Losing My Religion","REM","gCrqBZlxSyA","platinum"
"44773","Lost","Coldplay","3T7ljcT5eao","platinum"
"9237","Lost","Michael Buble","8rkGh-2RlIo","platinum"
"44686","Lost Highway","Bon Jovi","qeXzmmT78Xc","platinum"
"0743","Lost In Emotion","Lisa Lisa","Flu1VcWpIiw","platinum"
"0742","Lost In Love","Air Supply","G2fejrK7bNw","platinum"
"11666","Lost In Space","Lighthouse Family","BJ0vvZbIv2U","platinum"
"1707","Lost In Your Eyes","Debbie Gibson","SEGaufBGkUs","platinum"
"11226","Lost Without U","Robin Thicke","FS_ICkqghqM","platinum"
"3525","Lost Without Your Love","Bread","Z8ahKRl4_N4","platinum"
"11699","Louder","Charice","u1lGTHosmVA","platinum"
"2599","Love","John Lennon","rXqyehLlR3w","platinum"
"7937","Love Ain't","Take That","ha5jKryASz8","platinum"
"8037","Love And Marriage","Frank Sinatra","o-8h0hhTX5o","platinum"
"44386","Love At First Sight","Kylie Minogue","W0CIRwaIcnw","platinum"
"9598","Love Bug","Jonas Brothers","-Wqhc9ckyiw","platinum"
"4229","Love Can Move Mountains","Celine Dion","AbIUEnhy0TI","platinum"
"9072","Love Can't Lie","Sarah Geronimo","UkCQm9JHH9s","platinum"
"5286","Love Don't Cost A Thing","Jennifer Lopez","56uH-IE8ggE","platinum"
"11120","Love Drunk","Boys Like Girls","WujSBvo2Zqc","platinum"
"9772","Love Games","Lady Gaga","sIouMMXLEEc","platinum"
"5499","Love Gives","Love Takes","The Corrs",""
"5426","Love Her Madly","Doors","xoLPZCF9qP8","platinum"
"8815","Love Hug","Bisrock","wVOqjI4ZkEE","platinum"
"0371","Love Hurts","Nazareth","rW91hAdDe4g","platinum"
"3514","Love Hurts & You Are Everything","","YzCWkWaEsEk","platinum"
"44666","Love In This Club","Usher Feat. Young Jeezy","4-9pU9QFZLs","platinum"
"44811","Love Is A Losing Game","Amy Winehouse","r21Eseaa7Jg","platinum"
"2600","Love Is A Many Splendored Thing","Andy Williams","b8J184jZaQ0","platinum"
"4615","Love Is A Stranger","Annie Lennox","KTBbGZyd7Jw","platinum"
"3198","Love Is A Wonderful Thing","Michael Bolton","qkhmtI_HYZ0","platinum"
"1503","Love Is All Around","Wet Wet Wet","oJ48FtxK_Wo","platinum"
"8844","Love Is All I Need","Yasmien Kurdi","Gmd57o3FNu0","platinum"
"5168","Love Is All That Matters","Eric Carmen","aPdwM-sRzg8","platinum"
"0401","Love Is Blue","Al Martino","BDTovhIQdFc","platinum"
"8963","Love Is Contagious","Nina","qRhvCoJDyeQ","platinum"
"6920","Love Is For Singing","Apo Hiking Society","jcZ7l6-mbDU","platinum"
"44707","Love Is Free","Sheryl Crow","IGrYYfhzzIo","platinum"
"3499","Love Is In The Air","John Paul Young","Nr8Ip_Bf0XI","platinum"
"0279","Love Is Love","Culture Club","keSx6yAv9wI","platinum"
"0229","Love Is Real","John Lennon","PY3ZqvJoB24","platinum"
"11745","Love Is The Answer","England Dan & John Ford","RVKYzLij8lU","platinum"
"8359","Love Ko 'To","Kitchie Nadal","n7txjasZeBI","platinum"
"9702","Love Letter","Kitchie Nadal","WKwYHj-csjg","platinum"
"44798","Love Light","Robbie Williams","_HnC34IiNL0","platinum"
"44629","Love Like This","Natasha Bedingfield","qiYSUZyFaag","platinum"
"44781","Love Love Love","James Blunt","4hnW7VkUckc","platinum"
"1737","Love Makes No Promises","Ce Ce Peniston","CRkdpYD6pVE","platinum"
"11421","Love Me","Justin Bieber","mHfji99sREg","platinum"
"1586","Love Me","Elvis Presley","HNTcdxRFBEo","platinum"
"6589","Love Me","Martin McCutcheon","As77-yIiC_4","platinum"
"9817","Love Me","Michael Cretu","HF9h1TuszeY","platinum"
"0408","Love Me Do","Beatles","jKq3kB7csOU","platinum"
"1022","Love Me For A Reason","Boyzone","tkQ9Wq8suOA","platinum"
"11815","Love Me For What I Am","Lobo","zjwQYFYulg4","platinum"
"5337","Love Me For What I Am","The Carpenters","-utCxwPuOvQ","platinum"
"11277","Love Me If You Can","Toby Keith","7wMVOK4Ntwg","platinum"
"8389","Love Me Now Hate Me Soon","Cueshe'","vh9mLK36jzo","platinum"
"2601","Love Me Tender","Elvis Presley","fFQFJ1zuAvI","platinum"
"0682","Love Me Tonight","Tom Jones","DCT8sLfpPI4","platinum"
"2678","Love Me With All Of Your Heart","Engelbert Humperdinck","T843m6-nLgk","platinum"
"9820","Love Me With All Of Your Heart","Engelbert Humperdinck","T843m6-nLgk","platinum"
"8198","Love Moves In Mysterious Ways","Nina","Q2sgL3Oi_9Q","platinum"
"9368","Love Of A Lifetime","Firehouse","UdBzcfdGHLk","platinum"
"11746","Love Of My Life","Jim Brickman","hmGmtGRa_NY","platinum"
"3933","Love Of My Life","Queen","rGTHC4I_JPk","platinum"
"5170","Love Of My Life","South Border","-OVKlnY_WNU","platinum"
"9073","Love Of My Life","Rachelle Ann Go","JnDESwfy0Bo","platinum"
"0400","Love On The Rocks","Neil Diamond","4qy4SR1QBWk","platinum"
"2907","Love Potion No.9","The Searchers","a1XauMLpHqI","platinum"
"44697","Love Remains The Same","Gavin Rossdale","zwn1MXjRdWM","platinum"
"44814","Love Sex Magic","Ciara & Justin","uxhZESgBYuk","platinum"
"11424","Love Shack","B-52's","ezjrgMVuceg","platinum"
"5458","Love Somebody","Rick Springfield","zLL7GqvgteQ","platinum"
"44590","Love Song","Sara Bareilles","XUpl5BYB8Lg","platinum"
"9318","Love Song","Nancy Jane","G417tKtyAtA","platinum"
"2602","Love Story","Andy Williams","TTuIooMRLNk","platinum"
"44843","Love Story","Taylor Swift","xor3sfFCdIk","platinum"
"0290","Love Takes Time","Mariah Carey","Iyu_VXvdt6o","platinum"
"8593","Love Team","Itchyworms","-tSInK_Q8mU","platinum"
"44397","Love The One You're With","Luther Vandross","Vv7j3O3xG1U","platinum"
"11338","Love The Way You Lie","Eminem ft Rihanna","HChbNQd8yjs","platinum"
"6588","Love To See You Cry","Enrique Iglesias","635x7_UCj5s","platinum"
"4364","Love Will Keep Us Alive","Eagles","4C6GaF7z6rU","platinum"
"0978","Love Will Keep Us Together","Neil Sedaka","Bi80lUlqaxA","platinum"
"11176","Love Will Keep Us Together","Sarah Geronimo","p0nhtZbuLbE","platinum"
"3200","Love Will Lead You Back","Taylor Dayne","1XvcftQeLSM","platinum"
"11749","Love Will Never Lie","Michael Learns To","uaMSXWrm4uA","platinum"
"9782","Love Will Set Us Free","The Dawn","ytUb2_OAYmo","platinum"
"1588","Love Without Time","Nonoy Zuniga","e18Hs6Yymno","platinum"
"11260","Love You","Jack Ingram","ZwhnyZLAkW4","platinum"
"11667","Love You Down","Inoj","4DI1I2hH5Ho","platinum"
"11647","Love You Like A Love Song","Selena Gomez","t_4bSwL7-8w","platinum"
"11527","Love You More","Jls","Z1Uh8Gxxci4","platinum"
"11254","Love Your Love The Most","Eric Church","IEenxV8jErQ","platinum"
"6252","Lovers Moon","Glenn Frey","wXDk_Rkanbo","platinum"
"6436","Love's Been Good To Me","Frank Sinatra","nyN-61gjK-8","platinum"
"4618","Love's Made A Fool Of You","Buddy Holly","5zFZ-9F9iiI","platinum"
"9703","Love's So Beautiful","Noel Cabangon","MDhyEjauvDs","platinum"
"6590","Love's Terrain","F4","DnTHVqUjGcU","platinum"
"2885","Lovesick Blues","Jimmy Buffet","B6Kmg2iC3WA","platinum"
"6951","Lovin' You","Nina","PbfQMictYjA","platinum"
"9622","Loving","Gabby Eigenman","_vgSqjE9cic","platinum"
"6253","Loving You","Minnie Riperton","DlkvunK-DZM","platinum"
"11825","Loving You Tonight","Andrew Allen","slgh3nR8JI8","platinum"
"8286","Low","Kelly Clarkson","8gwcu0z_D2o","platinum"
"9359","Low","Flo Rida Ft. T-Pain","bQw55gy3Sgw","platinum"
"9362","Low (Bisaya)","Bisaya Version","cZlS7BYpjZI","platinum"
"6254","Low Man's Lyric","Metallica","yGDzmMgg6zI","platinum"
"0887","Lucille","Little Richard","ed7_gbrJMak","platinum"
"4620","Luck Be A Lady","Frank Sinatra","KpjUUpjjNGk","platinum"
"11096","Lucky","Jason Mraz feat. Colbie","B6OiOMDLzNo","platinum"
"6982","Lucky","Britney Spears","hzR9lRaiJMI","platinum"
"1375","Lucky Guy","Cascades","O01lt2QPq9Q","platinum"
"7975","Lucky Lips","Ruth Brown","aYxRG_DCsJY","platinum"
"4343","Lucky Love","Ace Of Base","Be-F67UECpY","platinum"
"9966","Lucky Man","The Verve","s8ZcsKngbv0","platinum"
"0578","Lucky One","Amy Grant","9_OlNOiLHw4","platinum"
"6671","Lucky Star","Madonna","hHIZL4xj56s","platinum"
"0163","Lucy In The Sky With Diamonds","The Beatles","40o-VB-Vuws","platinum"
"5171","Luha","Aegis","fbk5bwNCIng","platinum"
"6592","Lui Sing Yi","F4","KUDlAXo-w_A","platinum"
"9001","Luisita","Bisrockluisita Reyna","vknTEK239yE","platinum"
"6437","Luka","Suzanne Vega","MPfAFvilVCg","platinum"
"9875","Lumang Simbahan","Traditional","x-SJsQfRGEc","platinum"
"7077","Lumang Tugtugin","Apo","RiI5j_8hvmU","platinum"
"11470","Lumapit","Archipelago","PLvh0ikQKng","platinum"
"0177","Lumayo Ka Man","Rodel Naval","lg9GBTPnaXY","platinum"
"9074","Lumilipad","Ogie Alcasid","m8O86w55x0c","platinum"
"9576","Lumiliwanag","Moonstar 88","XDQ8PTOS0Y0","platinum"
"8194","Lumingon Ka Lang","Sarah Geronimo","05HJZeotl9g","platinum"
"5172","Lumuluha","Isabel Granada","7UjUzGxo5rc","platinum"
"0268","Lunatic","Gazebo","Ryj6azURjw8","platinum"
"8135","Lunes","Sponge Cola","TCpLufy9gDU","platinum"
"8845","Lunod","Danita","xZy9joHydpg","platinum"
"3202","Lupa","Asin","UUA1J-ZE4Co","platinum"
"5502","Lupaypay","Ruffa Mae Quinto","Isktk1dQIZc","platinum"
"8816","Lupin (Lupin Ost)","Janno Gibbs","hv9klhv0ooE","platinum"
"5504","Lutong Bahay","Parokya Ni Edgar","roavXmLCCJ0","platinum"
"44641","Luv","Janet Jackson","cpoA3FtJGHM","platinum"
"44778","Luxurious","Gwen Stefani","OxixPuPpYP0","platinum"
"6256","Lying Eyes","Eagles","axKNzXcnIg4","platinum"
"1281","Maalaala Mo Kaya","Carmen Soriano","-EPy6_OULXU","platinum"
"9876","Maalala Mo Pa Rin","Richard Reynoso","forgvKps-ys","platinum"
"9842","Maalala Mo Sana","Silent Sanctuary","KWDcNsqpUJw","platinum"
"9256","Maanad Raka","Scrambled Eggs","Kt3DLkwX9rU","platinum"
"5985","Mabuti Pa No'ng Bata","Vst & Co.","eFAoq6jpTow","platinum"
"8331","Mabuti Pa Sila","Gary Granada","9GePe1ovYPg","platinum"
"5700","Macarena","Los Del Rio","WBqZB4_cJgI","platinum"
"3531","Macarthur Park","Jim Webb","XUqnynr0WHA","platinum"
"9562","Macho","Parokya Ni Edgar","PhlSNhSj-Xs","platinum"
"8709","Macho Dancer","Milyonaryo","Zv_MQxlGa08","platinum"
"7575","Macho Gwapito","Rico J.Puno","gOmiPplVli4","platinum"
"11678","Macho Man","Village People","R3vhWCjDje8","platinum"
"7234","Macho Papa","Masculados","kSMSJzBfyqE","platinum"
"8075","Machunurin","Masculados","y3sxtAQVwl4","platinum"
"9541","Mad","Neyo","RFx0hP1SpGU","platinum"
"7786","Madalas Kung Minsan","Aiza Seguerra","dMrfNiv1DVI","platinum"
"7576","Madelyn","April Boy","9zmBoAT1-T8","platinum"
"9266","Mag-aasawa Na Ako","","i-5BiJjEp1U","platinum"
"9075","Maganang Umaga","Vhong Navarro","BrIL0qGp8Pk","platinum"
"3203","Magandang Gabi","Nonoy Zuniga","VgCvPEr6Tsw","platinum"
"5505","Magasin","Eraserheads","lCIVOFIZlO8","platinum"
"11050","Magbabalik Ka Pa Ba","Nikki Gil","xeyNu4mbVf0","platinum"
"6752","Magbago Ka","Sampaguita","IZcwgKjMAsg","platinum"
"8595","Magbalik","Callalily","r9vfbca_Xuc","platinum"
"6753","Magbati Na Tayo","Marissa Sanchez","rwZqjUBx6oc","platinum"
"5986","Magdalena","Freddie Aguilar","Zj9Q4XBX2_w","platinum"
"8710","Magdumil","Visayan Song","qNiF5gGaCgU","platinum"
"6127","Magellan","Yoyoy Villame","_oWV5_SYkys","platinum"
"8077","Mag-Exercise","Vhong Navarro","OhEX3rFPPb4","platinum"
"3534","Maggie May","Beatles","wvLM8HYiEjU","platinum"
"5987","Maghihintay Ako","Rica Peralejo","odJtp5xh6FM","platinum"
"7631","Maghihintay Ako","Carmela Cuneta","mYeuHJA6jRU","platinum"
"8547","Maghihintay Ako","Regine Velasquez","P2PRcxsYqcg","platinum"
"1578","Maghintay Sa Iyo","Dingdong A.","lCsU3GSoP-4","platinum"
"5621","Maghihintay Sa Iyo","Jessa Zaragoza","IS1i-yOi4lI","platinum"
"7423","Maghihintay Sa Iyo","Carmela Cuneta","9eCdUMeJLE0","platinum"
"11486","Maghihintay Sa 'Yo","Jake Vargas","b2utj1AK8Rk","platinum"
"1054","Maghintay Ka Lamang","Ted Ito","IRy6mTzv2VE","platinum"
"11358","Magic","Selena Gomez","P_yfzaBoz18","platinum"
"44704","Magic","Robin Thicke","lOqBlk_I0FE","platinum"
"5460","Magic","Michael Learns To","vSOUPs6EhoI","platinum"
"9399","Magic","Sino Sikat","6kS-PkLPuxc","platinum"
"3582","Magic Girl","Pretty Sammy","RP7-ARPtNUE","platinum"
"6257","Magic Man","Heart","tmdJzmWhycE","platinum"
"0500","Maging Sino Ka Man","Rey Valera","EIe03DLVvcU","platinum"
"11177","Magkaibang Mundo","Hale","PgC7pi8MC8o","platinum"
"1249","Magkakabalikan Pa Ba","Imelda Papin","LUpgAzEWDdY","platinum"
"1773","Magkasuyo Buong Gabi","Rico J. Puno","0wDFcZiVI6I","platinum"
"9816","Magkasuyo Buong Gabi","Regine Velasquez","Aa9bRyzcquA","platinum"
"5174","Magkayakap Na Puso","Vina Morales","Yah63Z92Hv0","platinum"
"8393","Magmahal Muli","Sam And Say","vegw8SGxlKo","platinum"
"6672","Magmahalan Na","Dyna Souls","UAESqKKRKhQ","platinum"
"8342","Magmula Ngayon","Ogie Alcasid","Ma0uaWSg8js","platinum"
"7233","Magnanakaw","Asin","zbZitE2YlvI","platinum"
"4621","Magneto And Titanium Man","Paul Mccartney","PIRYNDYrVn0","platinum"
"7577","Magnifica","Vst & Co.","6nM5qD614tI","platinum"
"7337","Magnify The Lord","Michael O'Shields","c7xZyRG9qX8","platinum"
"6948","Magpakailan Man","Wency Cornejo","Xgh4PgNFV-0","platinum"
"7578","Magpakailan Pa Man","J.Brothers","vxPkVIvIOCE","platinum"
"8964","Magsasaya","6 Cydeminds","h0mTvuirvto","platinum"
"6673","Magsaya Ng Magsaya","Rainbows","d4renGtQYnw","platinum"
"9076","Magtiwala Ka (Fantastikids)","Shamrock","SJvp0usRQU4","platinum"
"9495","Mahagkan Kang Muli","Aiza Seguerra","zn04cAZY3SM","platinum"
"1589","Mahal","Sharon Cuneta","9G7yCbEZbrE","platinum"
"7510","Mahal Ginagabi Ka Na Naman","Geraldine","gUhdx28Udlc","platinum"
"8711","Mahal Hangtud Sa","Visayan Song","POmx531vGTQ","platinum"
"4965","Mahal Ka Sa Akin","Tootsie Guevarra","vowNp8mWovQ","platinum"
"1151","Mahal Kita","Rey Valera","EIe03DLVvcU","platinum"
"5887","Mahal Kita","Renz Verano","bKTMLHafM2s","platinum"
"8937","Mahal Kita","Gerald Santos","PbeTOx0QNC8","platinum"
"11480","Mahal Kita (Di Mo Pansin)","Kyla","K_OAsDEWi0U","platinum"
"0326","Mahal Kita Alam Mo Ba","Rockstar","9x9AZh_0Nfg","platinum"
"6674","Mahal Kita Kahit Kailan","Junior","sInetlMWS88","platinum"
"11478","Mahal Kita Kasi","Nicole Hyala","rtBq8fuz1Zw","platinum"
"1590","Mahal Kita Walang Iba","Ogie Alcasid","QRfR15SGesI","platinum"
"9877","Mahal Kita, Mahal Mo Siya Mahal Niya Ay Iba","Sharon Cuneta","KzfWEtOe_Cc","platinum"
"5265","Mahal Mo Ba Ako","J.Magdangal","Ph3U5vbYt14","platinum"
"1251","Mahal Mo Ba Sya","Eva Eugenio","tYyrEwPBm_w","platinum"
"6438","Mahal Mo Ba'y Di Na Ako","Roselle Nava","2a9el19usH8","platinum"
"1378","Mahal Mo Pa Ba Ako","Sharon Cuneta","zZNhycpaui0","platinum"
"6700","Mahal Na Mahal Kita","Aegis","v8sDw-LYfvw","platinum"
"6754","Mahal Na Mahal Kita","Ransa C.","jrf7NIMs_Vo","platinum"
"3212","Mahal Na Mahal Na Mahal Kita","April Boy Regino","dEvimzM44GQ","platinum"
"8588","Mahal Naman Kita","Marri Nallos","lH61dGWuuB0","platinum"
"9322","Mahal Pa Rin","Sam Milby","FgUlroxEzwM","platinum"
"0482","Mahal Pa Rin Kita","Rockstar","gw8z4fSkV5A","platinum"
"5175","Mahal Pa Rin Kita","Lani Misalucha","goivWp1ZMmg","platinum"
"7511","Mahal Saan Ka Nanggaling Kagabi","Imelda Papin","9vobMbTJ_QQ","platinum"
"8713","Mahimo Ko Ba","Visayan Song","IEPGOJD0NY4","platinum"
"7405","Mahirap Ang Maging Pogi","Andrew E.","jYRWU70tV24","platinum"
"5990","Mahirap Magmahal Ng Syota Ng Iba","Jim Paredes","dv_MZWNaYek","platinum"
"1286","Mahiwaga","Ric Manrique","4pB1K-Jjdeo","platinum"
"8189","Mahiwagang Puso","Karylle","mPcF86-f8iI","platinum"
"7656","Maibabalik Ko Ba","Josh Santana","jEvoaTJsfNI","platinum"
"7512","Maisip Mo Lang Ako","Von Arroyo","VXlp3dnBtJ8","platinum"
"8437","Majika","Kitchie Nadal","gjaF9VA_L4A","platinum"
"8330","Makaaasa Ka","Rivermaya","McnmywgjBtE","platinum"
"11022","Makapiling Ka","Spongecola","uZf59golNF0","platinum"
"1708","Makapiling Ka Sana","Dingdong Avanzado","Jl7_l4lip5Q","platinum"
"1591","Make Believe","Marco Sison","FOuF12H3ftk","platinum"
"6471","Make It Easy On Me","Steps","VSEe8IGW8IY","platinum"
"11008","Make It Mine","Jason Mraz","Yn9im9qxslE","platinum"
"7078","Make It Real","The Jets","H3mOAB3ptus","platinum"
"0581","Make It Right","Lisa Stansfield","C2-prl_1urM","platinum"
"3017","Make It With You","Bread","H44pIef8DIE","platinum"
"6984","Make Me A Love Song","L.A.Lopez","Ispvs-Lic3s","platinum"
"9340","Make Me Believe","Aicelle Santos","LLmsApalca0","platinum"
"0888","Make Me Smile","Chicago","4NBRhP99TlE","platinum"
"0838","Make The World Go","Willie Nelson","KidSpvrZoa0","platinum"
"11484","Make You Feel My Love","Adele","x8SpSPBeeUE","platinum"
"7882","Make You Mine","Nina","9Z_WHjZkodM","platinum"
"3940","Make Your Own Kind Of Music","MamaCass","oUFWmEXDago","platinum"
"8610","Makes Me Wonder","Maroon 5","UKYhYt3877E","platinum"
"0284","Making Love","Roberta Flack","Qh_dX1bEqO4","platinum"
"3941","Making Love Out Of Nothing At All","Air Supply","90Wbsm9zBYc","platinum"
"8340","Makita Kang Muli","Sugar Free","cHAnGILqqHg","platinum"
"8438","Makulay Na Buhay","Kitchie Nadal","LzYYox4HvSs","platinum"
"7338","Makulit","Dj Alvaro","pIhkddej1ow","platinum"
"7675","Malaya Ka Na","Lani Misalucha","kr6bGkosjsI","platinum"
"9623","Malayo Man, Malapit Din Ako","Bayang Barrios","ZzJdK7e6PwY","platinum"
"0481","Malayo Pa Ang Umaga","Rey Valera","DFql04XctUg","platinum"
"1283","Maligayang Pasko","Traditional","E-znNBQ6pXw","platinum"
"7065","Maligayang Pasko","Siakol","Te9U7cSEnEQ","platinum"
"5266","Maling Akala","Chino Romero","gzJ5qiKgKn8","platinum"
"8250","Maling Akala","Brownman Revival","ZND4r7M5fGc","platinum"
"8714","Malipajon Ang Takna","Visayan Song","5oeBYeNOwWY","platinum"
"5992","Malupit Na Pag-Ibig","Victor Wood","mb13ot4e_uM","platinum"
"4290","Mama","Spice Girls","fi_hvM6R4hE","platinum"
"8417","Mama","Il Divo","q0Um6W8sFpg","platinum"
"9012","Mama","Mantequilla","u8OZZnaIlTA","platinum"
"9503","Mama","Charice Pempengco","jWtxWHh81pc","platinum"
"8870","Mama Mia","Abba","1YN5Emwwoss","platinum"
"8078","Mamahalin","Ariel Rivera","HqASpc5oyA4","platinum"
"9624","Mamahalin","Yasmien Kurdi","zbueU-f2ysg","platinum"
"8166","Mama's Girl","Sexbomb","IE1DOngTQno","platinum"
"3204","Mama's Pearl","","y9wIIeZ4a9A","platinum"
"6260","Mamasyal Sa Pilipinas","Juan Dela Cruz","biwHF2jX9mM","platinum"
"8519","Mamaw","Michael V.","P4GfnmCV2ZA","platinum"
"9856","Lahat Ng 'Yan","Bugoy Drilon","ChTHuPn195k","platinum"
"7733","Lahat Sa Aking Nobya","Jerovi-Bo Aquasin","bVnntDcP_ls","platinum"
"9658","Lahing Pinoy","Manny Pacquiao","aDsPx0PELYQ","platinum"
"11400","Lakad","Sandwich","iS-ETNXYVKk","platinum"
"5495","Lakas Tama","Siakol","OO74kqi5PGE","platinum"
"3511","Lake Of Fire","Nirvana","gCwUFIQOYpQ","platinum"
"0120","Laki Sa Layaw","Mike Hanopol","cBO0_dhukb4","platinum"
"0122","Laklak","Teeth","5jZ_o03npqI","platinum"
"7508","Lalabas Sana Ako","Selina Sevilla","5BImaihxQF4","platinum"
"8703","Lalaguipenak","Ilocano Song","HdkejUzsA9w","platinum"
"5618","Lalaki Ka Lang","Mystica","b5H_NX34gvQ","platinum"
"5699","Lambada","Klima","tVrvTPD6OMQ","platinum"
"9574","Lambingan","Kontagious","w3pOQwvxD6w","platinum"
"11086","Lamok","Escabeche","em6uHEgKNQs","platinum"
"9398","Lampa (Ika'y Mag-ingat)","Miss Ganda","dvVKcBdtP9U","platinum"
"9700","Lampas Langit","Father & Sons","Hceo0dTGc2A","platinum"
"7935","Lana","Roy Orbison","YzyAmhJ_XPE","platinum"
"6237","Land Of Confusion","Genesis","jWHroALA7bI","platinum"
"11547","Landi","Hansom","C8cynXYZV8U","platinum"
"8620","Lando","Gloc 9 Feat Francis M","CLrNGvzBrzM","platinum"
"3512","Landslide","Fleetwood Mac","GjaVueSGx20","platinum"
"8704","Langgonisa","Sullivans","fF3EA6de9Qw","platinum"
"3189","Langis At Tubig","Sharon Cuneta","clvBq1ZBOKE","platinum"
"9011","Langit","Missing Filemon","LDkBU3S9RM8","platinum"
"1453","Langit Na Naman","Donna","KPyHYbY6Z1Y","platinum"
"9285","Langit Na Naman","Hotdog","MU8GuG1Fdik","platinum"
"7735","Langit Sa Lupa","Egay Monsalvo","bN002LtNaFk","platinum"
"8705","Langit Ug Yuta","Visayan Song","rZ9klVXm-vM","platinum"
"9992","Lapit","Yeng Constantino","FDv0WCiR6ns","platinum"
"5166","Larawang Kupas","Jerome Abalos","aYuVq2sQ9Jo","platinum"
"5795","Larger Than Life","Backstreet Boys","K_DB-aYhkV0","platinum"
"0881","Last Christmas","Wham","kaBRnhxPLdE","platinum"
"9845","Last Dance","Donna Summers","yS_v9N4qkv4","platinum"
"9656","Last Days On A Cruise Ship","Bamboo","7KoTYZGCzuk","platinum"
"7509","Last Flight Out","Plus One","tXbYQepB3JE","platinum"
"5176","Mambo No 5","Lou Bega","JfUEh95C5Us","platinum"
"4624","Mame","Play","CpEz1RPnl7w","platinum"
"8188","Mamimiss Kita","Father & Son","8LLh1VCfT6U","platinum"
"11763","Man Down","Rihanna","WLoA8zU0L4o","platinum"
"4626","Man I Feel Like A Woman","","DRreY8aw3CE","platinum"
"0980","Man In The Mirror","Michael Jackson","SMqDchnyLt0","platinum"
"11145","Man Who Can't Be","The Script","Im2A5pbWis8","platinum"
"9854","Manalig Ka","Laarni Lozada","BtVkTPVHJLc","platinum"
"9704","Mana-Mana Lang 'Yan","Gary Granada","-RLt6pAro40","platinum"
"8358","Mananatili","Freestyle","WmHJiBxcgq4","platinum"
"1648","Manang Biday","Ilocano Folk Song","mBkxI9-0snw","platinum"
"8715","Manang Nagpitakasan","Ilocano Song","05Q9nRJJwtI","platinum"
"7217","Mandy","Barry Manilow","F5-GP1Gnmrg","platinum"
"5461","Maneater","Hall And Oates","8dnbP0BzcXQ","platinum"
"8565","Maneater","Nelly Furtado","T69w1R-q0kc","platinum"
"8345","Mang Jose","Parokya Ni Edgar","7x2VNYxm0qU","platinum"
"9625","Manhid","Regine Velasquez","2AUMmFFFewM","platinum"
"0837","Manic Monday","Bangles","BxI7sCbIzfc","platinum"
"8079","Manila","Hotdog","6GAv4Vn5Few","platinum"
"9787","Manila","Sandwich","IflI43hbeHg","platinum"
"5506","Manila Girl","Put3ska","-dwz08wwlTM","platinum"
"0322","Maniniwala Ba Ako","Roselle Nava","cSSjnzWI5WA","platinum"
"6261","Maniwala Ka","Aegis","hAX2n2db-fE","platinum"
"7406","Maniwala Ka Sana","Parokya Ni Edgar","ltc-cJiYgAY","platinum"
"1256","Mano Po Ninong, Mano Po Ninang","Mabuhay Singers","OdqPkLSQUzM","platinum"
"9745","Manunumbalik Lamang","Yasmien Kurdi","sBLYVrPOYT0","platinum"
"9257","Manyakis Blues","Scrambled Eggs","P-UmHAily9A","platinum"
"8846","Mapagkunwari","Faith Cuneta","SLCMUhBrTYs","platinum"
"7081","Mapansin","Paolo Santos","oP-ZKJ_d6u4","platinum"
"44491","Marble Halls","Enya","BPTuuhGhh7M","platinum"
"1219","Mardy","Eddie Peregrina","XVThv2Dhos0","platinum"
"3536","Margaritaville","Jimmy Buffet","rKlbHPxy19o","platinum"
"8847","Maria Flordeluna","Sheryn Regis","BKq9dbOHkL0","platinum"
"8716","Mariang Palad","Sullivans","8MzKoMWz0lw","platinum"
"8717","Marietta","Visayan Song","uLzIJ45hGL8","platinum"
"6439","Marimar","Thalia","EFmhqgyGcZw","platinum"
"9989","Married With Children","Oasis","E3GoORR4EIg","platinum"
"11491","Marry Me","Train","1HcmsGCA-2Y","platinum"
"11743","Marry The Night","Lady Gaga","e4la2-TxoPQ","platinum"
"11554","Marry You","Bruno Mars","0aP9LMmmdi8","platinum"
"11807","Marry Your Daughter","Brian McKnight","FpmEhB-E7jk","platinum"
"2175","Martha","H.Avendano","QH9UvveoaTs","platinum"
"11026","Martilyo","Gloc 9 ft Dex of LDS","OIt_oGyU7_w","platinum"
"8480","Martyr Nyebera","Kamikazee","jP3PPP_uPNQ","platinum"
"5623","Marupok Na Sumpa","Larry Miranda","33jJnUoRE9s","platinum"
"1381","Mary Had A Little Lamb","Various","b-7pInWFqb0","platinum"
"3537","Mary's Boy Child","Harry Belafonte","9dygxCkhMVs","platinum"
"8879","Mas Gusto Mo S'ya","Andrew E.","SR-mUiu6bII","platinum"
"5178","Mas Mahal Na Kita Ngayon","Michael V.","qavFteVBJwM","platinum"
"5087","Mas Que Nada","Sergio Mendez","aLR5DikAvUc","platinum"
"6709","Masakit","Hannah Villame","rpJYxJYKQ9w","platinum"
"8718","Masapol Ka Di","Visayan Song","0BPN62gDPOM","platinum"
"8242","Masaya","Bamboo","ERxWRENijiQ","platinum"
"6591","Masculados","Masculados","tno7wLpAy94","platinum"
"5507","Maskara","Eraserheads","cylS7T7jlHM","platinum"
"9321","Maskara","Rivermaya","cylS7T7jlHM","platinum"
"0351","Massachusetts","Bee Gees","kcLkrMn2JEQ","platinum"
"11747","Masterpiece","Atlantic Star","PhC6dTP4aJc","platinum"
"8239","Mata","Mojo Fly","iLh0Sx9CZG0","platinum"
"9370","Mata Ng Diyos","Wolfgang","XAx_Hf5BqQI","platinum"
"8719","Matag Litok Awiton","Visayan Song","NIHpLdRBrJY","platinum"
"0545","Material Girl","Madonna","minVseI19c4","platinum"
"8163","Matt Monroe Medley","Matt Monroe","KYNGA_ZFn7A","platinum"
"5267","Matud Mo","Visayan","aO87VmAUr2c","platinum"
"1171","Matud Nila","Visayan Song","86l96X85NUw","platinum"
"8720","Mauna Ka Bago Ako","Milyo Naryo","YKwJlcdnqws","platinum"
"6262","Maxwell's Silver Hammer","The Beatles","OvudY0pO3K8","platinum"
"9763","May 1","Archipelago","ZZABg2S0GZ4","platinum"
"8516","May B.O. Na Ako","Michael V.","OiXzN_3lBNU","platinum"
"0108","May Bukas Pa","Rico J. Puno","JLqV4duuo-o","platinum"
"7218","May Bukas Pa","Aegis","Uz-is3aB2Eo","platinum"
"0173","May Crush Ako Sa'yo","Cinderella","6yij6spHgJY","platinum"
"1072","May Gusto Ako Sa Iyo","Wendell","gl78zOo_gxE","platinum"
"7787","May Iba Pa","Aiza Seguerra","CGAApdfzSv4","platinum"
"9878","May Isa Na Namang Kumagat Sa Alikabok","Michael V.","5miVCsmFtCM","platinum"
"7082","May Kakaibang Kutob","Jason Martines","wzoL_xpgL_s","platinum"
"1073","May Mahal Ka Nang Iba","Pal Villaluz","MP-CPgT0CPA","platinum"
"9705","May Minamahal","Rachel Alejandro","EdBnk0rEdIg","platinum"
"1593","May Pag-Asa Ba","Introvoys","7avrVV3zkDI","platinum"
"0123","May Pag-Ibig Pa","Bing Rodrigo","bs-t-sm6sc4","platinum"
"11674","May Pag-Ibig Pa Ba","South Border","kEAoD7Prhls","platinum"
"1243","May Pagtingin","Wendell","1_uGYhXK9z8","platinum"
"8721","May Pulis Sa Ilalim Ng Tulay","Sullivans","PLia3qTn5AM","platinum"
"6440","May Silangan Pa","Bing Rodrigo","jSewuVco_CY","platinum"
"8627","May Tama Rin Ako","Jay-R Siaboc","xV7erzHcvXs","platinum"
"9706","May'ron Pa Ring Pag-ibig","Jaya","mdTSen6ZRAo","platinum"
"7235","Maybe","King","DZ-UA9xxVmQ","platinum"
"7657","Maybe","Neo Colours","CHMEBotLjas","platinum"
"8008","Maybe","Sheryn Regis","uLClnHQHToM","platinum"
"0457","Maybe Baby","Buddy Holly","NTFAJmoTRI8","platinum"
"8434","Maybe It's You","Jolina Magdangal","3nUuVUCrhXQ","platinum"
"5268","Maybe This Time","Michael Murphy","CyyKmoXBK2Q","platinum"
"9784","Maybe This Time","Martin Nievera","v48hoiAZS-s","platinum"
"3207","Maybe Tomorrow","Jackson 5","G_ygCm3-aTY","platinum"
"9974","Maybe You Should Know","Kenny Rogers","PlyJUegQYHY","platinum"
"6492","Mayron Sayo'y Nagmamahal","Kuh Ledesma","X-BNfb6kpSs","platinum"
"3208","Mayroon Pang Pag-Asa","April Boy Regino","1y85WdcF3xk","platinum"
"8722","Maysa Abukel","Ilocano Song","pdknZE9EwsE","platinum"
"8723","Maysa Laeng","Ilocano Song","oFn6_7v6smM","platinum"
"1899","Mazatlan","Mike Laure","UZxa9miKv8s","platinum"
"11121","Me & U","Cassie","CoK2ApuxPHk","platinum"
"0194","Me & You & Dog Named Boo","","8LBp-GMXd64","platinum"
"7850","Me Agains The Music","Britney Spears","05uuzWCZ9gU","platinum"
"3348","Me And Bobby Mcgee","Janis Joplin","POjrpDSVkE4","platinum"
"0355","Me And Mrs. Jones","Dr. Dre","jbK7Ps-7Gfc","platinum"
"44840","Me Love","Sean Kingston","YIxzSkYjQW0","platinum"
"44549","Me, Myself And I","Beyonce","Bg12tqz5ORo","platinum"
"11618","Mean","Taylor Swift","7R1jnvVcyv4","platinum"
"44880","Meet Me Halfway","Black Eyed Peas","nysafrrNmYc","platinum"
"6755","Meet Me Halfway","Jessa Zaragoza","U7U53qliSdQ","platinum"
"11727","Megalomaniac","Incubus","u3QzXFmDVPU","platinum"
"4630","Mellow Yellow","Donovan","2WWxYqY_7lE","platinum"
"0352","Melody Fair","Bee Gees","hrcn9JfOcTg","platinum"
"11805","Melt My Heart To Stone","Adele","AOSEMg4wfAE","platinum"
"8225","Melt With You","China Crisis","qLN08Fb0LLE","platinum"
"0446","Memories","Elvis Presley","NFj0FnW78P4","platinum"
"1635","Memory","Barbra Streisand","ogrIf64AMVI","platinum"
"6875","Memory","Barry Manilow","CiyOSh8P8iM","platinum"
"3539","Memphis Tenessy","Johnny Rivers","ChW5rNarEKQ","platinum"
"1905","Mentira Mentira","Javier Solis","yst4hGr5Uk8","platinum"
"5180","Mercury Blues","Alan Jackson","uXk-kch8DVU","platinum"
"9920","Mercy","Duffy","BcMHbrOuj5A","platinum"
"3209","Mercy Mercy Mercy","Marvin Gaye","ENf6kvkOJ9I","platinum"
"11568","Meron Akong Ano","Kamikazee","q-P4U3XB4Hw","platinum"
"11248","Meron Ba","Kjwan","eWe25vE_AHA","platinum"
"5624","Meron Ba?","Nikki Valdez","JcTNDOrmNwY","platinum"
"1461","Merry Chistmas To You","Traditional","s1rgRFVUIJQ","platinum"
"0048","Merry Christmas","Carpeters","zMSoHUvUpc0","platinum"
"1442","Merry Christmas Darling","The Carpenters","zMSoHUvUpc0","platinum"
"4632","Merry Xmas Everybody","","0m3V3gOUD2w","platinum"
"3540","Message In A Bottle","Police","sTfwVvU7Pbc","platinum"
"9548","Message In A Bottle","The Dawn","pJtO6taoxSk","platinum"
"7101","Meteor Rain","F4","KUDlAXo-w_A","platinum"
"6080","Metoor Something Strange","","5DPvFp6jN1M","platinum"
"3958","Mexican Girl","Smokie","wu8G7zHi97o","platinum"
"6797","Mga Babong","Tito","Vic & Joey",""
"11986","Mga Kababayan","Francis M","jqMjTspsmec","platinum"
"8724","Mga Tipik Sa Damgo","Visayan Song","5-9KajPnkrs","platinum"
"8725","Mibalik Ako","Visayan Song","4aXuBio24-4","platinum"
"3959","Michael Row The Boat Ashore","The Kingsmen","1RwNs8wHRqk","platinum"
"2603","Michelle","The Beatles","5sHXkx4RjT0","platinum"
"7059","Michico Latino","Gerri Halliwell","ypSJ50omdE0","platinum"
"5508","Mickey","Toni Basin","d8LfOdQyVng","platinum"
"9382","Midinite Special","Jeepney Joyride","tcpVnzeeqcg","platinum"
"2607","Midnight Blue","E.L.O.","RBkvds0qOiI","platinum"
"0889","Midnight Confession","The Grass Roots","s2yvN5SdeSU","platinum"
"4634","Midnight Hour","Wilson Pic","",""
"N62ki_aBg""","","","",""
"tinum""","","","",""
"2680","Midnight Lady","Chris Norman","7cJOmzBwins","platinum"
"0932","Midnight Rider","Allman Brothers","rxLuGO6lQzA","platinum"
"9317","Migraine","Moonstar 88","8sF9f1bMNo8","platinum"
"5269","Miles Away","Colin Blunston","FWwnTkDHNkU","platinum"
"5993","Miles Away","Basia","G78GzCBPrWI","platinum"
"9843","Miles Away","Kuh Ledesma","OYUHDzmpA6w","platinum"
"7939","Milk And Toast Honey","Roxette","fdxPcaRueiw","platinum"
"44384","Milkshake","Kelis","VK8f9bu6ybo","platinum"
"4635","Millennium","Robbie Williams","olEoKfKBz0o","platinum"
"9418","Million Miles Away","Nikki Gil","JLS3NLSWXoo","platinum"
"1106","Minahal Kita","Michael Laygo","WFuUJJVfUMQ","platinum"
"7003","Minahal Kita","Aegis","Z77-3EdhmuA","platinum"
"5115","Minamahal Kita","Freddie Aguilar","dq912y_GK3o","platinum"
"9077","Minamahal Kita","Ogie Alcasid","Up3-KXY7LZM","platinum"
"8232","Minamalas","Mojofly","xtWwDf19uow","platinum"
"6265","Mind Games","John Lennon","vYX9wW7jBjY","platinum"
"6129","Mindanao","Freddie Aguilar","0TVZ7XEpH08","platinum"
"11332","Mine","Taylor Swift","uw0HX0YwRQM","platinum"
"8784","Mine","Kim Chiu","84dEBQdZDVM","platinum"
"1074","Minsan","Bert Dominic","WC78oEL2uH0","platinum"
"8882","Minsan","Eraserheads","jESET6PUJDw","platinum"
"9802","Minsan","Cueshe","VSqjI3WXLs4","platinum"
"1312","Minsan Isang Kahapon","Lea Salonga","olcc0kV9SVw","platinum"
"1250","Minsan Lamang","Ric Manrique","Lvn4eo9iYY8","platinum"
"9311","Minsan Lang","Jay-R Siaboc","SICy8TWqJdY","platinum"
"9707","Minsan Lang","Martin Nievera","jcWnxUeJ8gs","platinum"
"11748","Minsan Lang Kitang Iibigin","Regine Velasquez","HVLx48J8hf4","platinum"
"1303","Minsan Lang Kitang Iibigin","Ariel Rivera","4qOqUQ8e78g","platinum"
"5625","Minsan Minsan","Marilyn Reynes","iH0hsuvWUkg","platinum"
"1505","Minsan Pa","The Flippers","j99GL5hl4RU","platinum"
"5890","Minsan Pa","Diwata","zx1nSfQVyg8","platinum"
"9078","Minsan Pa","Victor Wood","MriaeXK1JOA","platinum"
"9848","Minsan Pa","Faith Cuneta","ogS8kikNbeE","platinum"
"9708","Minsan Sa Isang Panahon","Kuh Ledesma","L7hP31LOOJE","platinum"
"7513","Minsan-Minsan","Claire","5KOxUBqJj6Y","platinum"
"0496","Miracle","Whitney Houston","Ap8TbI67uqc","platinum"
"7884","Miracle","Christian Bautista","_UmM4YRUbNI","platinum"
"5183","Mirror Mirror","M2M","Q1m57H-PSuk","platinum"
"5627","Miserablism","Pet Shop Boys","MI8ZaILOpDo","platinum"
"11350","Misery","Maroon 5","2K4-jQZqsZ8","platinum"
"44657","Misery Business","Paramore","dZUHFTH2wYY","platinum"
"7085","Misis 2000","Hav It","mVyFEaU0czU","platinum"
"9996","Misis Fely Nimfa Ang Pangalan","Itchyworms","uAMrQqtsYT8","platinum"
"9774","Miskol","Kerubin","1lHmbf3uASk","platinum"
"5626","Miss","Janno Gibbs","7Evl72TLHag","platinum"
"7436","Miss Flawless","Angelica Jones","mDF567iZSTo","platinum"
"9449","Miss Independent","Ne-yo","hHP_GEZIjTg","platinum"
"8520","Miss Kita Pag Tuesday","Rj Jimenez","YtqK5W8JpcU","platinum"
"1130","Miss Na Miss Kita","Father & Son","PA4pRl9o1hc","platinum"
"5833","Miss Na Miss Na Kita","Lito Camo","_UXrpqWPRhA","platinum"
"8582","Miss You In A Heartbeat","Def Leppard","dm3V0cCKneo","platinum"
"3211","Miss You Like Crazy","The Moffats","YuOIP-SNLV4","platinum"
"4637","Miss You Much","","ZQV0P4FBl2U","platinum"
"3542","Missing","Everything But Girl","ufW79W5iObU","platinum"
"5285","Missing You","Freestyle","ftLAU2KYwYQ","platinum"
"6593","Missing You","Diana Ross","ak9ZMKm9Ovc","platinum"
"6594","Missing You","Backstreet Boys","HDhamaRYzvs","platinum"
"7458","Missing You","Tina Turner","y3cOYM4fLyQ","platinum"
"8418","Missing You","John Waite","nTmAkVvWIxU","platinum"
"4638","Missionary Man","Annie Lennox","E7qiyudhhPo","platinum"
"7083","Misss Kita Kung Christmas","Aiza Seguerra","9yhGhxUjk3k","platinum"
"11391","Mistake","Nickelback","njjKT7KtMGI","platinum"
"2708","Mister Lonely","Bobby Vinton","M5SPAyebrDE","platinum"
"0433","Misty","Errol Garner","S02E9JJtvak","platinum"
"5783","Mmm Bop","Hanson","qsWkrxGmWps","platinum"
"4268","Mmm Mmm Mmm Mmm","Crash Test Dummies","ISOCazd8Itw","platinum"
"1771","Mmmm Sarap","Kamikaze","iFTJjyuTdg0","platinum"
"0353","Mockin' Bird Hill","Patty Page","_qdzot1b_b8","platinum"
"5270","Modelong Charing","Blak Dyak","O5hy2ImC1hk","platinum"
"5462","Moment By Moment","Yvonne","9n7pCDgks80","platinum"
"11716","Moment Of Truth","Fm Static","SjJD0htUQJo","platinum"
"9079","Moments Of Love","Janno Gibbs & Jennilyn","acXlMu4TkgY","platinum"
"0006","Mona Lisa","Bob Guzman","_yC5diS6ljw","platinum"
"3544","Monday Monday","Mamas And Papas","5AbGavbsoNk","platinum"
"0233","Money For Nothing","Dire Strait","VA8IIaW5qLc","platinum"
"3018","Money Money Money","Abba","DAg-IibCqrs","platinum"
"6083","Monica","","EGdFCyLHENw","platinum"
"3545","Monkee's","Tv Theme","_iqYJLfTqz8","platinum"
"4230","Monkey","George Michael","Ub4K4nWdKUA","platinum"
"8290","Monkey Wrench","Foo Fighters","1I3t-HNQq40","platinum"
"9299","Monobloc","Pupil","iFMrOoEgnek","platinum"
"11352","Monsoon","Tokio Hotel","4i-zccUp_6I","platinum"
"11612","Monster","Paramore","8o3P3jwgtjY","platinum"
"9960","Monster","The Automatics","aDBvp2ncRLU","platinum"
"44341","Monster Mash","Bobby Picket","-fVgl9-Zx3k","platinum"
"2922","Montego Bay","Bobby Bloom","hLtPof_jkcw","platinum"
"7984","Mony Mony","Tomy James Shondells","6de9jcaUFyM","platinum"
"6266","Moon Age Daydream","David Bowie","c87CyoUC714","platinum"
"2604","Moon River","Andy Williams","Rnxq23w4DyI","platinum"
"7940","Moonchild","Iron Maiden","y1ojZsC_P5s","platinum"
"9773","Moondance","Michael Buble","LiqnGvs6Gp4","platinum"
"4640","Moondreams","Buddy Holly","cJZHANLVO9c","platinum"
"0354","Moonlight Flower","Michael Cretu","TJHiOrx412o","platinum"
"2731","Moonlight Lady","David Bowie","FaTG1x2qTlM","platinum"
"7084","Moonlight Over Paris","Paolo Santos","-kcQNFTQmt8","platinum"
"3547","Moonlight Shadow","Mike Oldfield","Ny8aIqCyzK0","platinum"
"6267","Moonlight Swim","Elvis Presley","jenpVDfFfzg","platinum"
"2707","More","Andy Williams","hI7gPTaeBc4","platinum"
"44449","More Human Than Human","White Zombie","z2yHQq5YZqI","platinum"
"11276","More Than A Memory","Garth Brooks","0P-Q8Ol6Ofo","platinum"
"1025","More Than A Woman","Bee Gees","VgUHQUMjewY","platinum"
"2605","More Than I Can Say","Leo Sayer","QAvQxeMY44E","platinum"
"11751","More Than Just The Two Of Us","Sneaker","Ich7oxdSqD4","platinum"
"44462","More Than That","Backstreet Boys","feHXRj7GrKo","platinum"
"7788","More Than This","Norah Jones","-tQRkxuZvMs","platinum"
"6985","More Than Words","Extreme","lT-3Es67dPs","platinum"
"1024","More Than You'll Ever Know","Michael Ruff","BXyLrKoaCGQ","platinum"
"0516","More To Lose","Seona Dancing","nVULhl9ftsY","platinum"
"6595","More Today Than Yesterday","Spiral Staircase","lT26dsBCVYs","platinum"
"3549","Mornin'","Al Jarreau","iXJdByI2pCA","platinum"
"0203","Morning After","C. Davis","FZqeU0TnNRM","platinum"
"3215","Morning Has Broken","Cat Stevens","TGlfnGBR0SA","platinum"
"8891","Moshi Moshi Chikiyaki","Sexbomb Girls","h0n8uzWuMyw","platinum"
"6271","Most Beautiful Girl","Prince","S3a9MgfyQCE","platinum"
"7334","Most Beautiful Girl","Charlie Rcih","21M3088tntA","platinum"
"6272","Most Beautiful Girl In The World","Frank Sinatra","qwlmBg9knjE","platinum"
"3216","Mother Freedom","David Gates","2lkBpLhyBpc","platinum"
"0850","Mother Of Mine","Jimmy Osmond","JYGzWu9qY_4","platinum"
"4642","Mother-In-Law","Ernie K. Doe","lPWxoJ-MS6Y","platinum"
"11227","Move Along","The All-American","R5WmlVqRf9I","platinum"
"11596","Moves Like Jagger","Maroon 5 Feat.","hAwR8Mx8W44","platinum"
"8848","Movie","Spongecola","aSfuWFhRX2k","platinum"
"11238","Moving","Malay","rdpqALtFBzc","platinum"
"44737","Moving Mountains","Usher","X-P-GVjri3k","platinum"
"0735","Moving On Up","M. People","q_o30zemiPM","platinum"
"44073","Mr Jones","Counting Crows","mfivXPztcKU","platinum"
"4643","Mr Tambourine Man","","IZrOUFIV2ac","platinum"
"2882","Mr. Bojangles","Sammy Davis Jr.","f27LJjUqZJw","platinum"
"9951","Mr. Boombastic","Shaggy","g5g8oTllVs0","platinum"
"8222","Mr. Brightside","The Killers","c1X3Lg7RVkk","platinum"
"7885","Mr. Clay","Bamboo","j4-r8_VlUuY","platinum"
"1382","Mr. D.J.","Sharon Cuneta","kFbPf03B700","platinum"
"8868","Mr. Disco","Marilyn Reynes","mHttkeg2nGo","platinum"
"8039","Mr. Dream Boy","Sheryl Cruz","tezW4Eyz4qw","platinum"
"11925","Mr. Know It All","Kelly Clarkson","DvBvNnzwdzU","platinum"
"0178","Mr. Kupido","Sheryl Cruz","fK6YbP1cEfM","platinum"
"3217","Mr. Pitiful","","_TKPTn1rvGI","platinum"
"0946","Mr. Sandman","Pat Ballad","nisFEzZ63Xs","platinum"
"11602","Mr. Simple","Super Junior","FnT2PLlXd2Y","platinum"
"1297","Mr. Songwriter","Jose Mari Chan","3xxAOgutFYQ","platinum"
"6275","Mr. Speed","Kiss","dI9yT4yp6gA","platinum"
"6850","Mr. Suave","Parokya Ni Edgar","0-XYSxtWZwQ","platinum"
"0656","Mr. Vain","Sound Tripper","GTjHK8KfHM0","platinum"
"8183","Mr. Wow","Ethel Booba","r7WpjHVl8C0","platinum"
"0056","Mrs. Robinson","Simon & Garfunkel","FS9nziz71lw","platinum"
"8305","Ms. Serious","Shamrock","b8viHysIduA","platinum"
"8381","Much Has Been Said","Bamboo","izEaQA3KK3M","platinum"
"8928","Mukha Ng Pera","The Youth","wsUArlPF7GU","platinum"
"1107","Mula Noon Hanggang Ngayon","Lea Salonga","zMvW-0Slqfg","platinum"
"1075","Mula Sa Puso","Jude Michaels","ePhPeGSeyJI","platinum"
"1076","Muli","Rodel Naval","1IHl20MeoII","platinum"
"11032","Muli","Bamboo","6iz4-_ZsKKs","platinum"
"11610","Muli","Ebe Dancel","Ur-TfaoMBfc","platinum"
"8463","Muli","Gary V./Regine V.","NwK0vKgl8GI","platinum"
"9410","Muli","Janno Gibbs","lypGwWy54UM","platinum"
"9553","Muli","Bugoy","OuCgT1DVebo","platinum"
"5994","Muli Ay Patawarin","Von Arroyo","39B20fI8aek","platinum"
"1467","Muli Mong Mahalin","April Boys","wuxaHiEK3sI","platinum"
"11668","Muling Ibalik","First Cousin","eOGZvmEIymg","platinum"
"7632","Muling Mahiram","Anton Diva","PQBYgGrXQdM","platinum"
"0126","Muling Mamahalin","Loui Heredia","7BwRM21xHHU","platinum"
"6276","Muling Nagmahal Ang Puso","Jude Michaels","irft4DxYZDY","platinum"
"1507","Multo Sa Paningin","The Youth","9HwWk-dd6uk","platinum"
"1383","Muntik Na Kitang Minahal","The Company","d7UY_XBOFMM","platinum"
"5834","Muntik Na Kitang Minahal","Carol Banawa","VI4ZJfqRb6A","platinum"
"1596","Muntik Nang Maabot Ang Langit","True Faith","XkCczuQtnF4","platinum"
"9790","Munting Hiling","Willie Revillame","KQNjgNyh1NU","platinum"
"5010","Munting Pangarap","Aegis","pCZvEXOxUtg","platinum"
"6950","Murder On The Dance Floor","Sophie Bextor","lhr_pPAJ0C4","platinum"
"5628","Music","Madonna","RvxbKG75Vc8","platinum"
"0522","Music Box","Mariah Carey","eu_Oq6hz4Qs","platinum"
"6391","Music Of My Heart","N'sync And Gloria","Md7brJ4qK8Q","platinum"
"8726","Musikang Binisaya","Visayan Song","3WhqjWg8-Ng","platinum"
"0981","Muskrat Love","America","1-Yt5fUy8vw","platinum"
"1236","Must Be Heaven","C. Paner","gMetRQodtF8","platinum"
"8202","Must Get Out","Maroon 5","4HXvrIhXp4M","platinum"
"0010","Mustang Sally","Wilson Pickett","jw7bwhsx5bw","platinum"
"4299","My All","Mariah Carey","Op9BxTbCUWE","platinum"
"6277","My Baby Just Cares For Me","Nina Simone","q37S0ny2tic","platinum"
"8089","My Boo","Usher Ft. Alicia Keys","zhN-NAArEH0","platinum"
"0950","My Boyfriend's Back","The Angels","Zie2Ru4F5Pw","platinum"
"4646","My Brave Face","Paul Mccartney","R2sc7Fr0PGQ","platinum"
"6278","My Cherie Amour","Stevie Wonder","VfNth5H7jHU","platinum"
"6596","My Confession","Richard Marx","Lo3QIaO4tpg","platinum"
"3218","My Elusive Dreams","Tom Jones","Ho07BPxvy7U","platinum"
"11978","My Everything","Down To Mars","k9OCGQl5HMI","platinum"
"5335","My Everything","98 Degrees","rMa2D8xkljY","platinum"
"9849","My Eyes Adored You","Sam Milby Feat Tori","fUWb0q9po7g","platinum"
"1485","My Fair Share","Seals & Crofts","yNT0PXB56zI","platinum"
"6279","My Fathers Eyes","Eric Clapton","kQ-Xbk7WVlM","platinum"
"4647","My Fathers Son","","lCDz6VQZm6c","platinum"
"1008","My Favorite Things","Julie Andrews","0PvFF0mvAFQ","platinum"
"9482","My First Broken Heart","Iya Villana","6TmSuw3uYMw","platinum"
"1347","My First Day Alone","Cascades","wX2iB5OWvKo","platinum"
"1532","My Funny Valentine","Chris Connors","irD25RTBEtM","platinum"
"3555","My Generation","The Who","Zt3wi88RVnQ","platinum"
"5306","My Girl","Phil Collins","38DGEASEEBk","platinum"
"6441","My Girl","The Temptations","UHmVzIi-8Sw","platinum"
"8435","My Girl","Sam Milby","AdLD4GCSZYE","platinum"
"3219","My Girl","My Woman My Friend","Jose Mari Chan",""
"44082","My Guy","Diana Ross","yYgFs1_BUV0","platinum"
"0255","My Happiness","Connie Francis","LLdj5k7pO-s","platinum"
"44021","My Happy Ending","Avril Lavigne","6rX4IIMgUjg","platinum"
"9859","My Heart Has A Mind Of Its Own","Christian Bautista","A2jZ4w6p65c","platinum"
"0241","My Heart Will Go On","Celine Dion","cdgU8YmD3Kc","platinum"
"44165","My Hero","Foo Fighters","sUApSglzhtQ","platinum"
"0456","My Hometown","Bruce Springsteen","wiKxR3vyBh0","platinum"
"8351","My Humps","Black Eyed Peas","mRZs7U9NO68","platinum"
"7688","My Immortal","Evanescence","Dv4s4KFptCE","platinum"
"5995","My Kind Of Girl","Matt Monro","jUfOe05OwDM","platinum"
"7710","My Labs","Lovely","TrJ3Cji0ERw","platinum"
"1026","My Life","Billy Joel","0FJmt0KDucQ","platinum"
"9756","My Life Would Suck Without You","Kelly Clarkson","EY2RwncHm5w","platinum"
"7715","My Little Clown","Barbie","z8Cvf8vsEdA","platinum"
"11262","My Little Girl","Tim Mcgraw","UakX17kd-LA","platinum"
"2866","My Love","Paul Mccartney","J2nXFOme2CM","platinum"
"44285","My Love","Lionel Richie","bvFikYhfL1s","platinum"
"44784","My Love","Justin Timberlake","YldImiqmgwQ","platinum"
"5184","My Love","Westlife","SMBliIvBigU","platinum"
"1618","My Love And Devotion","Perry Como","G_71MMRIlEU","platinum"
"44407","My Love Is Like..","Mya","e6nMlwrO2Yg","platinum"
"1608","My Love Will See You Through","Marco Sison","KIdC9_eOgtk","platinum"
"44384","My Milkshake","Kelis","VK8f9bu6ybo","platinum"
"4300","My Oh My","Aqua","WGgc6XWf1HI","platinum"
"0897","My Old School","Steely Dan","0frjDGN13dI","platinum"
"3553","My Only Love","","kVmG0zRm2SA","platinum"
"7004","My Own Prison","Creed","RbqQcmHHyx0","platinum"
"8122","My Place","Nelly","fl3q2JwpCtk","platinum"
"5996","My Pledge Of Love","Judy Ann Santos","36K2cWh_OPM","platinum"
"1509","My Prayer","The Platters","jc9Y8iVdMmo","platinum"
"8045","My Prerogative","Britney Spears","uvW6AVVEUBQ","platinum"
"7005","My Sacrifice","Creed","yuU49pbqG00","platinum"
"0091","My Sharona","The Knacks","qQEY7dAR5Ws","platinum"
"4649","My Shining Hour","","uc_NQ-wSs64","platinum"
"5307","My Side Of Town","TRICIA Mcneal","1v3YXRlceQw","platinum"
"1597","My Special Angel","Bobby Helms","S_dNL7dRad8","platinum"
"7407","My Strongest Suit","Spice Girls","kBCwMurHTv0","platinum"
"0386","My Sweet Lady","John Denver","0AvEoQOn7CQ","platinum"
"6876","My Sweet Lord","George Harrison","K1jSgY_QSiQ","platinum"
"11737","My Tender Bear","Kamikazee","47f7uSj9VuQ","platinum"
"5185","My Uncle John From Jamaica","Vengaboys","64uk_kBxTzI","platinum"
"5835","My Valentine","Jamie Rivera","1WpuMH7ciTk","platinum"
"2606","My Way","Frank Sinatra","n1uJplvI1LE","platinum"
"8282","My World","Avril Lavigne","3--gyf60GGo","platinum"
"7514","My World Keeps Getting Smaller","Neil Sedaka","FNCqA5UbAY8","platinum"
"6281","Mysterious Ways","U2","mXcAJpQFtDc","platinum"
"8981","Na Bitik Sa Otot","Agipo","9Xq8xBBOGmI","platinum"
"11377","Na Na Na","My Chemical Romance","M5dYAKCUvoI","platinum"
"1254","Na Sabihin Mo","Eloisa","MLsaWdPwXlY","platinum"
"5271","Naaalala","Rallion Alonzo","nqJHikp7v9E","platinum"
"9080","Naaalala Ka","Shamrock","XjEg673UnCs","platinum"
"9422","Naaalala Ka","Shamrock","XjEg673UnCs","platinum"
"0483","Naalala Ka","Rey Valera","-0hd-x_4i1Y","platinum"
"8727","Naanad Na Ako","Visayan Song","b1WhEYgW6nM","platinum"
"7580","Nadevelop","Tin Amaldo","JAqpV6k7Ywo","platinum"
"8817","Nag Inusara","Bisrock","dYw3Ip0HwTc","platinum"
"7737","Nag-iisa","Rannie Raymundo","yCPC5sdrCD4","platinum"
"7941","Nag-iisa","Laarni Cuevas","qu5-NE4dXp4","platinum"
"5059","Nag-lisang Ikaw","Louie Heredia","kAW5yb6qzSs","platinum"
"8728","Naglibog Ako","Milyo Naryo","cLdxhkyZ7ys","platinum"
"8729","Nagmahay Ako","Visayan Song","8YcteW1EcQ4","platinum"
"9909","Nagmamahal Ako Ng Bakla","Dagtang Lason","PEPwIZgnhDY","platinum"
"9029","Nagmamahal Ng Tunay","Piolo Pascual","Nb02dt1E8ZE","platinum"
"8730","Nagsabong Ken Akyat","Ilocano Song","G9954nsuU1k","platinum"
"8731","Nahanaw Ka","Visayan Song","K46bGlDpK6k","platinum"
"5186","Nahanaw Na Gyud","Pilita Corales","KvIiI_Npml8","platinum"
"5187","Nahuli Kita","Jessa Zaragoza","n5aRGe69li0","platinum"
"9481","Nahuli Mo Na Ba Ako","Itchyworms","UhY35EnIRFA","platinum"
"11624","Naiisip Mo Ba","David Dimuzio","U-WoBI3shMg","platinum"
"0124","Nais Ko","Rodel Naval","NcJ1Q49ce_E","platinum"
"7851","Nais Ko","Side A","3Z5mpUeBxvI","platinum"
"9512","Nais Ko","Lovi Poe","MF8aRPtq9zQ","platinum"
"8010","Nakaka","Masculados","tno7wLpAy94","platinum"
"7738","Nakakabaliw Ka Babe","L. Lopes","PJadqUdDVNM","platinum"
"1078","Nakapagtataka","Hadji Alejandro","_7reLWtcygs","platinum"
"7006","Nakapagtataka","Jim Paredes","oaDxUIg5YGQ","platinum"
"8017","Nakapagtataka","Vingo & Jimmy","U62_FLkMppM","platinum"
"8541","Nakapagtataka","Spongecola","gfzb3lcZjRg","platinum"
"8030","Nakaraang Pasko","Ariel Rivera","8-Rj_dLNDyI","platinum"
"8732","Naka-Table Na Kita","Milyo Naryo","c0h9EX9sgwc","platinum"
"5997","Nakaw Na Pag-Ibig","Claire","mkYNomGwVV4","platinum"
"11404","Naked","Salamin","cknQjAnhMNQ","platinum"
"9804","Nalilimutan Mo Na Ba","Jennylyn Mercado","J4OgkY1w0R8","platinum"
"6705","Namumuro Ka Na","Lukas","pWTTUugASJ8","platinum"
"1255","Nanabik","Rea Valle","gZ0EsxWtiAg","platinum"
"6131","Nananabik Sa'yo","Sharon Cuneta","SxNaaGjGj8c","platinum"
"11006","Nananaginip","Callalily","-9QNkvqnhWQ","platinum"
"9746","Nananaginip Ng Gising","Sarah Geronimo","z9ft1ShsoSM","platinum"
"11415","Nandito","General Luna","chykiGYAvgY","platinum"
"1384","Nandito Ako","Lea Salonga","uSq8mxxrlh4","platinum"
"4334","Nandito Ako","Ogie Alcasid","SrE38_6BuBc","platinum"
"8436","Nandito Lang Ako","Shamrock","pbtZl1zI9jY","platinum"
"7739","Nandito Lang Sa Tabi","Roman F.","7Jd2vDZURzI","platinum"
"5463","Nang Dahil Sa Pag-Ibig","Tootsie Guevara","lpD_DTOgpGc","platinum"
"5692","Nang Dahil Sa Pag-Ibig","Anthony Castello","OIvRe0pxTUA","platinum"
"9267","Nang Dahil Sa'yo","","lpD_DTOgpGc","platinum"
"7740","Nang Iwan Mo","Piolo","EIwM1n6I71o","platinum"
"4967","Nang Makapiling Ka","Jessa Zaragoza","7zf0GEIR0No","platinum"
"0303","Nang Minsan Lang","Willy Cruz","hVevF--oy6g","platinum"
"5836","Nang Siya'y Mawalay","Rockstar 2","yffls7QpNXc","platinum"
"9258","Nangangawit","Sugarfree","5Ns98T82JnE","platinum"
"8158","Nanggigigil","Hagibis","l85cR5pZD_U","platinum"
"5188","Nanghihinayang","Jeremiah","CDVYjRyw_aM","platinum"
"11671","Napakasakit Kuya Eddie","Roel Cortez","GtKu-Xi3QlA","platinum"
"9709","Napamahal Ka Na","Jolina Magdangal","94tsmhEjpiM","platinum"
"5629","Napapa-Uhh","Glady's & The Boxer","HSi6kJgAyHE","platinum"
"5114","Napupuyat","Freddie Aguilar","6YuGycre0pk","platinum"
"8384","Narda","Kamikazee","uJV0avAF_FU","platinum"
"5630","Naririto Ako","Michael Laygo","dWCcJ_9OU8E","platinum"
"1811","Narito","Sarah Geronimo","5WCm_fVdN4I","platinum"
"0323","Narito Ako","Ariel Rivera","qr951rpacmk","platinum"
"1385","Narito Ang Puso Ko","Miguel Vera","VtXZsYoV-wE","platinum"
"7438","Narito Ang Puso Ko","Sarah Geronimo","5WCm_fVdN4I","platinum"
"1813","Narito Ka Lang Pala","Lloyd Umali","ZLWE6mnG_qE","platinum"
"7640","Narito Lang Ako","Vina Morales","oUM2LJB3Dbw","platinum"
"0602","Narito Na Ang Pasko","Gino Padilla","jILugoDVUfY","platinum"
"11057","Nariyan Ka","Juris","qHKTA8ukibc","platinum"
"5693","Nasaan Ang Liwanag","Willy Garte","T_kIYepNFOU","platinum"
"6132","Nasaan Ka","Willie Garte","cn9D7UFWmmw","platinum"
"8449","Nasaan Ka","Pupil","RZiu7lfm-QQ","platinum"
"0100","Nasaan Ka","April Boy Regino","JMgMaVq-jOI","platinum"
"7886","Nasaan Ka Na","Nyoy Volante","TAxuglCcYp8","platinum"
"9710","Nasaan Ka Paano Ko","Kuh Ledesma","jTe_wfpdK-g","platinum"
"1239","Nasa'n Ka Na","Alecx","XyuRcXDAqz4","platinum"
"8589","Nasa'n Ka Na","Kyla","i4Z32Y8wGvk","platinum"
"6715","Nasasabik Sa Iyo","Fred Panopio","mbNhEhyijiU","platinum"
"9711","Nasasaktan","Reuben Laurente","aly4whd7lWQ","platinum"
"8733","Nasursorokan","Ilocano Song","q3__xS7tdPY","platinum"
"8528","Natatawa Ako","Gabriela","Ti8KstMvOtQ","platinum"
"8038","Nativity In Black","Black Sabbath","ZTFzMHNfkbQ","platinum"
"7852","Natural","S Club 7","M1_ntK-NcHA","platinum"
"8050","Natutulog Ba Ang Diyos","Gary V.","nF0qxXx8r5Q","platinum"
"8080","Natutulog Kong Mundo","Wolfgang","nBR7ac-Dtk0","platinum"
"7807","Naughty Girl","Beyonce","7DjGUwLXvMg","platinum"
"9582","Nawawala","6 Cyclemind","s2P-vnMOkMo","platinum"
"11228","Need You Now","Lady Antebellum","U4j8UroIWqU","platinum"
"2730","Needles And Pins","Smokie Robinson","ZzkHJm48P6M","platinum"
"3556","Neighbors","Australian Tv Soap Song","nly1xGOvBTM","platinum"
"6442","Neighter One Of Us","Gladys Knight","vkWMqtLN1QE","platinum"
"5734","Nena","Banyuhay","CVSspZE6YxA","platinum"
"8507","Nene","Mano Mano","6pA6KQSQ2Sw","platinum"
"6283","Neon Knights","Black Sabbath","WJUv6wqS7gs","platinum"
"11186","Neon Lights (Nebula)","Rico Blanco","V4XkhjezIrQ","platinum"
"7321","Nerbyoso","Rivermaya","b8k60cVvszM","platinum"
"11153","Neutron Star Collision","Muse","afTdD8WQ-pE","platinum"
"11122","Never Again","Kelly Clarkson","plkbHkFMxtI","platinum"
"11385","Never Again","Nickleback","oXb2NReL_PU","platinum"
"7227","Never Be The Same Again","Mel C.","Og4DIMeht6c","platinum"
"5891","Never Been To Me","Charlene Duncan","wuqNn2UZ2os","platinum"
"0892","Never Ending Story","Limahl","OLL1YGO8ZzY","platinum"
"6877","Never Ever","All Saints","gpKWiQFETe4","platinum"
"1079","Never Ever Say Goodbye","Nonoy Zuniga","yyGFhLuOqT0","platinum"
"11135","Never Forget You","Noisettes","kJNhp9Zsexo","platinum"
"9879","Never Give Up","Erik Santos And Christian","CKl9ZuhGKCU","platinum"
"4359","Never Gonna Give You Up","Rick Astley","8leAAwMIigI","platinum"
"9081","Never Gonna Give You Up","Sergio Mendez","E9KcmhwjFwg","platinum"
"11628","Never Gonna Leave This Bed","Maroon 5","IvsELKyVWrg","platinum"
"8156","Never Gonna Let You Go","Sergio Mendez","E9KcmhwjFwg","platinum"
"5511","Never Had A Dream Cme True","Sclub7","QwUGRlLAsZM","platinum"
"0665","Never Let Her Slip Away","Andew Gold","ahuU-wMfqgM","platinum"
"11190","Never Let You Go","Justin Bieber","7iA_KCnvB2w","platinum"
"44825","Never Miss A Beat","Kaiser Chiefs","Ev27V1gEcsE","platinum"
"2857","Never My Love","Association","GLjBqMma6LE","platinum"
"6133","Never Never Never","Linda Ronstadt","044Q93MdqQI","platinum"
"3024","Never On Sunday","Patsy Cline","CeO5XLitTKc","platinum"
"6386","Never Say Goodbye","Bon Jovi","N2G8Z9Bx2N0","platinum"
"11097","Never Say Never","The Fray","J7vNeCwhvK4","platinum"
"11191","Never Say Never","Justin Bieber Ft. Jaden","40vk0gD6r38","platinum"
"6598","Never Surrender","Corey Hart","dZv9xbOuVqs","platinum"
"0292","Never Thought","Dan Hill","zNxtIn0AcAs","platinum"
"4655","Never Will I Marry","Greenwillow","CneMwf1CuWU","platinum"
"1511","New Kid In Town","Eagles","6P416vTZA6c","platinum"
"11138","New Shoes","Paulo Nutini","k6rFeJLAiJA","platinum"
"9288","New Soul","Yael Naim","ilykRine6Ss","platinum"
"4657","New World Man","Rush","0FWSv5w9SZU","platinum"
"6134","New Year","Sugababes","b0OcmUtjvXM","platinum"
"3220","New Years Day","U2","NdH1NntJJKo","platinum"
"0555","New York Minig Disaster","Bee Gees","KBhUNfet2Yw","platinum"
"2803","New York New York","Frank Sinatra","4giwDeT59AA","platinum"
"6880","Next 100 Years","Bon Jovi","R63Ly1YNz0g","platinum"
"1599","Next Door To Angel","Neil Sedaka","7pbzW0sriQw","platinum"
"0105","Next In Line","After Image","CVANIMHJ260","platinum"
"11604","Next To You","Chris Brown Ft. Justin","NEH_jPXDOMA","platinum"
"8993","Ngano Man","Scrambled Eggs","y1nfEv5p008","platinum"
"9013","Ngano Man","Missing Filemon","K_rvhZKur1A","platinum"
"1177","Ngayon","Basil Valdez","TluQLLhn_Dk","platinum"
"1267","Ngayon At Kailanman","","1fv44ho6UxU","platinum"
"11767","Ngayon Na","Slapshock","wt00txUSXxU","platinum"
"9534","Ngayon","Bukas At Kailanman","Sarah Geronimo",""
"9712","Ngayong Pasko","Bayani Agbayani","hf5TzdPJkgs","platinum"
"15007","Ngayong Wala Ka Na","Kyla","TrnXBwrQ5D4","platinum"
"5837","Ngayong Wala Ka Na","Ara Mina","aPdfSj_D0RE","platinum"
"9713","Ngayo'y Naririto","Jay R","5pRHJM9zHnE","platinum"
"8800","Ngiti","Ronnie Liang","-xvdThoW9CE","platinum"
"9465","Ngiti Lang","KC Concepcion","8glbsOCkIsw","platinum"
"1288","Ngunit Dahil Sa Yo","","ig0Ysb7ypGQ","platinum"
"6600","Ni Yao Te Ai","F4","yXQ9Tfk-nMI","platinum"
"7986","Nice And Slow","Usher","8UFt4ru5S44","platinum"
"2915","Nice To Be With You","Gallery","Kq71AtDtn3M","platinum"
"1027","Night And Day","Frank Sinatra","BMzZRVA7P0M","platinum"
"6444","Night Fever","Bee Gees","qCmdywbUqXA","platinum"
"11457","Night Is Young","Nelly Furtado","yjtBJJTsG7E","platinum"
"0489","Nightbird","Kalapana","MgJ8G808eGE","platinum"
"0195","Nights In White Satin","Moody Blues","4JCt1y7U4Ow","platinum"
"2859","Nights On Broadway","Bee Gees","m3C4SlxAcD0","platinum"
"2836","Nikita","Elton John","sz3xN2er-Bc","platinum"
"9082","Nilamon Ng Gabi","The Pain Up Girls","DFnemFHwsok","platinum"
"5272","Nilunok Kong Lahat","Selina Sevilla","x16rjEk4J2k","platinum"
"44670","Nine In The Afternoon","Panic At The Disco","YT7HrDG7f2c","platinum"
"44786","Nine Million Bicycles","Katie Melua","VzE4d92ER1I","platinum"
"4658","Nineteen Hundred And Eighty Five","Paul Mccartney","WbhnraprQJo","platinum"
"9349","No Air","Jordin Sparks","0y0zKN06RNg","platinum"
"1513","No Arms Can Ever Hold You","Chris Norman","k2mHKrpF6to","platinum"
"44801","No Can Do","Sugababes","xXlBs5l4x54","platinum"
"8734","No Dua-Dua-Empay","Ilocano Song","0vE-whHxSL4","platinum"
"44330","No Excuses","Alice In Chains","MCfgxNYkD44","platinum"
"5775","No Good For Me","The Corrs","o-kaqU4VhOI","platinum"
"0748","No Limited","2Unlimited","2bCJEHYN4hI","platinum"
"4659","No Matter What","Boyzone","V6aYlRB5k0c","platinum"
"5100","No More","Elvis Presley","COJ9hwPUK8Y","platinum"
"5768","No More I Love You's","Annie Lennox","0Dpzn-_BZvY","platinum"
"2842","No More Lonely Nights","Paul Mccartney","7zexqCnf6Uk","platinum"
"6288","No More Mr. Nice Guy","Alice Cooper","T3zL5mNFp4Y","platinum"
"0085","No More Rhyme","Debbie Gibson","BSOSaubwmEY","platinum"
"9242","No One","Alicia Keys","0lFbFPq8ajo","platinum"
"5391","No One Can","Marillion","wJLGXCZ5Cxo","platinum"
"7118","No One Else Comes Close","Joe","ym7vyRR3_08","platinum"
"1619","No Other Love","Jo Staford","2TgRxXylEDo","platinum"
"5998","No Other Love","Victor Wood","7DoZf_KjK7w","platinum"
"1514","No Rain","Blind Melon","wBCI7Sn0UVA","platinum"
"5427","No Reply","The Beatles","YmlNLasdTkA","platinum"
"4284","No Scrubs","TLC","CUFIRtDz-Oo","platinum"
"8735","No Siakto To Ti Agayat","Ilocano Song","yS0oqCdKeqA","platinum"
"0733","No Son Of Mine","Genesis","I7Q2EQ1pZfs","platinum"
"7692","No Such Thing","John Mayer","2T0irH4vIeI","platinum"
"4661","No Sugar Tonight","Guess Who","Znz6MSv_65U","platinum"
"9813","No Surprise","Daughtry","cqOy7ibm5vg","platinum"
"6290","No Tell Lover","Chicago","Jwrq6k3FoCU","platinum"
"4662","No Time","Guess Who","F5OteRR9mog","platinum"
"1080","No Touch","Mike Hanopol","5V7xeuh-J2w","platinum"
"2875","No Woman No Cry","Bob Marley","8rP5KeR3tzc","platinum"
"44817","No You Girl's","Franz Ferdinand","BSv-2x7Ll8k","platinum"
"8450","Nobela","Join The Club","v7hRpilP2sg","platinum"
"9798","Nobody (English Version)","Wonder Girls","xlnAlLW2ZgU","platinum"
"9799","Nobody (Korean Version)","Wonder Girls","owg9fTbl3m4","platinum"
"2801","Nobody Does It Better","Carly Simon","RB_5jvcXNiY","platinum"
"44795","Nobody Knows","Pink","7V1lJIBIKrk","platinum"
"7058","Nobody Wants To Be Lonely","Ricky Martin","_s7yuk4Ej0E","platinum"
"5404","Nobody Wins","Elton John","g2D8dD1su1E","platinum"
"8067","Nobody's Home","Avril Lavigne","2tzo9lnbVAA","platinum"
"3558","Nobody's Child","Lee Towers","ZROoVnEtYX4","platinum"
"11098","Nobody's Perfect","Hannah Montana","7zxND-BP3yA","platinum"
"6291","Nobody's Wife","Amoks","txr7MQ8iUpg","platinum"
"5056","Noche Buena","Marc Sison","1sZxfVN1Eek","platinum"
"9626","Noon At Ngayon","Carol Banawa","rYTn69b_6dk","platinum"
"7741","Noo'y Pasko Rin","Roselle Nava","pBmvqamjkO8","platinum"
"0428","Norwegian Wood","Beatles","W81PUSGcrHQ","platinum"
"0103","Nosi Balasi","Sampaguita","8846-5w-MlA","platinum"
"6986","Nostalgic Medley","Various Artist","1GzZPMRIIf4","platinum"
"44832","Not Fair","Lily Allen","qx73CMQBnSU","platinum"
"6293","Not If You Were The Last On Earth","Dandy Warhols","F7ASrTik98k","platinum"
"11041","Not Like The Movies","KC Concepcion","Zq0AZ9ES0V8","platinum"
"11132","Not Myself Tonight","Christina Aguilera","XYxCZouVKYo","platinum"
"11294","Not Ready To Make Nice","Dixie Chicks","hCgEsgk0evc","platinum"
"9083","Not Your Ordinary Girl","Kyla","kjL2ffUXgMA","platinum"
"9844","Note To God","Charice Pempengco","_ch7npcOt7o","platinum"
"1516","Nothin' At All","Heart","YXHTi4HAI5s","platinum"
"11195","Nothin' On You","B.O.B ft Bruno Mars","hkLx6I-t3b8","platinum"
"44735","Nothin' To Die For","Tim McGraw","CBpCmX5vbYw","platinum"
"11449","Nothing","The Script","mZxpPvstAh0","platinum"
"6601","Nothing Can Compare","Neil Solter","I-ZFnAYjWnU","platinum"
"1029","Nothing Can Stop Us Now","Rick Price","uaaRroLkXUE","platinum"
"0515","Nothing Compares To You","Sinead O' Connors","E_eE3qrnkVs","platinum"
"5413","Nothing Else Matters","Metallica","LcK5u0usw6Y","platinum"
"44787","Nothing In My Way","Keane","v0Me6fOb1Ho","platinum"
"8540","Nothing In This World","Paris Hilton","-dIVDkrd5c8","platinum"
"7515","Nothing Really Matters","Madonna","OWLs58F9OL0","platinum"
"11320","Nothing To Die For","Tim Mcgraw","CBpCmX5vbYw","platinum"
"8869","Nothing To Lose","Michael Learns To","ciCu9ChkyPE","platinum"
"44110","Nothing's Gonna Change","George Benson","-rD1vk3Rki8","platinum"
"0168","Nothing's Gonna Change My Love","Glenn Medeiros","S28Xb0MeDcs","platinum"
"0891","Nothings Gonna Stop Us Now","Starship","fpf7Pzb_kiE","platinum"
"4664","Notorious","Duran Duran","qhCBiiybkQY","platinum"
"3561","November Rain","Guns & Roses","KFUW0p50P58","platinum"
"9508","Novus Is Burning","Wolfgang","SAlqHs0TWw0","platinum"
"9469","Now","M.Y.M.P.","RyPg1jZ2tJ0","platinum"
"11780","Now And Forever","Air Supply","Ktp9Q6tqP1s","platinum"
"6294","Now And Forever","Richard Marx","ICUrHapBGQI","platinum"
"4666","Now I Lay Me Down To Sleep","Traditional","ZzMTgROXTyg","platinum"
"44745","Now Or Never","High School Musical","_Do9vkJW294","platinum"
"8013","Now That I Have You","Sheryn And Mark","DSi35ju6z10","platinum"
"8348","Now That You're Gone","Ella Mae Saison","Q4stMRskiAs","platinum"
"2952","Nowhere Man","The Beatles","O96GbcThEus","platinum"
"7704","Noypi","Bamboo","XjoRpoSq8lk","platinum"
"7086","Numb","Linkin Park","8XhEG7MtG00","platinum"
"0510","Number Two","Joe","p6yg5x31wZc","platinum"
"8918","Nursing","Bisrock","7CMilpFMU1s","platinum"
"4668","O Christmas Tree","Traditional","dodpPrIu5mc","platinum"
"4670","O Holy Night","Christmas Song","9zYS2GVCWRM","platinum"
"5893","O Kay Sarap Umibig","Rea Valle","gZ0EsxWtiAg","platinum"
"1376","O Lumapit Ka","Ella Del Rosario","fMrpITfFoUE","platinum"
"1662","O Naraniag A Bulan","Ilocano Song","xJhJO2eiMHU","platinum"
"8024","O Pag-Ibig","Vhong Navarro","-18WRZDXW30","platinum"
"8349","O.K. Na","Milk And Honey","Oemawe4tP08","platinum"
"11634","O.M.G.","Karylle","R9D-ULweVaQ","platinum"
"3562","Oakie From Muskogee","Merle Haggard","jhnNg4ToRBc","platinum"
"4672","Oats","Peas","Beans And Barley Grow","Traditional"
"6698","Objection","Shakira","gnVN5ncNh0w","platinum"
"6602","Objection Tango","Shakira","gnVN5ncNh0w","platinum"
"0816","Obladi Oblada","Beatles","EmZxleXjRpM","platinum"
"5308","Oblivious","Kaya","T8m23a9oR3U","platinum"
"11510","Obsessed","Mariah Carey","TIYyX7A3dBU","platinum"
"7701","Obvious","Westlife","im6yyDS_Io8","platinum"
"1386","Ocean Deep","Cliff Richard","kUzHS6rwcEI","platinum"
"0730","Ocean Of Love","H. Coleman","ezt-TIK6e6k","platinum"
"2786","Octopus's Garden","The Beatles","VfciGCQ6tU8","platinum"
"1681","Ode To My Family","The Cranberries","R5Dr0cWjQ3U","platinum"
"1709","Of All The Things","Dennis Lambert","CGEPRtZrhMo","platinum"
"8082","Officially Missing You","Tamia","QTxhoJ7rWD8","platinum"
"9880","Oh Babe","Jeremiah","vZHHV5AxEAQ","platinum"
"4673","Oh Boy!","Buddy Holly","YjsWU4aGRI0","platinum"
"2608","Oh Carol","Neil Sedaka","1LMa-l2dC-s","platinum"
"44431","Oh Carolina","Shaggy","RIWSVJK2ox4","platinum"
"7289","Oh Come All","Ye Faithful","OhCedStxDFg","platinum"
"1717","Oh Come All Ye Faithful","Traditional","ZvXHjGOcMbA","platinum"
"6446","Oh Giliw Ko","Zaldy","QhsReauwtAY","platinum"
"8737","Oh Kinabuhi","Visayan Song","RzzMP4aF_q0","platinum"
"0787","Oh Little Town Of Bethlehem","Christmas Song","xonHopczaNs","platinum"
"0196","Oh Lonesome Me","Victor Wood","Gl4phGGSEJo","platinum"
"44779","Oh My God","Ida Maria","uysMiBPLYWs","platinum"
"0291","Oh My Love","John Lennon","ckr_qU0ynyI","platinum"
"3988","Oh Pretty Woman","Roy Orbison","skIuixj9wEM","platinum"
"3635","Oh Starry Night","Sailor Moon Us","jLsNyLeJUAg","platinum"
"0894","Oh Susana","Various Artist","dZQPGi9Uc14","platinum"
"2698","Oh! Darling","The Beatles","s1dBB8QNU4E","platinum"
"4674","Oh","My Darling Clementine","Traditional",""
"7340","Oil Of Gladness","Patricia Woleky","1pEhPhJYAB4","platinum"
"9272","Ojo Kaluguran Daka","Kapampangan","Zq7UfWsTm5g","platinum"
"8877","Okat Tokat","Parokya Ni Edgar Ft. Jay","_IRyHJ-ZZH8","platinum"
"7516","Old And Wise","Alan Parsons Project","NQdQ82vj_hQ","platinum"
"4676","Old Brass Wagon","Traditional","2Oq9HuYISAs","platinum"
"9855","Old Friend","Kyla","UTFLrisRQTc","platinum"
"3992","Old Macdonald","Traditional","5GmA0e_DmwE","platinum"
"11192","Old Photographs","Jim Capaldi","MFxBbw4jR8o","platinum"
"0803","Old Time Rock And Roll","Bob Seeger","BeU3ihVyg0w","platinum"
"8738","Oldest Man Sa Mundo","Milyo Naryo","3GqqK_Y9K5g","platinum"
"6987","Oldies Medley","Various Artist","qL6R8hzTiiQ","platinum"
"8739","Olivia","Visayan Song","X8ZNzxlK4eE","platinum"
"4232","Ol'man River","Frank Sinatra","Bf_mJ5qt4bc","platinum"
"11179","OMG","Usher Ft Will I Am","di1mBN3PYU4","platinum"
"7386","On A High","Duncan Sheik","e-i7scL242Y","platinum"
"0786","On And On","Stephen Bishop","UZxy7oGlpqg","platinum"
"1549","On Bended Kness","Boys II Men","NR08Fd7UKt8","platinum"
"3007","On Broadway","Ben E. King","1a5rf5XC3X4","platinum"
"6296","On My Own","Michael Mcdonald","GsRygG8ELD8","platinum"
"8777","On Ne S'aimera Plus","Larusso","VqoelfCkFw0","platinum"
"11566","On The Floor","Jennifer Lopez Ft.","J8BW5A3s0HE","platinum"
"5013","On The Wings Of Love","Martin Nievera","IztXhbD4u3g","platinum"
"5839","On This Day","David Pomeranz","QFaIqalFcdo","platinum"
"0145","On Top Of Spaghetti","Traditional","6weU9jTU-8s","platinum"
"3995","Once Bitten Twice Shy","Great White","3tyTBMHqgOk","platinum"
"8097","Once In A Lifetime","Freestyle","2fK4LAQ5gPE","platinum"
"3020","Once In A While","Dinah Shore","6gItREAthnc","platinum"
"0197","One","Three Dog Knight","zZ1mpaMaCSA","platinum"
"4233","One","U2","A-6vOZ6cNOA","platinum"
"7341","One","Heart Evangelista","G0Ur6U8rixQ","platinum"
"9589","One","Cueshe","IgRW2a9kGrI","platinum"
"6882","One Body","One Soul","Ella Mae Saison",""
"5894","One By One","Cher","IvOq3AaHlwE","platinum"
"11512","One Day","Charice","Ki7Rl4fKRzU","platinum"
"9496","One Day","Yasmien Kurdi","AYtCrx0QW00","platinum"
"6298","One Day At A Time","Lena Martell","fhxwweBY0D4","platinum"
"9084","One Day I'll Fly Away","Randy Crawford","GbhT2KoljXY","platinum"
"9999","One Day In Your Life","Michael Jackson","_0GWndHrjEQ","platinum"
"0666","One Day Soon","Tom Jones","X8Jf4cJuANo","platinum"
"4678","One For My Baby","Frank Sinatra","pGNNXQNB54w","platinum"
"11426","One Friend","Dan Seals","b3dwgcK38dM","platinum"
"7119","One Hello","Randy Crawford","h8kXWB9rSm0","platinum"
"11758","One Hit Combo","Parokya Ni Edgar Feat.","UwvRIwRG7_o","platinum"
"44775","One I Love","David Gray","QKvW_pK2u9c","platinum"
"11456","One In A Million","Neyo","zzhAA1EZXsU","platinum"
"7853","One In A Million","Bosson","QQ-nskgyOhM","platinum"
"5273","One In A Million You","Larry Graham","Z_agW5K8BiM","platinum"
"44551","One Kiss From You","Britney Spears","g9Lsp__7ADs","platinum"
"8422","One Last Breath","Creed","5Bnth5PeS8Y","platinum"
"0667","One Last Cry","Brian Mcknight","t3h9_CdAzlI","platinum"
"6135","One Last Song","A1","iNeC70lxpCA","platinum"
"11197","One Less Lonely Girl","Justin Bieber","-O2gI9Qubc8","platinum"
"9823","One Little Kiss","Sarah Geronimo","nkdFdBFmwkg","platinum"
"9030","One Look","Kjwan","i7hkkGsmbBM","platinum"
"6756","One Love","Blue","7-QzKti79wQ","platinum"
"9293","One Love","Ace Bisa","gfB9M-HZ77M","platinum"
"5405","One Love People Get Ready","Bob Marley","KpZhbzLvWms","platinum"
"3223","One Man Parade","James Taylor","ZU9rqq-gWcU","platinum"
"0275","One Moment In Time","Whitney Houston","TPl0fZ5lK20","platinum"
"0329","One More Chance","Madonna","Zf_3cwr9Glk","platinum"
"5191","One More Chance","Victor Wood","Ns3_m8SjZ68","platinum"
"9504","One More Chance","Piolo Pascual","8ZkOVCWZfoU","platinum"
"3996","One More Cup Of Coffee","BobDylan","NjhLxTOWWdU","platinum"
"2739","One More Night","Phil Collins","fJOnSjcO244","platinum"
"7974","One More Time","Real Mccoy","WT_LB2mT4Y4","platinum"
"2728","One More Try","George Michael","J-wNzr-qQ_M","platinum"
"5895","One More Try","A1","kDaawOTyAMU","platinum"
"9714","One More Try","Kuh Ledesma","QeMP-lJAfro","platinum"
"0982","One Night","Elvis Presley","Clwswg0SluU","platinum"
"8116","One Night","The Corrs","FhxzSfte85E","platinum"
"7887","One Of These Days","Barry Manilow","q42cc1q1E5o","platinum"
"9850","One Of These Days","Pops Fernandez","1uYor-Zc6rA","platinum"
"0455","One Of These Nights","Henley Frey","NZebwtoOp3Q","platinum"
"0776","One Of These Sounds","Bob And Susan","AGETLgmigTY","platinum"
"9236","One Of Those Girls","Avril Lavigne","Lkg8veweTYA","platinum"
"4354","One Of Us","Joan Osbourne","2VWIhx6WYec","platinum"
"1031","One Shining Moment","Diana Ross","RRqiOXRZRyo","platinum"
"9348","One Step At A Time","Jordin Sparks","zWi2Hnre6BQ","platinum"
"6676","One Step Closer","Linkin Park","FAM5ndohqvE","platinum"
"2609","One Summer Night","Jinchulyea","pK9WY4qCtfU","platinum"
"5838","One Sweet Day","Mariah Carey","PEm5akzR4k8","platinum"
"11754","One Thing","One Direction","K23X9sfz_Jk","platinum"
"11031","One Time","Justin Bieber","DCVscJtCTRg","platinum"
"3564","One Tin Soldier","The Original Caste","ZcsWKv5EMtE","platinum"
"8283","One Two Step","Ciara","T3T2QgDmxRQ","platinum"
"2612","One Way Ticket","Neil Sedaka","7h4mIzyH9eY","platinum"
"44479","One Wild Night","Bon Jovi","19t397T_hyQ","platinum"
"4682","One","Two","Buckle My Shoe",""
"7342","Only By Grace","Integrity","hv72Q23lIp0","platinum"
"11386","Only Girl","Rihanna","ZGoB5KmzMhs","platinum"
"6136","Only Hope","Mandy Moore","arpSSvad-Uk","platinum"
"7517","Only I","Dianne Dela Fuente","EDcyhlbZAgE","platinum"
"3225","Only In Your Heart","","VzOyrT4bBdI","platinum"
"7854","Only Love","Trademark","cPqy-F91Mo0","platinum"
"0324","Only Me And You","Donna Cruz","qqI2aY6quLE","platinum"
"0699","Only One Road","Celine Dion","v8mpDEohExU","platinum"
"0232","Only Remind Me Of You","Rick Price","M7KMwG53kng","platinum"
"3998","Only Sixteen","DrHook","VzEwerB6H4U","platinum"
"6300","Only The Beginning","Chicago","WQrNcG2UJDQ","platinum"
"0898","Only The Lonely","Roy Orbison","ERu9lEmbfuU","platinum"
"7693","Only Time","Enya","1uB8wiET3Cc","platinum"
"2670","Only Yesterday","Carpenters","2MddGH0a0qY","platinum"
"2611","Only You","Platters","NiLHHg5S6ZI","platinum"
"11307","Only You Can Love Me This Way","Keith Urban","omhP5Pd78LY","platinum"
"8486","Oo","Updharmadown","_nMOgPUUg5Q","platinum"
"7267","Oops (I Did It Again)","Britney Spears","OJorUj0JA3w","platinum"
"7343","Oops Aay","Viva Hotbabes","dvqLJW7r1d8","platinum"
"5464","Oops","Teka Lang","Ara Mina",""
"0896","Open Arms","Journey","neaeFc3hjjA","platinum"
"0744","Operator","Jim Croce","KC5XWJZjRZI","platinum"
"6301","Opium","Daniel Belanger","ajTLaXm4sA4","platinum"
"8892","Opm Disco Medley","Various Artist","l1F4CieMHFg","platinum"
"11211","Opposites Attract","Juris","YXLD4bY3N4Y","platinum"
"11823","Orange","Parokya Ni Edgar","uK2fKXxonlo","platinum"
"3226","Oras Na","Coritha","37zdRIcHEUc","platinum"
"8453","Order Taker","Paokya Ni Edgar And","kdAMH308Jbc","platinum"
"9319","Ordinary Day","Dolores O'riordan","8fl9vFxex8c","platinum"
"11755","Ordinary Song","Mark Velasco","2C4zyDx0zR4","platinum"
"0660","Ordinary World","Duran Duran","XPt1fIal9Jw","platinum"
"3999","Original Prankster","Offspring","mHUnw4Xa7lk","platinum"
"11756","Original Song","Parokya Ni Edgar","42gq2tqst8w","platinum"
"8919","Osified","Bisrock","3VQr3BU2Lxo","platinum"
"7000","Otso-Otso","","3yUG88mQJmQ","platinum"
"6302","Our Day Will Come","Four Seasons","M1-zUhzuh9s","platinum"
"5755","Our House","Madness","lNAG0nZJYyk","platinum"
"6932","Our Last Song Together","Neil Sedaka","j_EITe9QhDI","platinum"
"7888","Our Lives","The Calling","AeQoSt9rJTc","platinum"
"11772","Ours","Taylor Swift","2kX6cUX8-Fo","platinum"
"0548","Out Here On My Own","Leslie Gore","s7qY_xMl17g","platinum"
"11289","Out Last Night","Kenny Chesney","KRjpdQwiQrE","platinum"
"8120","Out Of Control","Hoobastank","Aasn-YjtHmQ","platinum"
"7344","Out Of Reach","Gabrielle","vUOxk56Q6pA","platinum"
"1517","Out Of The Blue","Michael Learns To","QRa19qdlq0k","platinum"
"0691","Outside","George Michael","SIku1Zx-RC0","platinum"
"2714","Over And Over","Nana Mouskouri","5XFoD6irsWw","platinum"
"9584","Over And Over","Hale","swBxtMQUz_g","platinum"
"9851","Over And Over","Joey Albert","fTbNTzKZY1Q","platinum"
"11099","Over It","Katherine McPhee","wgUMoIRZCZg","platinum"
"11100","Over My Head","The Fray","BpeFs2CdP_Y","platinum"
"7855","Over Protected","Britney Spears","AZXRG5cpBqI","platinum"
"44604","Over You","Daughtry","0u0VGeM3-bM","platinum"
"8935","Overdrive","Eraserheads","HtYsTVnaJYk","platinum"
"8040","Overjoyed","Sharon Cuneta","RyfR42n3DgY","platinum"
"8306","Overload","Sugababes","0w99RHZF21A","platinum"
"0939","Owner Of A Lonely Heart","Yes","At_wOuz6BME","platinum"
"6303","Oye Como Va","Santana","6BeyWWIU_6o","platinum"
"1163","P. S. I Love You","Sharon Cuneta","RAO8b2n91Eo","platinum"
"11619","P.A. Roadie Fernandez","Tanya Markova","gMjmLv6ogIA","platinum"
"44323","P.I.M.P.","50 Cent","k2uA41trmrM","platinum"
"9641","Paalam","Faith Cuneta","VxtDroEy2K4","platinum"
"1602","Paalam Na","Rachel Alejandro","VImxcMpIDQU","platinum"
"7742","Paalam Sinta","Nikki Vargas","Zk8599czUA4","platinum"
"11401","Paano","Letter Day Story","DJ90J9RQw60","platinum"
"11643","Paano","Jovit Baldivino","aLKkYSYcQrk","platinum"
"8580","Paano","Shamrock","YbC4ahMRv4k","platinum"
"9521","Paano","Kris Lawrence","zd8f4oi-6Nk","platinum"
"9564","Paano","Manibela","DuqjG3vWiUo","platinum"
"4970","Paano Ang Puso Ko","April Boy","xpbZppTPGok","platinum"
"0142","Paano Ba Aaminin","Jessa Zaragoza","nECLWrLC68U","platinum"
"1186","Paano Ba Ang Mangarap","Pilita Corales","HUGIBH69HqM","platinum"
"1387","Paano Ba Kita Malilimutan","Marilyn Reynes","XS6-mCdS4QQ","platinum"
"6137","Paano Kaya","Jessa Zaragoza","vjAYX07PCm0","platinum"
"9513","Paano Kita libigin","Piolo Pascual &","eZ8nIhfCHAk","platinum"
"6829","Paano Kita Malilimot","Ric Manrique","Ycf7WxEpeWA","platinum"
"5193","Paano Kita Malilimutan","Yolly Samson","UE93LhPJd6c","platinum"
"1191","Paano Kita Mapasasalamatan","Kuh Ledesma","Rrg8zBppICs","platinum"
"9642","Paano Maibabalik Ang Kahapon","Jed Madela","1BSvtkfk5bo","platinum"
"7743","Paano Makakasiguro","Lovely Mesina","y_jn21IDMJg","platinum"
"5194","Paano Na Ang Aking Puso","Renz Verano","XuGBHqUna5Y","platinum"
"11841","Paano Na Ang Puso Ko","Bugoy Drilon","sgELjVtUfds","platinum"
"7744","Paano Na Ba","Roxy","MWE-IcX5tF0","platinum"
"9431","Paano Na Kaya","Bugoy","IhBxATI0o9E","platinum"
"11507","Paasa","All For Patricia","mR7U49TRtes","platinum"
"11443","Pack Up","Eliza Doolittle","DuYQAXDeWmA","platinum"
"7745","Padjakero","Jojit Pelaez","5q9tLcRZ3po","platinum"
"7628","Paepek Epek","Joey De Leon","ojj-GKd_rmA","platinum"
"7746","Pag Nag-lisa","Philip Kolin","vOGR8oT0dD4","platinum"
"5311","Pag Nananalo Ang Ginebra","Gary Granada","wprpqSbGDL0","platinum"
"9627","Pag Tumatagal Lalong Tumitibay","Decadas","QVgJtif_QPY","platinum"
"8849","Pag-Alis","Barbie Almalbis","lNx7NBVVu1I","platinum"
"11243","Pagbabalik","Lolita Cabron","UG4gzYwLD7M","platinum"
"9031","Pagbabalik Ng Kwago","Kapatid","RopxykdjhKQ","platinum"
"9085","Pagbigyan Ang Puso","Karylle & Jerome","7vWxiLR57kQ","platinum"
"8608","Pagbigyan Mo","Big 3 Sullivans","siH-b2w20Qk","platinum"
"7889","Pagbigyang Muli","Eric Santos","IX7-0Dl-UeU","platinum"
"5513","Pagdating Ng Panahon","Aiza Seguerra","SmpK_pBD2Sg","platinum"
"8482","Paghahandog","Praise Song","smJ836bXx1E","platinum"
"8740","Paghigugma","Visayan Song","bjNE2GqC77A","platinum"
"11777","Pag-Ibig","Yeng Constantino","fj9YC_71pT4","platinum"
"8781","Pag-Ibig","Apo Hiking Society","HIIf1IEmk28","platinum"
"8148","Pag-Ibig Ko Sana'y Mapansin","Faith Cuneta","_yEsJ5kQFMs","platinum"
"0116","Pag-Ibig Ko Sayo'y Di Magbabago","Men Oppose","jKvCfHPFV0w","platinum"
"1055","Pag-Ibig Kong Litong-Lito","April Boys","x2023UHyahU","platinum"
"1359","Pag-Ibig Ko'y Iba","Cinderella","YNNYYxBpN1A","platinum"
"8179","Pag-Ibig Ko'y Pansinin","Sexballs","_yEsJ5kQFMs","platinum"
"0312","Pag-Ibig Mo","April Boy Regino","4xJHEw-tPws","platinum"
"7790","Pag-Ibig Mo Pala","Aiza Seguerra","5lTIBzKhjxs","platinum"
"1492","Pag-Ibig Na Sana","Roselle & Tony","06fanHdmb4M","platinum"
"11204","Pag-ibig Na Tunay","Julie Anne San Jose","6oaG1lnr5ho","platinum"
"0130","Pag-Ibig Na Walang Dangal","Eva Eugenio","lpDL8IfbxaI","platinum"
"9715","Pag-Ibig Sa Tag-Araw","Beth Del Rosario","uuCa2BeodDY","platinum"
"6138","Pagkagat Ng Dilim","Didith Reyes","Js5lf72kntk","platinum"
"0325","Pagkakataon","Ogie Alcasid","T7rLcl4h2iE","platinum"
"11538","Pagkakataon","Shamrock Feat.","TJo-1025YrU","platinum"
"1802","Pagkat Wala Ka Na","Lloyd Umali","WgVVYcrZEoo","platinum"
"8741","Paglaum","Visayan Song","Fby4Z7xSiuI","platinum"
"7424","Paglisan","Color It Red","c2BOTov9vXk","platinum"
"9346","Paglisan","Jericho Rosales","FaM6t2_iWYE","platinum"
"4971","Pagmamahal","Miles","HfRhTQ6V4Gs","platinum"
"1110","Pagsubok","Orient Pearl","FMAD7SvcHeA","platinum"
"8947","Pagsure Oi","Agipo","LFJTTiEzccI","platinum"
"0109","Pagtawid","After Image","1WR-JDkHKBE","platinum"
"5840","Pag-Utlan","Visayan Song","qWblDR4uRbQ","platinum"
"5999","Paikot-Ikot","Randy Santiago","aHmhvFQZJa4","platinum"
"9716","Pain","Martin Nievera","hS1opfH2_N4","platinum"
"1111","Pain In My Heart","Ella Mae Saison","ZrO1SYdwGkM","platinum"
"0013","Paint It Black","Rolling Stones","fBMGy4d9XZw","platinum"
"3228","Paint My Love","Michael Learns To","5daPd5DtuHg","platinum"
"6883","Paki Sabi Lang","Ivy Violan","y7oKp8HVhK8","platinum"
"8982","Pakikay","Joey De Leon","_AEJyipCDoY","platinum"
"6677","Pakinggan Mo","Sarah Geronimo","OEE-IErqDCo","platinum"
"1468","Pakisabi Na Lang","The Company","ygQFYeY3o2g","platinum"
"6701","Pakisabi Na Lang","Aiza Seguerra","J6fx3Ym2rCo","platinum"
"7581","Pakita Mo","Vst & Co.","WMyeVzZMz1w","platinum"
"6493","Pakiusap","Donna Cruz","9o77LZi25oA","platinum"
"8965","Pakiusap","Acel","GIsX1VV9okI","platinum"
"11414","Pakiusap Lang Lasingin Nyo Ako","Parokya Ni Edgar","tNjWNEwz8nc","platinum"
"6757","Pakyut","Joey De Leon","f6UCc2R1ujg","platinum"
"6710","Palagay Ko Mahal Kita","Aiza Seguerra","pRJCiGkOQ1o","platinum"
"7791","Palaging Luhaan","","xAb3OKkj2DM","platinum"
"8805","Palagot Sa Kontra","(Phylum)Bis-Rock","g-7Ds8rYARk","platinum"
"5465","Palayain Mo Ako","Yamani","NwreX5hDD80","platinum"
"6494","Paligaw-Ligaw Tingin","Ashley Imler","BSgHkxR9VKc","platinum"
"2692","Paloma Blanca","George Baker","aKjyZ-BFxrM","platinum"
"9086","Pambihira","Francis M.","drKhGcpNURs","platinum"
"7564","Pamela Wan","Vhong Navarro","yWF74TpZ5BE","platinum"
"1081","Paminsan-Minsan","Raymond Lauchengco","fSvWKigYk_Y","platinum"
"1271","Pamulinawen","Ilocano Folk Song","dQSyT7nwyoo","platinum"
"11605","Panaginip","Noel Cabangon","j6WkusTbu0E","platinum"
"8518","Panaginip","Crazy As Pinoys","Prqv9bTXFCI","platinum"
"6306","Panahon","Juan Dela Cruz","sVVxrEAuhX8","platinum"
"5696","Panahon Na Naman","Rivermaya","LW5jKwdCnwY","platinum"
"1048","Panalangin","Apo Hiking Society","Hzu15dgluSk","platinum"
"8506","Panalangin","Moonstar 88","ktF4iNRVSTQ","platinum"
"8160","Panalangin Sa Paglilingkod","Keynotes Chorale","v7f3Ut7H6CE","platinum"
"11029","Pananagutan","Bugoy Drilon","EQfN3Rh7y3I","platinum"
"8332","Pandesal","Viva Hot Men","qyZSWin8F-Q","platinum"
"3230","Pang Habang-Buhay","Jessa Zaragoza","AMaCwi9q6wc","platinum"
"0302","Pangako","The Flippers","6jApRPv-Kgg","platinum"
"11402","Pangako","Cueshe","N0l7F-PtTwU","platinum"
"11790","Pangako","Kindred Garden","6_x-jUpib_M","platinum"
"5196","Pangako","Rey Valera","FhIN9flqqR4","platinum"
"5635","Pangako","Regine Velasquez","Aw0oD14FDDY","platinum"
"6758","Pangako Ko","Ogie Alcasid","8ot02tbzniM","platinum"
"7747","Pangako Ko'y Di Kukupas","Bing Rodrigo","Sw9CdKxLMWY","platinum"
"9717","Pangako Sa'yo","Sharon Cuneta","sCKogPnx6uQ","platinum"
"8999","Pangako Yan","Luke Mejares","9_BKylf_d2E","platinum"
"1388","Pangandoy","Visayan Song","mi3YcMIblU0","platinum"
"6603","Pangandoy","Al Comendador","L4qk2omXpAs","platinum"
"5636","Pangarap","Cinderella","S5f592VEdPU","platinum"
"8186","Pangarap","Sexbomb","BKOlQm1jdVg","platinum"
"8573","Pangarap","Yeng Constantino","-4YBcic8_Ts","platinum"
"8818","Pangarap","Totoy Bato","FUnmST0VM6Y","platinum"
"6822","Pangarap Ka","Geneva Cruz","M6B3eO1AJLQ","platinum"
"8256","Pangarap Ka","Karel Marquez","SY3aDvhsdxs","platinum"
"6604","Pangarap Ko Ang Ibigin Ka","Regine Velasquez","U820U1cPxSM","platinum"
"11520","Pangarap Lang Kita","Parokya Ni Edgar Ft","OoyFoFEkzTU","platinum"
"11244","Pangarap Na Bituin","Sharon Cuneta","2e3uOqv8Ft0","platinum"
"6605","Pangarap Na Bituin","Regine Velasquez","kBaC0nsO5NU","platinum"
"6141","Panggaon Ko Ikaw","Visayan Song","BvsGzRWIy7w","platinum"
"8742","Pangutana","Visayan Song","Xee3g8yHMKs","platinum"
"0143","Pano Kaya","Jessa Zaragoza","vjAYX07PCm0","platinum"
"9718","Pa'no Kaya","Ella Mae Saison","274oIUNfFGc","platinum"
"8743","Panumpa","Visayan Song","P5McwBSTH_s","platinum"
"6606","Panunumpa","Carol Banawa","HCvgdxmQk3M","platinum"
"2661","Papa","Paul Anka","6C8nIfkQ0Es","platinum"
"8443","Papa Cologne","Parokya Ni Edgar","qz-uEDIuCGc","platinum"
"3569","Papa Don't Preach","Madonna","Hpv6NY76lrc","platinum"
"6953","Papa Ka Ba","Dj Alvaro","nKWEHRwng98","platinum"
"44853","Paparazzi","Lady Gaga","IfJC9vb6p30","platinum"
"0941","Papa's Got A Brand New Bag","James Brown","1jSY5qj_Vwc","platinum"
"0429","Paper Back Writer","The Beatles","6vAQHyiB6c8","platinum"
"11011","Paper Gangsta","Lady Gaga","W7rrIrSzjzY","platinum"
"11323","Paper Planes","M.I.A.","8-XsZ78KvoI","platinum"
"2613","Paper Roses","Spielman","SUKtC9dQvH0","platinum"
"7890","Papercut","Linkin Park","QjJfqsKO1SY","platinum"
"8920","Papilit","Bisrock","OFeYGjBxurU","platinum"
"7643","Papromise Promise","April Boys","eCQjTjUIj8M","platinum"
"9514","Para Hindi Ka Mawala","Rico Blanco","8bsERSR_-LI","platinum"
"7748","Para Lang Sa 'Yo","Edmon Tumana","icmdObrf_HA","platinum"
"8948","Para Lang Sa'yo","Aiza Seguerra","GGUlj9r8ZAg","platinum"
"1082","Para Sa 'Yo","Prettier Than Pink","UrU2kyonuDE","platinum"
"8412","Para Sa Akin","Sitti","QoXzMbaKk-Y","platinum"
"8938","Para Sa Akin Ay Ikaw","Willie Revillame","5qTe_WFc8Kk","platinum"
"3231","Para Sa Masa","Eraser Heads","6WFY6xEaL0g","platinum"
"8392","Para Sa'yo","Manny Pacquiao","blFxj2ostgQ","platinum"
"9088","Para Sa'yo","Parokya Ni Edgar","78gIu6ADnxM","platinum"
"11706","Paradise","Coldplay","3e4i_062zYA","platinum"
"0899","Paradise City","Guns N' Roses","GMCBb7sj72A","platinum"
"8181","Paraiso","Smokey Mountain","Jq5y6jU-kzE","platinum"
"11229","Paralyzer","Finger Eleven","nG20MYH96cU","platinum"
"1805","Parang Ayoko Na Yata","Parokya Ni Edgar","raQBEKraxWE","platinum"
"1389","Parang Baliw","Sharon Cuneta","TBy1Ev68HMM","platinum"
"7749","Parang Boomerang","Blazing Star","G9_jFZaRptI","platinum"
"11042","Parang Si Ely Buendia","Soapdish","8wfL_wKCjFk","platinum"
"4685","Paranoid","Black Sabbath","l1s4PURqyVE","platinum"
"4686","Pardon Me Sir","Joe Cocker","4pockCJLeFc","platinum"
"1390","Pare Ko","Eraserheads","SfxL2Q5mUPU","platinum"
"9747","Paris","Chicosci","LBEJ_VhPIqY","platinum"
"0525","Part Of Your Wold","Little Mermaid","wnWKoEATxh8","platinum"
"8201","Part Time Lover","Stevie Wonder","qh3_4pGioHk","platinum"
"0234","Parting Time","Rockstar","zQxwLxS_YOw","platinum"
"44889","Party In The U.S.A.","Miley Cyrus","kfa-26JfdDA","platinum"
"44668","Party People","Nelly Feat. Fergie","mWx9bXMDCJo","platinum"
"11824","Party Rock Anthem","LMFAO","YY3jdu7ur2Y","platinum"
"8625","Pasan","Callalily","QzDszCu4_Z8","platinum"
"8094","Pasaway","J. Brothers","yIKyubUXz2s","platinum"
"9343","Pasaway","Cambio","FQsCt56eNUg","platinum"
"8744","Pasayawa Ko Day","Milyonaryo","Nhj9_8lT7r0","platinum"
"5015","Pasayloa Kon Ugaling","Visayan","vF-wPI411mk","platinum"
"5197","Pasayloa Ug Hikalimti","Visayan Song","fjC7nLrb_Rc","platinum"
"5900","Pasensya Na","Mike Hanopol","fJ74TP9zjf8","platinum"
"8629","Pasensya Na","Cueshe","dmxY3I4yaRc","platinum"
"7052","Pasko Ang Araw Ng Pag-Ibig","Siakol","YWPKTHBUk6I","platinum"
"1464","Pasko Na Naman","Janet Basco","ATsZiBWmXtQ","platinum"
"0604","Pasko Na Sinta Ko","Gary Valenciano","efQCZ6CuIbA","platinum"
"1083","Pasko Na Wala Ka Pa","R. Cortez","ik3uqzxxcRk","platinum"
"9719","Pasko Na","Pasko Na","Noel Cabangon",""
"8929","Pasko Ng Mahirap","Sandugo","ViTzomP1p1w","platinum"
"8930","Pasko Para Sa Lahat","Allstar","Gl0tpNdThlo","platinum"
"6988","Pasko Sa Puso Ko","Jeremiah","8SmVuA1SqUU","platinum"
"6607","Passenger Seat","Stephen Speaks","B6WfTi8PU1Y","platinum"
"8023","Past Christmas","Nelson Del Castillo","Thkg3R51Yyw","platinum"
"9032","Pasubali","Spongecola","NpUSWf3854A","platinum"
"0327","Pasulyap-Sulyap","Geleen Guevarra","cnmM585PUt4","platinum"
"8121","Pasumpa Sumpa","Milyo Naryo","6hROmyV2x_Q","platinum"
"9447","Pataasan Ng WeeWee","Itchyworms","rOJI7JrehY8","platinum"
"7750","Patawad Baby","Ariel Rivera","816YOgT-nS0","platinum"
"6496","Patawarin Mo","Rockstar 2","Qe8-MfAOuLE","platinum"
"8994","Patcha","Mocha","4CuB9QsOXMc","platinum"
"6989","Patience","Guns & Roses","ouRPDe_AS68","platinum"
"9959","Patience","Take That","7SemjIT94Do","platinum"
"11503","Patuloy Ang Pangarap","Angeline Quinto","-ZK8CXDxP34","platinum"
"9748","Patuloy Pa Rin","Yasmien Kurdi","nzeV2AScA9s","platinum"
"11529","Patunayan","Silent Sanctuary","TgC1nPBLWMU","platinum"
"9426","Patunayan Mo","Sheryn Regis","28yPAftuHJ0","platinum"
"5842","Paulit-Ulit","April Boys","64QV5f36cqs","platinum"
"7891","Paulit-Ulit","Danica Sotto","HkmTw3diA2s","platinum"
"11632","Pawiin","B.B.S. Feat Kian Cipriano","q5KDKXGGHVA","platinum"
"9364","Payong (Umbrella)","Tagalog","_w4clNSyZsg","platinum"
"15021","Payphone","Maroon 5 ft Wiz Khalifa","NAOwdpLvJPU","platinum"
"6308","Peace Of Mind","Boston","hNAHRi8GPgU","platinum"
"11471","Peacock","Katy Perry","kuPSUzAHbpE","platinum"
"4689","Peanut Butter","Traditional","yDuf1SIXRMk","platinum"
"1391","Pearly Shells","Various Artists","1pvhZmaqEuw","platinum"
"3570","Peg","Steely Dan","sCPaB8tPnNM","platinum"
"4690","Peggy Sue","Buddy Holly","IC1QgwNLgEk","platinum"
"5735","Pekeng Dalaga","Porkchop","0AGWjktqRvo","platinum"
"6000","Peksman","Siakol","z6GI9kXPkg8","platinum"
"9259","Peng Yu","Kim Chiu Ft. Mymp","c66VxdKzcYY","platinum"
"9409","Penge Naman Ako Niyan","Itcyworms","al5gbIKtWJw","platinum"
"7892","Penny And Me","Hanson","4BGSyyZNB5w","platinum"
"2953","Penny Lane","The Beatles","MpUbXg7UQpk","platinum"
"3572","Penny Royal Tea","Nirvana","w6jMLGET6hw","platinum"
"11284","People Are Crazy","Billy Currington","PQQAF4tgr78","platinum"
"0514","People Are Strange","Doors","dh0gLJCvmcI","platinum"
"0778","People In Neighbor","Bob","qRNlaP9mp4k","platinum"
"44325","People Like Us","Aaron Tippin","5kBlVBRGK1I","platinum"
"6001","Pepito Pepito","Various Artist","cfaCbMx541E","platinum"
"11519","Pera Pera","Sandwich","mPudqGvpHdQ","platinum"
"3232","Perfect","True Faith","CEh8dTMYSfo","platinum"
"4692","Perfect","Alanis Morissette","7bmnifcWKiQ","platinum"
"7088","Perfect","Simple Plan","5f15CcwlluQ","platinum"
"6608","Perfect Moment","Martin Mccuthheon","QJ_XJs5RIvo","platinum"
"11459","Perfect Nightmare","Shontelle","iRJs8u9jWvk","platinum"
"9014","Perfect World","Toni Gonzaga","Mvzz3cvYbxc","platinum"
"3030","Perfidia","Julio Iglesias","uoWwNECIF1c","platinum"
"0900","Perhaps Love","John Denver","eAYX5ZV2Ku8","platinum"
"9515","Permanent Monday","Jordin Sparks","9PUQsR-M04E","platinum"
"1392","Pers Lab","Hot Dog","BGdX53ygyQQ","platinum"
"5312","Philippines Geography","Yoyoy Villame","e_PMcFjE9as","platinum"
"44849","Phonography","Britney Spears","xsk4QfkCV1I","platinum"
"11073","Photograph","Nickelback","zdWRZqvP_g8","platinum"
"11428","Photograph","Ariel Rivera","ictA_ZFx3bc","platinum"
"9776","Photograph","Paolo Santos","YgbPdmuPe9o","platinum"
"6474","Photographs And Memories","Jim Croce","6sIHNY1-mgw","platinum"
"7971","Physical","Olivia Newton-John","mGeCDi9cNHo","platinum"
"8931","Piano In The Dark","Brenda Russel","MgJjA2iV-xE","platinum"
"0849","Piano Man","Billy Joel","rW2541x8VzY","platinum"
"4697","Picasso's Last Words","Paul Mccartney","jNxZqzqE7V8","platinum"
"7659","Picha Pie","Parokya Ni Edgar","22prrJhAEq8","platinum"
"4282","Picture Of You","Boyzone","GgNzx4-OlCo","platinum"
"11051","Picture Picture","Tanya Markova","JGwrEy0yBhQ","platinum"
"11298","Picture To Burn","Taylor Swift","cKuIEanlWsU","platinum"
"5428","Pictured Life","Scorpions","IFNoXKmMt7U","platinum"
"44633","Piece Of Me","Britney Spears","0wy7QFaDrkI","platinum"
"8002","Pieces Of Me","Ashly Simpson","5ayWK7ybMt8","platinum"
"8801","Pilit","Hilera","U9rwVb4m2x0","platinum"
"8144","Pinakamagandang Lalaki","Janno Gibbs","zGV1hLohCcg","platinum"
"6609","Pinakamamahal","Louie Heredia","OdbHRTqh0gQ","platinum"
"7412","Pinakamamahal","Aiza Seguerra","BJTrvZQ3fhw","platinum"
"3233","Pinakamamahal Kita","April Boy Regino","Z3k2s0kUS4U","platinum"
"0947","Pinball Wizard","Elton John","LeW07OEeYm0","platinum"
"6678","Pink","Aerosmith","XRNs-79MM4c","platinum"
"7792","Pink Palaka","Andrew E.","UYX3u2WtJng","platinum"
"8995","Pinoti","Mantequilla","CDtncXqu-K0","platinum"
"5112","Pinoy","Freddie Aguilar","EWr6pIaGaxc","platinum"
"8237","Pinoy Ako","Orange And Lemons","f9-DjRVuzgk","platinum"
"8056","Pinoy Folk Medley","Various Artist","lVVN7qWtrr8","platinum"
"8850","Pintig Ng Puso","Yasmien Kurdi","jTdp-PfTKxk","platinum"
"8550","Pintura","Kjwan","jhmOgf6GIMc","platinum"
"6309","Piper","Abba","05W9VTd-5vM","platinum"
"1270","Pira-Pirasong Alaala","Rey Valera","5E0cu8NV6Xs","platinum"
"9381","Pitong Araw","Hale","leDtKgSBC38","platinum"
"5313","Pitong Gatang","Fred Panopio","MtH1Co4-snI","platinum"
"7425","Pito-Pito","Willie Revillame","8oTpuamJhnc","platinum"
"5198","Pizza Pie","Parokya Ni Edgar","22prrJhAEq8","platinum"
"6310","Planet Caravan","Black Sabbath","5h_O5Gq6qZ8","platinum"
"6708","Play","Jennifer Lopez","2mDzsquTq6E","platinum"
"44749","Play My Music","Jonas Brothers","3X2YXifVndw","platinum"
"3576","Play That Funky Music","Wild Cherries","UmCtyX3iw7A","platinum"
"9488","Played","Sarah Geronimo","nDXOKcknAng","platinum"
"2917","Playground In My Mind","Ray Conniff","2O4vtapP0u8","platinum"
"4337","Please Be Careful With My Heart","Jose Mari Chan","8fJDFY67AFA","platinum"
"0270","Please Be Good To Me","Menudo","_GqwVYbILCM","platinum"
"9758","Please Don't Leave Me","Pink","GWiriYBeMsA","platinum"
"11342","Please Don't Stop The Rain","James Morrison","-z76hRe-DRQ","platinum"
"5274","Please Don't Ask Me","John Famham","gip5EGPh4TU","platinum"
"3396","Please Don't Go","Kc And Sunshine","lkyTXyNLjIw","platinum"
"44298","Please Don't Go","Rick Astley","cqt2Hdc5BjQ","platinum"
"11460","Please Don't Let Me Go","Olly Murs","3QRRgYDM2Lo","platinum"
"11760","Please Don't Stop Remembering","Randy Edelman","7lPf4i7zv4Y","platinum"
"1131","Please Don't Throw","Martin Nievera","x2O1xhEBa6k","platinum"
"4013","Please Forgive Me","Bryan Adams","2GQncCmSJ1I","platinum"
"3550","Please Mr. Postman","Carpenters","58Pb0bCrZwM","platinum"
"9479","Please Naman","Cueshe","o7uexWuoaSI","platinum"
"0430","Please Please Me","Beatles","E3tKiKXP8QY","platinum"
"9869","Please","Don't Touch My Birdie","Parokya Ni Edgar",""
"8086","Plush","S.T.P.","DyqFmm_00iE","platinum"
"9015","Pobre","Mantequilla","ahNXLRdoqh8","platinum"
"1235","Pobreng Alindahaw","Melinda Veloso","B1-U5uh5NYc","platinum"
"44630","Pocketful Of Sunshine","Natasha Bedingfield","1h9hhsVTz6A","platinum"
"8103","Points Of View","Joey Albert","2izVclroEtw","platinum"
"11431","Poison","Nicole Scherzinger","rAJMZOGr0uI","platinum"
"9912","Poison","Alice Cooper","uaK8FLttCzc","platinum"
"9653","Poker Face","Lady Gaga","kTu2QPghqZU","platinum"
"0750","Poor Boy","Elvis Presley","7GkWkG__MuE","platinum"
"6312","Poor Little Fool","Ricky Nelson","XZBzaMdOKPI","platinum"
"0901","Poor Man's Moody Blues","B.J. Harvest","pgwRHzzQ5fM","platinum"
"6521","Pop","N'Sync","HHv4uppRL70","platinum"
"4018","Pop Goes The Weasel","Various","CkOf_OLUvk4","platinum"
"11283","Poppin My Collar","Three 6 Mafia","tSE0sWd_bS8","platinum"
"11496","Porque","Maldita","hsRTQHwh9KA","platinum"
"11498","Porque (Full Tagalog)","Maldita","hsRTQHwh9KA","platinum"
"1631","Portrait Of My Love","Matt Monroe","cKWnF1mJn74","platinum"
"8408","Posible","Rivermaya","YpLyUQs6vKQ","platinum"
"5314","Postcards From Heaven","Lighthouse Family","Hfdj8MpFG2A","platinum"
"1112","Pothograph","Ariel Rivera","ictA_ZFx3bc","platinum"
"6314","Power Of Love","Huey Lewis","jgZ5lwlaSp4","platinum"
"9881","Power Of The Dream","Toni Gonzaga","DKRwfnVXaHM","platinum"
"7413","Power Of Two","Aiza Seguerra","fI3kXjK93ps","platinum"
"4703","Praise You Father","Gospel","-DSMd4agfhw","platinum"
"9401","Praning","Sino Sikat","KgbVb7YMgOg","platinum"
"11477","Pray","Justine Bieber","BRTrVqpyFV8","platinum"
"4234","Praying For Time","George Michael","9Jz0vEeVbw0","platinum"
"3235","Presence Of The Lord","Eric Clapton","C1GEzKSle6w","platinum"
"7582","Pretend That I Don't Love You","Cookie Chua","cJzaXewNXxQ","platinum"
"6610","Pretty Baby","Vanessa Carlton","RsvO364kLHI","platinum"
"5200","Pretty Boy","M2M","zUWpSsiwLts","platinum"
"6885","Pretty Fly","Offspring","AqR295kgmDU","platinum"
"11801","Pretty Girls","Iyaz Ft. Travie Mccoy","U3pZWhjSd4A","platinum"
"6142","Pretty Little Baby","Sexbomb Girls","rYBAUXIOcdo","platinum"
"3577","Pretty Paper","Roy Orbison","n4ipEju2dFs","platinum"
"8424","Pretty Vegas","Inxs","sd2SvCA_09M","platinum"
"11287","Pretty Wings","Maxwell","ZSU9vX20Dvk","platinum"
"3236","Pretty Woman","Roy Orbison","skIuixj9wEM","platinum"
"11541","Price Tag","Jessie J Ft B.O.B","hyB4iyq2tmw","platinum"
"4235","Pride","U2","ba-0JCS2DgA","platinum"
"9911","Prince Charming","Adam And The Ants","fKBjNFr6rSI","platinum"
"1272","Princesa","Apo","BlT5yOLX_Io","platinum"
"9310","Princesa","Itchyworms","BHOfzKFGqG0","platinum"
"11704","Princess Of China","Coldplay Ft. Rihanna","Pa5lIOnrxKA","platinum"
"5638","Prinsesa","The Teeth","WBOGNGP4row","platinum"
"8544","Prinsipal","Visayan Song","Jed5BCslvhk","platinum"
"0903","Private Dancer","Tina Turner","GdooS4Ojok8","platinum"
"44418","Private Emotion","Ricky Martin","0QgtKl6AlfA","platinum"
"3237","Private Number","Isaac Hayes","RNTkiYAuRjU","platinum"
"8851","Probinsyana","Bamboo","V9JmM2gqI_Q","platinum"
"5111","Problema","Freddie Aguilar","VXBBHI9wocg","platinum"
"11553","Problemang Puso","Jude Michael","Xe6InUyxabM","platinum"
"9295","Procastinator","Sandwich","xu9wplOPvcE","platinum"
"6143","Project","Juan Dela Cruz","_MeSnxMs0fg","platinum"
"11282","Prom Queen","Lil Wayne","BkYGY7OF1P0","platinum"
"0619","Promise Me","Beverly Craven","OgtYP649W_Y","platinum"
"61","","","",""
",J. Brothers""","HFtrg61GCZo","platinum","",""
"1","","","",""
"","Basia","-O187AqZMIc","platinum",""
"2614","Proud Mary","Creedence C. Revival","SgD4oxR1_Hw","platinum"
"3578","Puff The Magic Dragon","Peter Paul & Mary","BxRu6KBl0nY","platinum"
"3579","Pulling Teeth","Green Day","j9JomY7cuTk","platinum"
"0110","Pumapatak Ang Ulan","Apo Hiking Society","_3S1MOTzkcg","platinum"
"11314","Pump It","Black Eyed Peas","6NuVCcC2EMM","platinum"
"1573","Pump Up The Jam","Technotronic","GZyGeyf8WP4","platinum"
"1394","Punch And Judy","Cascades","H3TYeuoALnM","platinum"
"4236","Punky Reggae Party","Bob Marley","5SDw81s-ld8","platinum"
"2809","Puppy Love","Paul Anka","IWlwMUm-iGk","platinum"
"3580","Purple Haze","Jimi Hendrix","Xc5uvxyY8jg","platinum"
"0904","Purple Rain","Prince","XV1o_ueDuuw","platinum"
"5315","Push","Matchbox 20","XutUJ5Vxric","platinum"
"11306","Push It To The Limit","High School Musical 2","hH2bjnMoGRE","platinum"
"8284","Push The Button","Sugababes","fuzvuoyEDSI","platinum"
"9423","Puso","Spongecola","h5S_bua7ZeU","platinum"
"11641","Pusong Bato","Aimee Torres","Px49G62Vkns","platinum"
"11028","Pusong Ligaw","Jericho Rosales","8UYgoy2_Wtk","platinum"
"7811","Pusong Nalungkot","Sagisag","YLTpAuQr4j4","platinum"
"5843","Pusong Salawahan","Mystica","NnupTPbnBB4","platinum"
"0562","Pussywillows Cattails","Kenny Rankin","rEmnV8py48Q","platinum"
"11299","Put A Girl In It","Brooks And Dunn","W7JEn8No-sI","platinum"
"4706","Put It Off Until Tomorrow","Dolly Parton","Gtw_3VIhtgk","platinum"
"4707","Put It There","Paul Mccartney","jeDXzj-NhiY","platinum"
"3581","Put Your Hand In Hand","Anne Murray","3S1GOI7XWK0","platinum"
"0479","Put Your Head On My Shoulder","Paul Anka","jVH4lQDOQrM","platinum"
"8425","Put Your Records On","Corinne Baely Rae","E-_JcJiUOII","platinum"
"11037","Putik","Sandwich","0Su0XnFfudA","platinum"
"7584","Pwede Ba","Vst And Co.","px0HSx2mTTg","platinum"
"8442","Pwede Ba","Soapdish","bW7abvZvzC8","platinum"
"7583","Pwede Ba Malaman Mo","Lito Camo","ekUA9cNn4bY","platinum"
"8559","Pwet Mo'y Ang Laki","Joey De Leon","MDJRFv6aaHs","platinum"
"11023","Pyramid","Charice ft Sean","h-PPLdxuTAQ","platinum"
"11143","Pyromania","Cascada","GWVH8JYLf6o","platinum"
"6544","Qing Fei Di Yi","F4","0mFMK998QGo","platinum"
"1636","Quando Quando Quando","Engelbert Humperdinck","GnF6jico5jU","platinum"
"8287","Quando Quando Quando","Michael Buble' And","-yYbQcZr15g","platinum"
"5515","Queen Of Hollywood","The Corrs","UTaU9RMgCl0","platinum"
"6707","Queen Of My Heart","Westlife","eNypKP4mFis","platinum"
"7460","Question Of Faith","Lighthouse Family","5Q5YefKhhsU","platinum"
"11690","Questions","Bamboo","eWj58pDwlJU","platinum"
"4352","Quit Playing Games With My Heart","Backstreet Boys","QF1s1NBoptY","platinum"
"6449","Quizas","Oswaldo Farres","Pne7cw2OQto","platinum"
"44254","R.E.S.P.E.C.T.","Arenthe Franklin","AwdMpHynu4c","platinum"
"5516","Radio","The Corrs","JKd0IyAFoBY","platinum"
"0572","Radio Ga Ga","Queen","DKTs8sLLdc0","platinum"
"8745","Ragsak","Ilocano Song","x4yuSMfUFEI","platinum"
"0096","Rain","Donna Cruz","ADxng7ReJiM","platinum"
"8598","Rain","Jose Feliciano","n4sSKyJgn_g","platinum"
"2617","Rain And Tears","Aphrodite's Child","_cK_oefGSK8","platinum"
"44776","Rain On Your Parade","Duffy","e7ZU2Wl5AK0","platinum"
"11819","Rain Over Me","Pitbull Ft. Marc","SmM0653YvXU","platinum"
"7707","Rainbow","South Border","lv7n5iSSAoI","platinum"
"9505","Rainbow Colored Skies","Freestyle","ke0r6F5YEfM","platinum"
"0779","Rainbow Connection","Dana Vallery","TQ61JQY4twY","platinum"
"2616","Raindrops Keep Falling On My Head","Bj Thomas","0JRdYhi460A","platinum"
"6316","Raining In My Heart","Leo Slayer","WMAKW8IkOpo","platinum"
"1714","Rainy Days And Mondays","Carpenters","n5BaL5bzZsU","platinum"
"9369","Rakenrol","Marcus Highway","InBYlgmkPz4","platinum"
"3583","Rape Me","Nirvana","Z3cwC_N0IW4","platinum"
"0907","Raspberry Beret","Prince","Xc4umUFW_KY","platinum"
"6317","Rasputin","Boney M","sJZOoWKaM84","platinum"
"7125","Ratratin","Masculados","74_ba9z3aIw","platinum"
"4708","Rave On","Buddy Holly","iLxLgdcCMh8","platinum"
"7519","Ray Of Light","Madonna","R2V3U9qdFbk","platinum"
"3584","Reach","Gloria Estefan","3nDgO5PHKA0","platinum"
"9563","Reach For The Sky","Sarah Geronimo","P-KJYOMSND4","platinum"
"0454","Reach Out I'll Be There","Gloria Gaynor","1DsqFECCpzo","platinum"
"0174","Reachin' Out","Gary Valenciano","YkEcNzDhYKg","platinum"
"2722","Reaching Out","Bee Gees","g6ig6MSaej4","platinum"
"6885","Ready To Run","Dixie Chicks","3DAn642QmJo","platinum"
"1603","Ready To Take..","Barry Manilow","P-_egkI8_OQ","platinum"
"9749","Real Girl","Mutya Buena","3axKOgtZn5o","platinum"
"3585","Real Love","Jodi Wayne","cqRQXAiB0dI","platinum"
"4710","Real Real Real","Jesus Jones","GAp0mVxL8ro","platinum"
"2615","Reality","Richard Sanderson","6KoIxt4oGlU","platinum"
"44621","Realize","Colbie Caillat","jEDsb0qkSOI","platinum"
"8607","Reasons","Earth Wind And Fire","Aa1G3tt2MvU","platinum"
"0931","Rebel Yell","Billy Idol","YZgfcptVuXs","platinum"
"9033","Rebound","Silent Sanctuary","XjuvZtFXZsQ","platinum"
"11205","Red Heaven","General Luna","5rGreYNcKhs","platinum"
"3588","Red Rubber Ball","The Seekers","G9UCJ848EO8","platinum"
"0908","Reelin' In The Years","Steely Dan","UCIyqQJwwmk","platinum"
"5316","Reflection","Christina Aguilera","xr_iai07tes","platinum"
"4038","Reflections Of My Life","Marmalade","qpMADhntHwc","platinum"
"1396","Refrain","Jose Mari Chan","3ybh-6VOFkM","platinum"
"11595","Regal","Spongecola","je85RMXCu40","platinum"
"8966","Reggae Fever","Brownman Revival","-8ZlF2P2Fes","platinum"
"6990","Reggae Medley","Various Artist","de0DJYoi7rw","platinum"
"0661","Regrets","Fra Lippo Lippi","N5bQRcN44BM","platinum"
"44720","Rehab","Rihanna","JCNSP0Q_ElA","platinum"
"9238","Rehab","Amy Winehouse","RQZscYrhLtA","platinum"
"7913","Relax","Frankie Goes","vtTZgRqsCGw","platinum"
"11163","Release Me","Agnes","UEkEZNHYgqk","platinum"
"2887","Release Me","Wilson & Philips","MH_cd2gs7pA","platinum"
"5095","Release Me","Engelbert Humperdinck","NwtZBRdr138","platinum"
"7662","Remember I Love You","Vic Zhou","-VVLkZQC7Y0","platinum"
"0313","Remember Me","Renz Verano","fBMFzP-dS4A","platinum"
"3240","Remember Me This Way","Jordan Hill","ksH4p2h6XYY","platinum"
"11551","Remenis","Rivermaya","OARpKyBuaXU","platinum"
"9016","Reminiscing","Little River Band","yxZh4YpIiGs","platinum"
"8000","Renz Verano Medley","Renz Verano","5lqlYpJ03qo","platinum"
"11074","Replay","Iyaz","BFW2VlyROsQ","platinum"
"11417","Reset","Charice","kFVqJ5eS3c8","platinum"
"3241","Respect Yourself","Isaac Hayes","Q429AOpL_ds","platinum"
"5845","Return To Innocence","Enigma","67sCArgO9K0","platinum"
"1684","Return To Sender","Elvis Presley","TFHh1rK6sTk","platinum"
"7049","Reunited","Peaches And Herbs","5tCTbPVsENg","platinum"
"44827","Revelry","Kings Of Leon","IhwMB7rBWrI","platinum"
"3590","Revolution","The Beatles","Mx15yyi-E18","platinum"
"11133","Rewind","Paolo Nutini","b4i3mj6YZD0","platinum"
"6991","Rey Valera Medley","Rey Valera","WO-ZTFltK9A","platinum"
"8936","Reyna Ng Quezon City","Juana","PMuoItW5NR4","platinum"
"4045","Rhiannon","Fleetwood Mac","yy-9EsRiLUs","platinum"
"2913","Rhinestone Cowboy","Glenn Campbell","sLQCaJXARLM","platinum"
"44101","Rhythm Divine","Enrique Iglesias","ELnCxJ1AV9A","platinum"
"1397","Rhythm Of The Rain","Cascades","-f2OEjxj5Ak","platinum"
"8535","Rich Girl","Gwen Stefani","xuUJy9CxpGI","platinum"
"11315","Ride","Martina McBride","5mcMJU1-EI4","platinum"
"0569","Ride Like The Wind","Christopher Cross","di_YVEdW-uE","platinum"
"3592","Riders On The Storm","Doors","mQAlZDTF82w","platinum"
"3242","Ridin' On A Railroad","James Taylor","4qEzcRBDrhM","platinum"
"1604","Right Here","S.W.V.","FLiJqa9l_u4","platinum"
"2677","Right Here Waiting","Richard Marx","jZ8o_ZGt9QY","platinum"
"9523","Right Here, Right Now","High School Musical 3","3y0-7ykbzKU","platinum"
"9648","Right Now Na Na","Akon","mSqJTWupltU","platinum"
"44797","Right Round","Flo Rida & Keisha","ywyHvWHg-QY","platinum"
"11822","Right There","Nicole Scherzinger ft","TVtMqizKlUM","platinum"
"44346","Right Thurr","Chingy","7f0fXg3priE","platinum"
"3594","Right Time","The Corrs","FmqHIMTKb_o","platinum"
"3593","Rikki Don't Lose That Number","Steely Dan","HpZ6SOVKFIU","platinum"
"4713","Ring Around The Rosy","Traditional","BseJcS0tl4o","platinum"
"11272","Ring The Alarm","Beyonce'","iyuayPljvjA","platinum"
"5546","Rio","Duran Duran","TLiTVi2OxmE","platinum"
"1033","Rip It Up","Elvis Presley","sh9jGpeYYRM","platinum"
"4714","River Of Dreams","","x_bLJuKZCgw","platinum"
"11319","River Of Love","George Strait","hun7f1SXmgA","platinum"
"0906","Rivers Of Babylon","Bonnie M.","_Nh6V6_pET4","platinum"
"7942","Road Trippin'","Red Hot Chili Peppers","C6aAUSoIVMQ","platinum"
"6319","Roadhouse Blues","The Doors","FH1UkgJCUOc","platinum"
"9472","Rocabolic","Rochelle Pangilinan","vVCNog93UJ8","platinum"
"1605","Rock Around The Clock","Bill Haley","IwKOJ3LAvZQ","platinum"
"1298","Rock Baby Rock","Vst & Co.","G4p73A35AA0","platinum"
"6886","Rock DJ","Robbie Williams","9h5Z2UISS9g","platinum"
"6320","Rock Me","Abba","mx5dpT_X0XQ","platinum"
"4716","Rock Me My Baby","Buddy Holly","i7sema-2-D0","platinum"
"4715","Rock 'N Me","Steve Miller","pzUjzIUhhGw","platinum"
"9506","Rock N Rolling","Willie Revillame","Dx5yVE2pqAs","platinum"
"4717","Rock Show","Paul McCartney","DDZHIARJeMM","platinum"
"8569","Rock Steady","All Saints","hc4ZABudMLk","platinum"
"11336","Rock That Body","Black Eyed Peas","hXf9RyJJFNs","platinum"
"4718","Rock The Boat","Hues Corporation","ZswrlsKamFw","platinum"
"0683","Rock With You","Michael Jackson","LTlDcSRWqTk","platinum"
"44131","Rock Your Body","Justin Timberlake","-luOA4Ykv1s","platinum"
"3596","Rocket Man","Elton John","6BbMNfaK1To","platinum"
"11513","Rocketeer","Far East Movement","lH3QMkDmiBg","platinum"
"0601","Rockin' Around The Christmas Tree","Christmas Song","dETgVcucAxo","platinum"
"9987","Rockstar","Nickelback","Hnn5ijwmjvE","platinum"
"4722","Roller Coaster","B*Witched","4gGSCzw_x5Y","platinum"
"11509","Rolling In The Deep","Adele","B3O1OlTWXSA","platinum"
"0199","Romeo And Juliet","Dire Strait","e_1egVfo8DM","platinum"
"6322","Ronnie","Four Seasons","77U_5baJiAE","platinum"
"3599","Roof Garden","Al Jarreau","VbfX6p2IG0Q","platinum"
"6323","Room With A View","Tony Carey","Use1-5Im-ts","platinum"
"4976","Rosalinda","Thalia","L2bdm63IBfI","platinum"
"1450","Rosanna","Toto","Zved14TddLs","platinum"
"3601","Rose Garden","Lynn Anderson","Pv_xQdsggJs","platinum"
"6887","Rosemary Blue","Neil Sedaka","PYawnn07PKI","platinum"
"1653","Roses Are Red","Bobby Vinton","psBOBx6aAA8","platinum"
"6679","Roses Are Red","Aqua","chSBuTB2aIs","platinum"
"8603","Round And Roud","Spandau Ballet","oos0trG5GaE","platinum"
"6324","Round And Round","Perry Como","1QvJl14-cdQ","platinum"
"44218","Round Round","Sugababes","r7fzIGakKA0","platinum"
"1398","Row Row Row Your Boat","","tkivDao-Ip0","platinum"
"0001","Roxanne","Police","9rgLU-UhAe8","platinum"
"0780","Rubber Duckie","Ernie","x6dMDM14Ysc","platinum"
"9931","Ruby","Kaiser Chiefs","ziF11TnMJK0","platinum"
"6326","Ruby Tuesday","Rolling Stones","g4-W1OekBTg","platinum"
"3602","Ruby, Don't Take Your","Elvis Presley","lMgo0Rzhcnw","platinum"
"11548","Rude Boy","Rihanna","LfACscj0NyE","platinum"
"1456","Rudolph The Red Nose Reindeer","Various","MieO0RO2VrU","platinum"
"9384","Rule No. 1 (Wag Kang Aamin)","Overtone","hrTsiUjpQ9k","platinum"
"4723","Rumor Has It","Reba Mcentire","JtfVmiwtbtI","platinum"
"11958","Rumour Has It","Adele","znE56k4vf_w","platinum"
"44753","Run","Leona Lewis","n-TcaxJt3-k","platinum"
"44489","Run Around Sue","Dion And The","UDXsU2XRuVo","platinum"
"11124","Run Devil Run","Girls Generation","N3fNG5xNvBc","platinum"
"6328","Run For Your Life","The Beatles","WOMAjTVCx7k","platinum"
"44742","Run It","Chris Brown","CpP95H6kbgg","platinum"
"6888","Run Samson Run","Neil Sedaka","DpNDpTN5v_w","platinum"
"11623","Run The World (Girls)","Beyonce","ROdxr53ADSg","platinum"
"0551","Run To Me","Bee Gees","tjTNTz553jQ","platinum"
"0507","Run To You","Whitney Houston","Fus6jCD8VqA","platinum"
"11488","Run To You","Regine Velasquez","-pmRRUswlBc","platinum"
"2893","Runaway","Del Shannon","SSf2phmYtZY","platinum"
"4370","Runaway","The Corrs","99n84BrbZD4","platinum"
"6327","Runaway","Bon Jovi","ffnM5gds1WE","platinum"
"9232","Runaway","Avril Lavigne","vMOz8IKvgKg","platinum"
"3603","Runaway Train","Soul Asylum","Ziehd7YINdg","platinum"
"44374","Running Away","Hoobastank","Y11HsFBfask","platinum"
"4725","Rush","Paula Abdul","uqtT6-iEzew","platinum"
"4054","Russian","Sting","2nxERbrR_W8","platinum"
"11017","Russian Roulette","Rihanna","xNRXuxrHrrk","platinum"
"3591","Ryhtm Of The Night","Corona","4XszQpesI5Q","platinum"
"11521","S & M","Rihanna","-yPwm5ZjmjQ","platinum"
"11269","S.O.S.","Jonas Brothers","X894j40M0jE","platinum"
"2675","S.O.S.","Abba","EhtYAcf9-oY","platinum"
"5920","Sa 'Yo Lamang","Joey Albert","Gv3JfBQurMc","platinum"
"9750","Sa Akin Lang Sana","Yasmien Kurdi","aLBCcM4WFug","platinum"
"1041","Sa Aking Daigdig","Sharon Cuneta","26BtbBz0948","platinum"
"9365","Sa Aking Mundo (Dyesebel OST)","Julie Ann San Jose","85JWf7lk5Ds","platinum"
"6611","Sa Aking Pag-lisa","Regine Velasquez","57HmdnpMbS4","platinum"
"8483","Sa Aking Panaginip","Jennylyn Mercado","4CIp0qbsHSc","platinum"
"1113","Sa Aking Puso","Ariel Rivera","wFSh-KAbun8","platinum"
"9720","Sa Aking Tabi","Jaya","jdgE2P_yibU","platinum"
"8927","Sa Araw Ng Pasko","Allstar","EBJZ5RJveZQ","platinum"
"6612","Sa Atin Lang","Angelika","qp0m8FNOk2w","platinum"
"1220","Sa Bawat Sandali","Victor Wood","opSSwKR-tvA","platinum"
"7732","Sa Buhay Ko'y Ikaw Lang","Eric Cui","BgvrxC6XguY","platinum"
"8746","Sa Cuyang Pagrumdon","Bicolano Song","y4K9rminlmw","platinum"
"6834","Sa Diyos Lamang","Sampaguita","J6XeooiN35I","platinum"
"1185","Sa Hirap At Ginhawa","Sharon Cuneta","NUPAKbP4S6M","platinum"
"6811","Sa Isip Ko","Agot Isidro","CH5PX9iJUC0","platinum"
"7439","Sa Iyo","Sarah Geronimo","MaX0oZUyH6Q","platinum"
"7126","Sa Kandungan Mo","Carol Banawa","nhdx8JJDFlE","platinum"
"6823","Sa Kanya","Ogie Alcasid","pRudjEmhWP0","platinum"
"9882","Sa Kuko Ng Agila","Freddie Aguilar","1JkVAKLkuzc","platinum"
"5517","Sa Langit","Moonstar 88","84yT-P4qPnw","platinum"
"5848","Sa Langit Maghihintay","Larry Miranda","SNjkqG6E-WM","platinum"
"5318","Sa Langit Wala Ng Beer","Big Time","bbAVoLqllJw","platinum"
"8747","Sa Lapyahan","Visayan Song","zdUmpVV9wrI","platinum"
"8748","Sa Lungsod Sa Buenavista","Visayan Song","1ye9t-bCB40","platinum"
"6004","Sa Mata Makikita","Roel Cortez","VNuiZgNAZ20","platinum"
"6475","Sa May Bintana","James Coronel","i5sVsq17RaA","platinum"
"8749","Sa Pangandoy Lang","Visayan Song","Ka1Y_EekTeE","platinum"
"6005","Sa Pangarap","Vina Morales","F-6BgtU3Lnw","platinum"
"7751","Sa Paskong Ito","Ariel Rivera","rLHU-ml7pGM","platinum"
"1295","Sa Piling Mo","Mabuhay Singers","xCy5oeujVfg","platinum"
"7893","Sa Piling Mo","Regine Velasquez","kAWbvQQ4hHY","platinum"
"6006","Sa Puso Ko","Ogie Alcasid","T-OC3rD4FWc","platinum"
"6498","Sa Puso Ko","Rachel Alejandro","jmUt8NTBv4c","platinum"
"7894","Sa Puso Ko","Vina Morales","JVL9VfAqbwU","platinum"
"11515","Sa Silid","Slex","V5-U_5_cZUM","platinum"
"6830","Sa Sulyap Mo","Ric Manrique","wJ4Y3TzmofE","platinum"
"7127","Sa Tamang Panahon","Rommel G.","BdmyflKQ_lg","platinum"
"7752","Sa Tuwina","Sheila Mae","G6bDmejkhdk","platinum"
"5641","Sa Ugoy Ng Duyan","Jeremiah","BVoB2vla5qE","platinum"
"8751","Sa Una Ug Karon","Visayan Song","eq-mM6oxUvI","platinum"
"8750","Sa Unang Pagtan-Aw Ko Sine","Max Surban","Kq22QIxKA8E","platinum"
"9355","Sa Wakas (Tuesday Sequel)","Rj Jimenez","R-4v7ocIDTo","platinum"
"9628","Sa Yahweh Ang Sayaw","Gary Valenciano","FlCpMgzWaLA","platinum"
"6009","Sa 'Yo Lamang","Joey Albert","OsxDn74jIbY","platinum"
"9885","Sa 'Yo Lang (Paint My Love)","Renz Verano","4t36023fZRQ","platinum"
"7641","Sa Yong Paglisan","Elaine Lee","ajhiEy3Q1d0","platinum"
"8752","Saad Sa Gugma","Visayan Song","We68k0eL2YQ","platinum"
"1189","Saan Ako Nagkamali","","PMU06r4ZTac","platinum"
"5117","Saan Ka Man Naroon","Ric Manrique","KoQTUrvao_o","platin"
"7089","Saan Ka Na Kaya Ngayon","Anna Feigi","i1FCkICbe08","platinum"
"5697","Saan Na Bang Barkada","Apo Hiking","4tCybC_KHPk","platinum"
"7753","Saan Na Nga Ba","Devine","1YV2SxlncGw","platinum"
"5847","Sabado Nights","Rizal Underground","j1FGQHXXz34","platinum"
"9260","Sabaw","Scrambled Eggs","WEbUrU3fsjo","platinum"
"9585","Sabay-Sabay Tayo","Marian Rivera","lKZwmx4moO8","platinum"
"5518","Sabi Mo","Wise Guys","6CZ_ioV47kE","platinum"
"5737","Sabi Mo Ako Lamang","Men Oppose","c_Po1d5TFFw","platinum"
"9883","Sabi Mo Sa Akin Binata Ka","Mae Rivera","eLop07OoWjE","platinum"
"6613","Sabi Na Nga Ba","Tootsie Guevarra","FWU036DDLFw","platinum"
"7663","Sabi Ng Kanta","Aiza","ai-wTtrESiE","platinum"
"5206","Sabi Ng Puso Ko","April Boy","zsmPap4t0eo","platinum"
"8854","Sabihin","Zelle","FrRLQ1cCFnA","platinum"
"7754","Sabihin Man Nilang Baliw Ako","Laarni Mendoza","KpovNcudwaw","platinum"
"8439","Sabihin Mo Na","Tops Suzara","7bJV6JDv8KM","platinum"
"9400","Sabihin Mo Na","Yeng Constantino","u-6CFYWMDKs","platinum"
"5739","Sabik","Imelda Papin","E9K-H9Gs5WU","platinum"
"6146","Sabik Na Sabik","Razzamanazz","UkXKMeycIhM","platinum"
"6806","Sabik Na Sabik","Gee Girls","jKugr34rVQE","platinum"
"8753","Sabong Ng Manok","Big 3 Sullivans","tvjnmmeBYzs","platinum"
"2832","Sacrifice","Elton John","5GzNGUr2Wzg","platinum"
"8288","Sacrifice","Tatu","KbMHknyzTXA","platinum"
"7938","Sad But True","Metallica","24Pw_FRjtDo","platinum"
"2676","Sad Movies","Lennon Sisters","9lJtEB3-MdU","platinum"
"8754","Saging Ug Kapayas Ni Lola","Visayan Song","lD1XXWW4euI","platinum"
"9296","Sagot Kita","6 Cycle Mind","VlLzb0DdUnk","platinum"
"7755","Sagutin Mo Na Ko","Willie Revillame","Kg7X2VHn5VA","platinum"
"0054","Said I Love You But I Lied","Michael Bolton","gDtRncb2DWE","platinum"
"11654","Sailing","Christopher Cross","QOF9zLhl6Ic","platinum"
"2619","Sailing","Rod Stewart","5zNgHnbxeYo","platinum"
"6329","Sailor Moon Theme","","sFn1vndRP38","platinum"
"7780","Sakaling Mahalin Mo","Rannie Raymundo","4AocVLvc7eU","platinum"
"9215","Sakayan Ng Jeep","Nikki Gil","YA9tJSESDv4","platinum"
"1245","Saksit Ti Langit","Anselmo Pelayre","FaTyE7HcSKg","platinum"
"8968","Sala","Pupil","lUyh1GV3DvI","platinum"
"0485","Salamat","The Dawn","iUVpH20XKW8","platinum"
"8626","Salamat","Yeng Constantino","tYE_NHrqU8o","platinum"
"4978","Salamat Sa Iyo","April Boy Regino","qoIVvyNL6-Q","platinum"
"4057","Salawahan","Ric Rodrigo","cA0ix7N0-fE","platinum"
"7585","Salawikain","Apo Hiking Society","8RE-NAWktM8","platinum"
"9017","Salawikain","Mcoy Of Orange &","d62Sa7wXJek","platinum"
"8755","Salimu-Ang Sa Hubog","Visayan Song","85EoSo5JQTk","platinum"
"9991","Salita","Angulo","E2rYx0Dwro8","platinum"
"4726","Sally G.","Paul McCartney","6w9r5UeC5BY","platinum"
"4727","Salome","Latino","XzkaRIMDZfg","platinum"
"9412","Saludo","6 Cycle Minds","8RXVmSPzeKY","platinum"
"6682","Salvation","Cranberries","cChp5dh9uvo","platinum"
"8621","Sama Na","Chilities","II2vGkOLSNQ","platinum"
"8756","Sama Sa Usa Ka Damgo","Visayan Song","cM6MAxVNDwE","platinum"
"11209","Sama-Sama","Letterday Story","AJ1pHWCR8RY","platinum"
"11285","Same Girl","R Kelly Ft Usher","qF9wpYPpfLE","platinum"
"8199","Same Ground","Kitchie Nadal","nKbiJPLExBE","platinum"
"44821","Same Mistake","James Blunt","vJZeI6mNErg","platinum"
"6848","Same Old Brand New","A1","sCdZg5n5X9s","platinum"
"1086","Sampaguita","Traditional","3q3BfpJOuSY","platinum"
"2620","San Francisco","Glenn Camble","a7DzsHDy7z0","platinum"
"5207","Sana","Ibang Versyon","OVdewuRVs3M","platinum"
"6007","Sana","Kuh Ledesma","y_fUr1wxhg0","platinum"
"6614","Sana","Ogie Alcasid","lIwLJ56vgcE","platinum"
"8484","Sana","Shamrock","EGo3a0Lbsx4","platinum"
"8562","Sana","Gagong Rapper","scc2vOsu_NM","platinum"
"9297","Sana","La Famille Dembele","OpE3ph7liqA","platinum"
"1168","Sana Ay Ikaw Na Nga","Zsa Zsa Padilla","Y7_okoIRUgo","platinum"
"3244","Sana Ay Ikaw Na Nga","Basil Valdez","pxk3NpR1CIg","platinum"
"1087","Sana Ay Mahalin Mo Rin Ako","April Boy","B-1Fdtjp2CA","platinum"
"0586","Sana Ay Malaman Mo","Ric Segreto","rnYHj5uRERQ","platinum"
"6683","Sana Ay Nandito Ka","Regine Velasquez","cAEZcqxDLmk","platinum"
"6504","Sana Bukas Mahal Mo Na Ako","Ogie Alcasid","3FDHZXlpci4","platinum"
"1313","Sana Dalawa Ang Puso Ko","Bodjie's Law","eeXyRBwqRzY","platinum"
"9524","Sana Di Lang Puro Sana","Aiza Seguerra","zPqPVALnbwo","platinum"
"7129","Sana Do","Andrew E.","VE9FJ2LjBQM","platinum"
"5919","Sana Ikaw","Piolo Pascual","WyGlejxQ82o","platinum"
"1400","Sana Kahit Minsan","Ariel Rivera","kM1a312lizk","platinum"
"9721","Sana Lagi","Jasmine Trias","qtWQ48-U2lI","platinum"
"7782","Sana Magbalik","Mannie Mesina","tHamQumPKgo","platinum"
"7387","Sana Magbuhat Ng Una","Jessa Zaragoza","za5-4AS12Wk","platinum"
"7131","Sana Mama","Masculados","zfc6oaV8Yug","platinum"
"9643","Sana Man Lang","Roselle Nava","TrPfaZzDO34","platinum"
"9861","Sana Na Lang","Blue Ketchup","cuitz03ZGPw","platinum"
"1287","Sana Naman","Tricia","nI8btMM5zKs","platinum"
"8585","Sana Naman","Civil Eyes","-o0xn-lcj_0","platinum"
"9090","Sana Naman","Session Road","2_XcCdCee3I","platinum"
"1226","Sana Pag-Ibig","Rico J. Puno","vw_fieMl4aI","platinum"
"1367","Sana'y Laging Makapiling","April Boy","yDvapgj9OJE","platinum"
"1133","Sana'y Maulit Muli","Gary V.","iSD9YAlc1ZE","platinum"
"11766","Sana'y Ako Na Lang","Six Part Invention","SbVIMTeogLM","platinum"
"5849","Sana'y Bigyan Mo Ng Pansin","Mystica","4clWv-Q5RGU","platinum"
"5208","Sana'y Di Ko Na Nakita","Carol Banawa","_j66x-a4yo8","platinum"
"9884","Sana'y Dinggin Mo","Mark Bautista","MriKEWNVnbQ","platinum"
"6849","Sana'y Dumating Ka Na","Vina Morales","pp31QM7UHhw","platinum"
"5372","Sana'y Kapiling Ka","Jolina Magdangal","_4dPUG32JUs","platinum"
"6833","Sana'y Malaman Mo","Rica Peralejo","ONUNqxefy7Q","platinum"
"9852","Sana'y Malaman Mo","OJ Mariano","uL3fIdm8mBY","platinum"
"6706","Sana'y Sabihin Mo","Vina Morales","Pt2BkMPoCvo","platinum"
"1606","Sana'y Wala Nang Wakas","Sharon Cuneta","LAwun4L4bVw","platinum"
"8908","Sanctuary","Callalily","wfJF8KNjO2U","platinum"
"8355","Sandalan","6 Cycle Minds","_MJFroJX6jA","platinum"
"9789","Sandali Na Lang","Hale","8rm3IRpGVXo","platinum"
"11539","Sandata","Shamrock","5__r-FVjtF4","platinum"
"4238","Sandman","America","xVxX4sW4Ysk","platinum"
"5320","Sandy","Carpenters","HQnR7zdZsbc","platinum"
"0955","Santa Claus Is Coming To Town","Christmas Song","8_J59CafsQA","platinum"
"0527","Santa Fe","Bon Jovi","G9_jFZaRptI","platinum"
"5741","Sapagkat Kami Ay Tao Lamang","Ric Manrique","GXACjYbu_6Y","platinum"
"6008","Sapagkat Mahal Kita","Larry Miranda","_wOplI3EE5Y","platinum"
"9091","Sapat Na Ang Minsan","Jennylyn Mercado","RY4lLjnbLW4","platinum"
"9565","Sapata Ta Ed Buwan","Andrew Paulino, Jr.","zpejuSzJu44","platinum"
"3606","Sara","Steve Nicks","KGF1GRxF6OM","platinum"
"9722","Saranggola Sa Ulan","Gary Granada","gONvxsAg2QQ","platinum"
"11609","Sari-Saring Kwento","Champ Lui Pio Feat.","ZamCiXOZZ5w","platinum"
"9723","Sasakay Sa Pangarap","Yeng Constantino","-4YBcic8_Ts","platinum"
"7706","Sasakyan Kita","K & The Boxers","JRAgKCTigW4","platinum"
"3607","Satisfaction","Tom Jones","W8g-ThJsAs0","platinum"
"4059","Saturday Night","Bay City Rollers","TNbzRefJ6VY","platinum"
"9971","Saturday Night","Whigfield","FljYx3edIwg","platinum"
"5547","Save A Pray","Duran Duran","ECUG5z06c80","platinum"
"2779","Save The Best For Last","Vanessa Williams","Sdmt2ELrLL0","platinum"
"2864","Save The Last Dance","De Franco Family","G7PBeSJnTVU","platinum"
"8216","Save The Last Dance","Michael Buble","kKXJfyCiZfE","platinum"
"7944","Save Tonight","Eagle Eye Cherry","AFG_izhrhbY","platinum"
"11230","Savin' Me","Nickelback","oGGktC7KMTg","platinum"
"2741","Saving All My Love For You","Whitney Houston","1NChdqcgmeI","platinum"
"11231","Say","John Mayer","DAjMaPA4mMA","platinum"
"5851","Say A Little Prayer","Diana King","rXx2C09WaEA","platinum"
"11798","Say Hello To Goodbye","Shontelle","fTP6GtwdEi8","platinum"
"44685","Say It Again","Natasha Bedingfield","LkLl9",""
",platinum""","","","",""
"11101","Say It Right","Nelly Furtado","0Z8_f-khj9U","platinum"
"5778","Say My Name","Destiny's Child","4I4Q-3zUqdI","platinum"
"8093","Say That You Love Me","Regine Velasquez","ZaSvEqhwrT8","platinum"
"8224","Say That You Love Me","Martin Nievera","ws1g8m2ASwc","platinum"
"9092","Say That You Love Me","Christian Bautista","mPJyJmuODwo","platinum"
"9810","Say That You Love Me","Kyla Feat. Jay-R","W0rOSmDYleY","platinum"
"4730","Say What You Want","","iAI3VtxruY8","platinum"
"9525","Say You Do","The Bloomfields","E1ljQmmLx0Q","platinum"
"2715","Say You Say Me","Lionel Richie","4eFADqwCHew","platinum"
"2657","Say You Will","David Liang","AqoeUNnV1xw","platinum"
"44306","Say You'll Be Mine","Steps","zj2rmsJzx-U","platinum"
"3608","Say You'll Be There","Spice Girls","50-UPVmMtgk","platinum"
"8378","Say You'll Never Go","Neo Colours","NK6aedwpzEw","platinum"
"1782","Sayang","Parokya Ni Edgar","2COYyDNe1cI","platinum"
"8969","Sayang","Moonstar 88","E0fL7VXUnUk","platinum"
"9216","Sayang","Stonefree","kirwDibQ-eg","platinum"
"9261","Sayang","Rivermaya","LZhlxXAb8ik","platinum"
"8473","Sayang Ang Lahat","True Faith","r2DmvOzELEM","platinum"
"1088","Sayang Na Sayang","Marilyn Reynes","QA--822_qjc","platinum"
"6500","Sayang Na Sayang","Aegis","6_FbZmjePBE","platinum"
"11187","Sayang Sayang","Aljur Abrenica","Sn-lSX5dIHo","platinum"
"8996","Sayaw Darling","Willie Revillame","rJIvlqNE_J8","platinum"
"8405","Sayaw Ng Puso","Yvette & Michael Cruz","Ktuw-UwfubQ","platinum"
"0176","Sa'yo Lamang","Joey Albert","Gv3JfBQurMc","platinum"
"6681","Sa'yo Pa Rin","Alex M.","eBeUOnWk0cc","platinum"
"8757","Sayri Ako","Visayan Song","p2GGqtl8glM","platinum"
"0066","Scarborough Fair","Simon & Garfunkel","DuRanHaVaow","platinum"
"3306","School","Supertramp","8-gTah5xzoo","platinum"
"4732","School's Out","Alice Cooper","pPl1Ymnpeag","platinum"
"11642","Science And Faith","The Script","fiBqSiBNOs0","platinum"
"9924","Scooby Snacks","Fun Loving Criminals","jFn1yf_BvnA","platinum"
"8214","Scooter Boy","Mojo Fly","725Yh9y3E7Y","platinum"
"7672","Scratch Mo Baby","Marc Logan","5RnUScUZXsg","platinum"
"44721","Scream","Timbaland Ft. Nicole","46XfKCLDeLU","platinum"
"44765","Scream","Troy","_-LaiIkQdGI","platinum"
"0910","Sea Of Heartbreak","Poco","gnGnzl-0plU","platinum"
"2622","Sealed With A Kiss","Letterman","KxSIWYrxsaA","platinum"
"6615","Season Of Fireworks","F4","kLcOsmI3eBA","platinum"
"8895","Season Of Smile","Itchyworms","2M1CUui8hXA","platinum"
"2726","Seasons In The Sun","Westlife","VnqbnzxdOxI","platinum"
"11326","Second Chance","Shinedown_","miHHxyo331U","platinum"
"1607","Secret","Madonna","k5PRYydrYJo","platinum"
"1621","Secret Love","George Michael","Ve0GwMNa08A","platinum"
"11142","Secrets","One Republic","i20isdqjJMY","platinum"
"11620","See No More","Joe Jonas","kwjeicjIMEY","platinum"
"44652","See You Again","Miley Cyrus","WQgfX2Od0C8","platinum"
"1554","See You Later Alligator","Bill Haley","cw5RM40BM1A","platinum"
"7054","Seek And Destroy","Metallica","tBpWb7KZDNY","platinum"
"8901","Seksi Seksi","Kamikazee","JcVJGmutHIs","platinum"
"2697","Self Control","Laura Branigan","_TgJXdQ7A5Y","platinum"
"1455","Selfish","The Other Two","nUn7Ye0rGrs","platinum"
"5785","Selling The Drama","Live","MDT6kH4R-kw","platinum"
"1780","Selos","Rico J. Puno","a157yRWuE2I","platinum"
"9451","Selos","Sandwich","y9He3XsKAXA","platinum"
"7883","Selosa","Andrea","7zJREz9O86s","platinum"
"5429","Send Me An Angel","Scorpions","IpbChEBnnzo","platinum"
"0293","Send Me Your Pillow","Jolina Magdangal","wioEC5MxdIQ","platinum"
"8543","Senior Citizen","Visayan Song","eSGZpOgeMoI","platinum"
"44746","Senior Year Spring","High School Musical","yj1niEnrDvc","platinum"
"1978","Sentencia","Javier Solis","-bUxyVft85o","platinum"
"8970","Senti","Yano","RTp5VP-gDRo","platinum"
"9596","Senti","Moonstar 88","alm78jEpWIA","platinum"
"4735","Sentimental Journey","Doris Day","QB46YyJEtxg","platinum"
"6450","Sentimental Lady","Bob Welch","4uoQso7rdP0","platinum"
"8307","Separate Lives","Phil Collins And Cindy","7Bk3ZY_5pLs","platinum"
"8419","Separate Ways","Journey","ulW5ydy7OUQ","platinum"
"3245","September","Eart Wind & Fire","cKRmRYad318","platinum"
"0663","September Morn'","Neil Diamond","tMUmFwLxlfQ","platinum"
"6331","September Song","Kurt Weil","vakq4R29E8E","platinum"
"3609","Sergeant Pepper's Lonely Hearts Club Band","Beatles","91z0VE9yn5M","platinum"
"1703","Sesame Street","Joe Raposo","54cQjMc0KNc","platinum"
"11765","Set Fire To The Rain","Adele","Z0klfsQ-7R8","platinum"
"0579","Set You Free","Side A Band","bcr-l607Hu4","platinum"
"6616","Settling","Tara Mclean","C0m9LYY0nn8","platinum"
"2623","Seven Daffodils","The Brothers Four","zS7BGSLt9uk","platinum"
"44864","Seventeen Forever","Metro Station","V1WZNhO7DRE","platinum"
"4980","Sex Bomb","Tom Jones","1K5wUJk46VI","platinum"
"44828","Sex On Fire","Kings Of Leon","zlGUSbzLJoc","platinum"
"4239","Sexual Healing","Marvin Gaye","BAxsoTBR2HA","platinum"
"6718","Sexy","French Affair","AviVzSe1kpw","platinum"
"0540","Tell Me","Side A","RUtsTRZflSM","platinum"
"0957","Tell Me That You Love Me","Anne Murray","mw5ttKDOTRg","platinum"
"9544","Tell Me That You Love Me","Regine Velasquez","HvaDsCHMd3M","platinum"
"0580","Tell Me Where It Hurts","Kati Trocolli","Fk0PEB0j4vw","platinum"
"2954","Tell Me Why","The Beatles","t0uafzKWm7A","platinum"
"1526","Tell Me Your Name","Jose Mari Chan","IFTLd1kDV6s","platinum"
"9994","Tell Me Your Name","Christian Bautista","U8rak78pAig","platinum"
"4782","Ten Little Indians","Various","mbVUayytvMY","platinum"
"11354","Ten Out Of Ten","Paulo Nutini","mWDr-ZFftYA","platinum"
"1646","Tender Is The Night","Tony Bennett","7IA_eCYYMQo","platinum"
"0684","Tenderly","Various Artist","qLN08Fb0LLE","platinum"
"2637","Tennessee Waltz","Patti Page","qhu2ZQ4zAHM","platinum"
"9103","Tensyonado","Soapdish","IM2q2xO5CtI","platinum"
"3655","Tequilla Sunrise","Eagles","znnjXneJ95Y","platinum"
"1995","Teresa","Los Yaquis","y1tQlFQEgMM","platinum"
"8427","Terminal","Rrupert Holmes","m5OqpwJo4ec","platinum"
"11630","Terrified","Katharine Mcphee","Sg_9m6flh78","platinum"
"7388","Thank God I Found You","Mariah Carey","5-A_2JB4eWE","platinum"
"5522","Thank You","Dido","vg79oI8qrmg","platinum"
"6687","Thank You","Alanis Morissette","UyQ8AavTtxo","platinum"
"1294","Thank You For Loving Me","Janet Basco","4hOBZbIiqMU","platinum"
"8863","Thank You For Loving Me","Bon Jovi","eDasI4SAugI","platinum"
"0263","Thank You For The Music","Abba","iXj62Mwqp18","platinum"
"1116","Thank You Love","Jose Mari Chan","hXkGar98zjM","platinum"
"0985","Thanks To You","Tyler Collins","4skzjtHLsNs","platinum"
"4785","That Day Is Done","Paul Mccartney","Fjx9r0u_bYw","platinum"
"6895","That Old Black Magic","Frank Sinatra","rQYIfrGJtr0","platinum"
"11564","That Should Be Me","Justin Bieber Ft Rascal","TiI7mf0rC2U","platinum"
"3670","That Thing You Do","The Wonders","65eBRtWdUYw","platinum"
"7462","That's When I Love You","Aslyn","NzZ_E9oWtfU","platinum"
"3656","That'll Be The Day","R. Linda Ronstadt","Y1viq-xCRcY","platinum"
"3267","That's Life","Frank Sinatra","b22bqScoWZE","platinum"
"5469","That's Me","Abba","FQtyBH6QB3Y","platinum"
"44710","That's Not My Name","The Ting Tings","liTiwayPTNo","platinum"
"6626","That's The Way (I Like It)","Backstreet Boys","Kls_A065zj8","platinum"
"3657","That's The Way I Like It","Kc And The...","H9KxuLHp4iM","platinum"
"6149","That's The Way It Is","Celine Dion","k7XvAWjhK04","platinum"
"0654","That's The Way Love Goes","Janet Jackson","P3tzQekYeAA","platinum"
"0070","That's What Friends Are For","Dionne Warwick","YX6y9tGG_BU","platinum"
"11162","That's What You Get","Paramore","5PZGMItLdoI","platinum"
"2862","That's Why They","Call It Blues","NhksbpxcTHI","platinum"
"0958","That's Why You Go","Mtr","-FMRWINfzTY","platinum"
"0720","The Actor","Michael Learns To","Q4x3HB2i4Xw","platinum"
"6150","The Air That I Breathe","Simply Red","k17ucqn28lQ","platinum"
"7357","The Apl Song","Blackeyed Peas","NNfXto8I2Sg","platinum"
"8859","The Ballad Of","Hale","4mvjYN5_2oY","platinum"
"3652","The Beat Goes On","Sonny & Cher","9-drKiTfngA","platinum"
"3660","The Best","Tna Turner","X8Mygx8B54Y","platinum"
"5373","The Best Of Love","Michael Bolton","rg_wE_LB-4Q","platinum"
"7907","The Best Of Me","Bryan Adams","RNJR_09oNgA","platinum"
"4110","The Best Of Times","Styx","JOh0pOywmd8","platinum"
"8165","The Bible","Yoyoy Villame","aTaLcRhrQ6k","platinum"
"7949","The Big Love","Roxette","Z9DEtmICQDU","platinum"
"0918","The Boxer","Simon & Garfunkel","rRZNv0bfFGg","platinum"
"9762","The Boy Does Nothing","Alesha Dixon","YW8wQnfLBMY","platinum"
"4788","The Boy Is Mine","Brandy And Monica","v22Srmh3_bc","platinum"
"3350","The Brady Bunch","Candle Box","he4WPvKGGR0","platinum"
"5524","The Call","Backstreet Boys","6olz6pJbTCQ","platinum"
"3367","The Captain Of Her Heart","Double","ttQrKB79QWU","platinum"
"2982","The Ceremony","Wynette & Jones","EHZwtolTnTE","platinum"
"3376","The Chauffuer","Duran Duran","DU-ehgWtElk","platinum"
"7950","The Cheap Seats","Alabama","NLxnUyrwIP4","platinum"
"6628","The Cheeky Song","Cheeky Girls","poIvvrfvmpM","platinum"
"1441","The Christmas Song","Christmas Song","s1rgRFVUIJQ","platinum"
"44834","The Climb","Miley Cirus","FL9Hcz85CGw","platinum"
"0798","The Closer I Get To You","R. Flack","qbfJntHGKWs","platinum"
"5864","The Color Of The Night","Lauren Christy","J4G66wdXuAQ","platinum"
"4789","The Colour Of My Love","","6FPKlLFVqnY","platinum"
"7520","The Day We Caught The Train","Ocean Colour","-rswpZz4eIg","platinum"
"8209","The Day You Said Goodnight","Hale","zfEaYbWoxko","platinum"
"3392","The Devil Went Down To Georgia","Charlie Daniels Band","006--P-tyAc","platinum"
"1671","The Diary","Neil Sedaka","nr3l5dFMSPw","platinum"
"11714","The Distance","Evan And Jaron","7HPb8v5_eVM","platinum"
"6190","The Distance Between Us","Fra Lippo Lippi","KiMw4zG4FmY","platinum"
"7521","The Earth","Sun","Rain","Color Me Badd"
"2624","The End","Earl Grant","OQ_2JDMycXA","platinum"
"44789","The Fear","Lily Allen","zhlXGH0l0NY","platinum"
"9442","The Fight Is Over","Urbandub","zm79R2JK60E","platinum"
"44103","The Final Countdown","Europe","KLfiWUrJ87c","platinum"
"0018","The First Noel","Christmas Song","R6RCCNdGu30","platinum"
"0162","The First Time Ever I Saw Your Face","Roberta Flack","ZgaiWFFql38","platinum"
"0534","The First Time I Loved Forever","Beauty And The Beast","IO4cP7BA_0I","platinum"
"11367","The Flood","Take That","tg5IfzkLqnY","platinum"
"3000","The Fool On The Hill","The Beatles","zZ9h99ejs2I","platinum"
"44163","The Game Of Love","Michelle Branch Ft","nmitiNdp5hM","platinum"
"4791","The Gang That Sang Hear""","","ZG48c0pWNoA","platinum"
"7463","The Ghost Of You","Michael Learns To","ikO7tWtKphk","platinum"
"5215","The Gift","Jim Brickman","bdCEIyR76Mw","platinum"
"0558","The Gift Of Love","Bette Midler","NlYf1u9lVmA","platinum"
"3439","The Girl Is Mine","Michael Jackson","y0QPD4Djjck","platinum"
"11232","The Great Escape","Boys Like Girls","MJru9zxPbGQ","platinum"
"4792","The Great Pretender","The Platters","S7vcCf_DZ7A","platinum"
"9613","The Greatest Day","Kitchie Nadal feat Barbie","hrSSX0f-jEk","platinum"
"7844","The Greatest Love Affair","Martin Nievera","WcqZS5-OmV0","platinum"
"3026","The Greatest Love Of All","Whitney Houston","aQEg6dwLFDc","platinum"
"2572","The Green Green Grass Of Home","Tom Jones","UZyhw7bYmrw","platinum"
"2733","The Green Leaves Of Summer","Brothers Four","r1VWBeMXKt0","platinum"
"3460","The Headline News","Weird Al","rBbZR4uWSVM","platinum"
"0934","The Heart Of Rock And Roll","Huey Lewis","j1fiODdBO_Y","platinum"
"5375","The Heat Is On","Glen Frey","ksxDRlrlonA","platinum"
"6022","The Hurt","Kalapana","SDYftFtpPQg","platinum"
"1701","The Icicle Melts","The Cranberries","zeuhIG-eHK8","platinum"
"0047","The Impossible Dream","Andy Williams","qRIHJNC_-Ng","platinum"
"4793","The Joker","Steve Miller","7ZSfEZfduzg","platinum"
"4120","The Kid Is Hot Tonite","Lover Boy","sL9ULwW0ocQ","platinum"
"4121","The Knife","Rockwell","CbO3yL9Klk4","platinum"
"5035","The Lady In Red","Chris De Burgh","Lbohqhuo28s","platinum"
"3509","The Lady Is A Tramp","Frank Sinatra","kHO4ctetc_I","platinum"
"5376","The Lady Is A Vamp","Spice Girls","tgzeBXoTWzM","platinum"
"11278","The Last Day Of My Life","Phil Vassar","BRxIv0rZ-pI","platinum"
"11640","The Last Goodbye","David Cook","A0jgOBg4hAE","platinum"
"1371","The Last Leaf","The Cascades","0Gs8xbHZEJM","platinum"
"11157","The Last Of American Girls","Greenday","KC5y2cP_5CA","platinum"
"6239","The Last Resort","Eagles","xKobTCdY7pk","platinum"
"3494","The Last Supper","Jesus Christ Superstar","tFkrEWQ-ipM","platinum"
"4794","The Last Thing On My Mind","Venga Boys","ja9t3SQb_qM","platinum"
"9371","The Last Time","Richard Poon","EGvKk2upKS0","platinum"
"2711","The Last Waltz","Englebert Humperdinck","kv5ddBfEyPg","platinum"
"11516","The Lazy Song","Bruno Mars","I45sHC0CygM","platinum"
"0840","The Letter","Box Tops","X_uCkA-k5ag","platinum"
"3516","The Lion Sleeps Tonight","The Token","Cn56cdLK73o","platinum"
"44691","The Little Things","Colbie Caillat","vC4cPN3SHeM","platinum"
"2706","The Locomotion","Little Eva","cTXl1yzqqUw","platinum"
"0761","The Logical Song","Supertramp","pceoIMAtmsc","platinum"
"2951","The Long And Winding Road","The Beatles","WKe8pNUviDE","platinum"
"6247","The Long Run","Eagles","O3P29PlH0FM","platinum"
"5470","The Longest Time","Billy Joel","p9vSm_a1iLw","platinum"
"4795","The Look","","FRJKx-6VFks","platinum"
"7522","The Look Of Love","Michelle Branch Feat","5TFV05HMFh8","platinum"
"3523","The Lord's Prayer","","HGC5RXWlWA0","platinum"
"8057","The Love Boat","Jack Jones","00t7yxtjQxI","platinum"
"5279","The Love She Found In Me","Michael Johnson","72vFp3xoots","platinum"
"3269","The Love You Save","F. Peren","0L-Nk27BUT0","platinum"
"7523","The Love You Want","","yXQ9Tfk-nMI","platinum"
"44777","The Loving Kind","Girls Aloud","F-rwZrJdUDg","platinum"
"11808","The Man I Was With You","Jimmy Bondoc","Ez5y-ufwQFg","platinum"
"11774","The Man Who Can't Be Moved","The Script","Im2A5pbWis8","platinum"
"3662","The Man Who Sold The World","Nirvana","L8GUqRcJYAc","platinum"
"7437","The Memory Of Him","Denise Laurel","uqO27lyFnfM","platinum"
"7116","The Memory Remains","Metallica","ifmaKWPhQC8","platinum"
"0836","The Midnight Special","CCR","vAjSXQD-gDs","platinum"
"0260","The Minute Your Gone","Harry Ventura","7L9ROTo1wl8","platinum"
"1506","The Moment Of Truth","Survivor","SsCsrii6eh0","platinum"
"44858","The More Boys I Meet","Carrie Underwood","cP36XhJUE9U","platinum"
"4124","The More We Get Together","Alice Hooksen","m9xb0kMmYRA","platinum"
"0614","The More You Ignore Me","Morrissey","cABTwYzFzeE","platinum"
"1594","The More You Live The More You Love","Flock Of Seagulls","neVlKjzzPFg","platinum"
"8108","The Most Beautiful Girl In The World","Charlie Rich","21M3088tntA","platinum"
"4797","The Most Happy Fella","Play","62ITiQuo9dA","platinum"
"6273","The Most Happy Fella","Frank Loesser","fOyFZ9-jWSo","platinum"
"4125","The Mulberry Bush","Various","REktHyLF7Rg","platinum"
"1637","The Music Played","Matt Monroe","_lN3SJdnJV4","platinum"
"4246","The Name Of The Game","Abba","v-wsbOhnFuE","platinum"
"1638","The Nearness Of You","Sheena Easton","S2Flqoz4ydw","platinum"
"8223","The Next Best Superstar","Mel C.","VwVBAvazc_w","platinum"
"0694","The Next Time I Fall","Eter Cetera","gCyh2xFkgRM","platinum"
"3557","The Night Before","The Beatles","M1Cfn38le-Q","platinum"
"6285","The Night Has A Thousand Eyes","Gary Lewis","5XNbAjFFT00","platinum"
"4799","The Old Gray Mare","Various","zwc5fLe5DIw","platinum"
"5325","The Old Songs","David Pomeranz","ESx-qG01g6o","platinum"
"3663","The One","Elton John","-7f1A1cxYvk","platinum"
"44729","The One","Kylie Minogue","fKBXOcEC9pg","platinum"
"5326","The One I Love","Mike Mcklellan","whJ8YXIGNdA","platinum"
"8372","The One I Love","Rem","tln_JDVERmw","platinum"
"11738","The One That Got Away","Katy Perry","zxjFe42SA8I","platinum"
"11685","The One That You Love","Air Supply","WLGzdCndIlE","platinum"
"4801","The One That You Love","Graham Russell","59INhiUEQqA","platinum"
"9404","The One Who Won My Heart","Christian Bautista","6pBgYj",""
"","plat","","",""
"m""","","","",""
"2784","The One You Love","Glen Frey","FqinDSUuRMc","platinum"
"11333","The Only Exception","Paramore","yCXcs2B8du0","platinum"
"5471","The Only One","Chicago","R-9-KMbzs84","platinum"
"7524","The Only Thing That","Bryan Adams","PK6q5AQHL1I","platinum"
"11838","The Past","Jed Madela","8qO-6ca4l14","platinum"
"6759","The Past","Ray Parker","b4w7NFOv2rg","platinum"
"3573","The Phantom Of The Opera","Charles Hart","WycNE70bHt4","platinum"
"5378","The Power Of Goodbye","Madonna","jAIxFSuwVdA","platinum"
"2845","The Power Of Love","Celine Dion","AJ8MpY7L6TE","platinum"
"6024","The Promise","Martin Nievera","lvBfAXrmXRI","platinum"
"6760","The Promise","Plus One","iQHidf3x-5c","platinum"
"9984","The Promise","Girls Aloud","9DvGD__UwvI","platinum"
"4802","The Promise Of A New Day","Peter Lord","RXx6jOJhgpc","platinum"
"3383","The Promise You Made","Cock Robin","hNI8-uKupPw","platinum"
"44690","The Quest","Christopher Bryn","qWTEGPBp964","platinum"
"4803","The Reason","Celine Dion","IkXsZ05VmjM","platinum"
"7867","The Reason","Hoobastank","Mk5JYEFcGnU","platinum"
"0488","The Reason Why","John Farnham","Kze770xfp0Y","platinum"
"4039","The Reflex","Duran Duran","HsFIZYD5Fnc","platinum"
"8998","The Remedy","Jason Mraz","GcdmfRUoEDE","platinum"
"5660","The Right One","Aiza Seguerra","nB3YLodiQEE","platinum"
"6761","The Right Time","The Corrs","FmqHIMTKb_o","platinum"
"3665","The River","Bruce Springsteen","CdOtraLYaqc","platinum"
"0734","The River Of Dreams","Billy Joel","x_bLJuKZCgw","platinum"
"0204","The River Of No Return","N. Villanueva","x_bLJuKZCgw","platinum"
"9940","The Riverboat Song","Ocean Colour","cuOi-StyMl8","platinum"
"0360","The Rose","Bette Midler","gNwU3unmg-k","platinum"
"4129","The Saddest Thing","Melanie Safka","xbOTyO8OutY","platinum"
"6896","The Scientist","Coldplay","-TWflZWV6C8","platinum"
"6799","The Search Is Over","Survivor","HM3Hz1Zxrjk","platinum"
"9421","The Search Is Over","Rachelle Ann Go","rtQHoLAQ23c","platinum"
"9752","The Search Is Over","Jed Madela","pLFURvFt_go","platinum"
"11321","The Seashores Of Old Mexico","George Strait","FtN34oxASPQ","platinum"
"4804","The Second Time Around","Sammy Cahn","XubAc_plRaA","platinum"
"2963","The Shadow Of Your Smile","Brenda Lee","whpkTE544GM","platinum"
"44836","The Shock Of Lightning","Oasis","H7Bsi1Org48","platinum"
"7525","The Shoop Shoop Song","Whitney Houston","vKlACRrxxxs","platinum"
"11161","The Show","Lenka","QLvobWQG2W0","platinum"
"8084","The Show","South Border","lR0dRHrT5iA","platinum"
"3616","The Show Must Go On","Queen","C2TTXCXUAaI","platinum"
"0228","The Sign","Ace Of Base","BAcdEWjtamU","platinum"
"7464","The Song Of My Soul","Carol Banawa","BwrJla6FTgI","platinum"
"3271","The Soul Cages","Sting","g5e3ajluHAI","platinum"
"2628","The Sound Of Silence","Simon & Garfunkel","IcE1Vv7dvtk","platinum"
"4807","The Star-Spangled Banner","Francis Scott Key","99wDPgSJ9Ns","platinum"
"4132","The Stranger","Billy Joel","sqez7U254kw","platinum"
"8606","The Sweet Escape","Gwen Stefani","rnFgMSQY-FM","platinum"
"0281","The Sweetest Days","Vanessa Williams","sSK0gtBC9Co","platinum"
"7985","The Sweetest Thing","U2","BQ-49twDRi4","platinum"
"4133","The Temple Of The King","Rainbow","E-bqJGcL5Rk","platinum"
"3671","The Thin Ice","Pink Floyd","VDRLg7M6Ddo","platinum"
"6800","The Things We Never Did","A1","LqvkS4VD3sQ","platinum"
"6627","The Tide Is High","Atomic Kitten","StKLbMZwShc","platinum"
"7526","The Tide Is High","Blondie","KhSwrUDOxdo","platinum"
"11464","The Time (Dirty Bit)","Black Eyed Peas","cPmbOtP1Ceg","platinum"
"4810","The Turn Of A Friendly Card","Alan Parsons Project","3OadNN5XL5c","platinum"
"4811","The Twelve Days Of Christmas","","2cjFgtgi9UQ","platinum"
"8217","The Unforgiven","Metallica","eEdd4pV9XPU","platinum"
"7860","The Voice Within","Christina Aguilera","y_S8UIxJ2Kg","platinum"
"3689","The Wanderer","Dion","7-CjUIZWXWs","platinum"
"11339","The Way I Am","Eminem","vwsuG_WPULY","platinum"
"6897","The Way I Feel","Air Supply","LU9aM3pnvRQ","platinum"
"3668","The Way It Is","Bruce Hornsby","PyD5sy4EnrQ","platinum"
"1686","The Way It Used To Be","Englebert Humperdinck","2lnFQWakxHM","platinum"
"44723","The Way That I Love You","Ashanti","zUsF2F6xxVk","platinum"
"2638","The Way We Were","Barbra Streisand","N5sUkY0_wxw","platinum"
"7861","The Way You Look At Me","Christian Bautista","F_8tslaAuIE","platinum"
"3272","The Way You Look Tonight","Frank Sinatra","KMHZ6vcufLc","platinum"
"6025","The Way You Make Me Feel","Ronan Keating","YzIKr4tB3FI","platinum"
"4814","The Ways To Love A Man","Billy Sherrill","V0vjYxvrt7E","platinum"
"0205","The Wedding","Julie Rogers","pXGpVvfStdM","platinum"
"3710","The Wind Cries Mary","Jimmy Hendrix","J6epizgdXf0","platinum"
"2785","The Winner Takes It All","Abba","FZqeU0TnNRM","platinum"
"0770","The Woman In My Life","The Commodores","iU8ZofhzVb4","platinum"
"3718","The Wonder Of You","Elvis Presley","6la2SRVaPdM","platinum"
"5659","The Wonderful Sound","Tom Jones","ZgR1aEGdEao","platinum"
"4816","The Word","The Beatles","zzjsYIGqNVQ","platinum"
"11316","The World","Brad Paisley","P-AeOAfCqIM","platinum"
"44367","The World Is Not Enough","Garbage","tlLz3pJkZMc","platinum"
"3722","The Year Of The Cat","Al Stewart","eoNQwEH629M","platinum"
"7411","The Yes Yes Show","Parokya Ni Edgar","CZSd80yDxoc","platinum"
"2782","The Young Ones","Cliff Richard","hcYXi2rwE5s","platinum"
"7674","The Zephyr Song","Red Hot Chili Peppers","tMDk3ZCQwPI","platinum"
"1632","Theme For A Dream","Cliff Richard","rIe1a1dCz1k","platinum"
"4817","Theme From New York New Yorkf","Frank Sinatra","lQy7iKiVvY4","platinum"
"4820","There Goes My Baby","","73_x7svRbzA","platinum"
"0700","There Goes My Everything","Engelbert Humperdinck","ezaWnlJB_18","platinum"
"4821","There Is A Mountain","Donovan Leitch","a4-5HPzAt04","platinum"
"7018","There Must Be An Angel","Eurythmics","ORLK6Ga5qH4","platinum"
"3664","There Must Be An Angels","Eurythmics","ORLK6Ga5qH4","platinum"
"4320","There She Goes","Sixpence None The","iWBfUT_UK-I","platinum"
"4822","There Will Never Be Another","Andy Williams","2buU2tfI1Ss","platinum"
"44413","There You Go","Pink","NBDa_D4oobg","platinum"
"8304","There You'll Be","Faith Hill","5BQ12VHhkVs","platinum"
"9583","There You'll Be","Nina","5BQ12VHhkVs","platinum"
"4823","There'll Be Sad Songs","","omDfOhx6bQQ","platinum"
"3013","There's A Kind Of Hush","Herman's Hermit","shS6-EEDWcM","platinum"
"5052","There's A Reason","Cascades","rqSqpqNOb-4","platinum"
"44512","There's Always Something There To Remind Me","Lou Johnson","r3T9-EIrXBk","platinum"
"6629","There's Your Trouble","Dixie Chicks","ve0AZdd_kq0","platinum"
"3390","These Are The Days Of Our Lives","Queen","4sE1DxFPx0c","platinum"
"3666","These Boots Are Made For Walking","Nancy Sinatra","vkl-GXuQRF8","platinum"
"8335","These Days","Bamboo","uEVuMaZHAcg","platinum"
"1696","These Dreams","Heart","lK29nhod_6Y","platinum"
"4824","These Eyes","Guess Who","nIWCZ1GFiFY","platinum"
"11275","These Hard Times","Matchbox Twenty","jd5OstbClcM","platinum"
"6318","They Call The Wind Mariah","Kingston Trio","7ukKIP-xBPY","platinum"
"11448","Thingking Of Me","Olly Murs","rgeL22BjerM","platinum"
"6898","Think I'm In Love","Paul Anka","EW6l4oJSlJ0","platinum"
"8019","Think Of Laura","Christopher Cross","sXTLHFNgUiE","platinum"
"3672","Think Of Me","Charles Hart","4REUiuYtFJs","platinum"
"3673","Think Of You","Whigfield","YMaggKgrIFA","platinum"
"4827","Think Twice","Celine Dion","5j4cWXILFZ4","platinum"
"11063","Thinking Of You","Katy Perry","mB8xUlfdDbU","platinum"
"6899","This Ain't A Love Song","Bon Jovi","1VXGV2t6keg","platinum"
"11288","This Ain't A Scene","Its An Arms Race","Fall Out Boy",""
"6353","This Boy","The Beatles","kle6FsWw0k8","platinum"
"4828","This Could Be The Night","Paul Dean","-xt8k4iNpXo","platinum"
"7527","This Girl Has Turned Into A Woman","Mary Macgregor","MvSuue5BSaY","platinum"
"6630","This Guy's In Love With You Pare","Parokya Ni Edgar","hUDuhL-OznM","platinum"
"5806","This I Promise You","N Sync","ajFbJTdlZrU","platinum"
"44527","This I Swear","Sam Milby","JEwS1fb-o4M","platinum"
"11012","This Is It","Michael Jackson","HlkWzI958JQ","platinum"
"44601","This Is Life","Amy Mcdonald","Xw6VRm6poh8","platinum"
"9464","This Is Me","Julianne and Miquel","WkuEZNi17pw","platinum"
"9654","This Is Me","Demi Lovato","e1Uv3rBykpg","platinum"
"4137","This Is My Night","Chaka Khan","Xasjo97YdLU","platinum"
"5661","This Is My Song","Engelbert Humperdinck","5rFE630N-K0","platinum"
"6027","This Is Our Song","Code Red","3deY3Ix83XY","platinum"
"7837","This Is The Moment","Erik Santos","racBPI60d0M","platinum"
"4829","This Is The Right Time","Lisa Stansfield","h6_9FQPRSLk","platinum"
"11816","This Is What Rock N Roll Looks Like","Porcelain Black","9U-kURJXUAk","platinum"
"44473","This Is Where I Came In","Bee Gees","rIYzvlnGRZI","platinum"
"11258","This Is Why Im Hot","Mims","Ai7LnsR82ic","platinum"
"11405","This Kind Of Silence","Typecast","Rx2bMSb0NrM","platinum"
"7311","This Kiss","Faith Hill","RtHskvp4ysU","platinum"
"44444","This Land Is Your Land","Traditional","2KvyjqJj8Mw","platinum"
"0361","This Little Bird","Marianne Faithfull","6ESHXCMRYZc","platinum"
"7857","This Love","Maroon 5","BXvaGeVKNIw","platinum"
"2639","This Masquerade","Leon Russell","gRrYnDzIFCM","platinum"
"0524","This Old Man","Traditional","A6BImZKyuBA","platinum"
"4248","This One's For You","Barry Manilow","7gzbCNtFJ9s","platinum"
"5865","This Time","Freestyle","rUgZw-NNBpA","platinum"
"7528","This Time I Know Is Forever","Howard Houston","OvVfyOO9I2U","platinum"
"8502","This Time I'll Be Sweeter","Angela Bofill","Kylmp3aQHEA","platinum"
"0693","This Time It's Forever","Eric Brown","3G941rgwXLU","platinum"
"5803","This Used To Be My Playground","Madonna","_rPPIhexdZk","platinum"
"8858","Thnks Fr Th Mmrs","Fall Out Boy","x52q2H9LTT8","platinum"
"44296","Thoia Thoing","R Kelly","ZW36YD0Jjs0","platinum"
"2721","Those Were The Days","Mary Hopkins","G_xH9Uk3ziQ","platinum"
"1314","Three Blind Mice","Traditional","uiifAJESF-0","platinum"
"7919","Three Coins In A Fountain","Frank Sinatra","OoRRMXrxRH4","platinum"
"9934","Three Lions (Football's Coming Home)","Lightning Seeds","V7i-Zw_IZyY","platinum"
"3275","Three Little Birds","Bob Marley","zmj7tGv4ECI","platinum"
"4831","Three Little Pigs","Traditional","pvxffdzwTPE","platinum"
"6801","Three Ring Circus","Blue Magic","uKYKyIlxG-g","platinum"
"0379","Three Times A Lady","Lionel Richie","1JyODhMa5eE","platinum"
"7048","Thriller","Michael Jackson","fztTUhjdJLQ","platinum"
"5384","Through It All","Andre Crouch","JykVToAMOg0","platinum"
"8876","Through The Barricades","Spandau Ballet","VTWqeVTgDe4","platinum"
"6900","Through The Rain","Mariah Carey","4UiMEHMH9xA","platinum"
"1712","Through The Years","Kenny Rogers","8sejFUfH_eE","platinum"
"11311","Throw Some DS","Rich Boy","KolKSrhRyj0","platinum"
"0721","Thru The Fire","Chaka Khan","a3ohzsRWWIQ","platinum"
"5774","Thumpthumping","Chumbawamba","CypKX2yHpLg","platinum"
"5761","Thy Word","A.Smith","z-OewqpoUx4","platinum"
"1266","Ti Ayat Ti'maysa","Ilocano Folk Song","FBOC3o5OcZ4","platinum"
"6631","Ti Li Shi Chyen","F4","kzCBiBhBCLo","platinum"
"5746","Tibok Ng Puso","Willie Garte","izz1jd1uOno","platinum"
"3659","Ticket To Ride","The Beatles","7Ril_PCgjtw","platinum"
"11301","Ticks","Brad Paisley","OJhXRC92-do","platinum"
"0007","Tie A Yellow Ribbon Round The Old Oak Tree","Tony Orlando","SFl808SyhCE","platinum"
"5379","Tien Mee Mee","Chinese Traditional","tc2tW0jFHPo","platinum"
"4833","Tiger Feet","Chapman","zSmNwAxCMlE","platinum"
"9587","Tikman","Sugarfree","ugJQbPDHtAI","platinum"
"11175","Tik-Tok","Keisha","SY37clW29Os","platinum"
"11533","Tila","General Luna","soDKuda5zyE","platinum"
"6955","Tila","Lani Misalucha","_Z_yy1RZZmI","platinum"
"0363","Till","Tom Jones","dAUeuSFc9lY","platinum"
"0588","Till Death Do Us Part","White Lion","_8ODBL8mW3k","platinum"
"7858","Till I Found You","Freestyle","7_jsoIjxL3s","platinum"
"11676","Till I Hear It From You","Gin Blossoms","aNbgFRx-odU","platinum"
"6856","Till I Loved You","Barbara Streisand","0-JYkIaxAOE","platinum"
"1679","Till I Met You","Joey Albert","EO2SAybAzcU","platinum"
"0746","Till My Heartaches End","Ella Mae Saison","274oIUNfFGc","platinum"
"11562","Till The World Ends","Britney Spears","f4huThvJgI4","platinum"
"6632","Till There Was You","Piolo Pascual","vQ1C4OeVsHk","platinum"
"7055","Till There Was You (Live)","The Beatles","68EjBKFNt20","platinum"
"7019","Till There Was You (Unplugged)","Piolo Pascual","vQ1C4OeVsHk","platinum"
"0028","Till They Take My Heart Away","Claire Marlow","IKP-tzB5-to","platinum"
"1528","Time","Alan Parsons Project","sOwMu58TnTc","platinum"
"0723","Time & Chance","Color Me Badd","yy52cxHZQh4","platinum"
"11783","Time After Time","Cindy Lauper","zmrme4ulxIY","platinum"
"6354","Time And Motion","Rush","eqevGGQ3xRk","platinum"
"9818","Time And Tide","Basia","L9lFNY30jAM","platinum"
"6355","Time For Me To Fly","Reo Speedwagon","HJuCBGmjEIw","platinum"
"8798","Time In","Yeng Constantino","Juazpqyc_ac","platinum"
"0404","Time In A Bottle","Jim Croce","AsDZUL0OMmQ","platinum"
"11406","Time Machine","Nyoy Volante","nd5vD3tLqKY","platinum"
"9454","Time Of My Life","David Cook","imnrnVZcVDI","platinum"
"0452","Time Of The Season","Zombies","I51XHpQmtuc","platinum"
"4834","Time Stand Still","Rush","vUrJayiCKj8","platinum"
"9857","Time To Say Goodbye","Nina","5_vAtDfEUas","platinum"
"3674","Time Warp","Artist","5eaCYrbEWlA","platinum"
"7094","Time Will Reveal","El Debarge","y59qqTn4fQM","platinum"
"0960","Times Of Your Life","Paul Anka","wcUoOaBuYJI","platinum"
"8934","Tindahan Ni Aling Nena","Eraserheads","y3GxjXfe-O8","platinum"
"1215","Tingin","Timmy Cruz","44kW0izZNZM","platinum"
"5216","Tingnan Mo Ang Ginawa Mo","Fourmula","7iUHsauubtU","platinum"
"5747","Tingnan Mo Naman Ako","Jolina Magdangal","TD6GqXStEGU","platinum"
"9218","Tinig","Join The Club","VJ5rSPPwpi0","platinum"
"6505","Tinig Ko'y Pakinggan Mo","Idan Cortez","ms3hNrBdgMQ","platinum"
"7859","Tinitiis Ko","Noel Cabangon","qDOQ_0VgGrM","platinum"
"1328","Tiny Bubbles","Various Artists","X6GyMkihCC8","platinum"
"11804","Tired","Adele","bh-PIDNPQp0","platinum"
"7756","Tita Nanay","Virgie Miranda","vWfBwbCFDCI","platinum"
"8138","Titigas Lalambot","Masculados","yQPYkhyzUhs","platinum"
"11789","Titser's Enemy No. 1","Juan Dela Cruz Band","_3bTQdFn77Y","platinum"
"2744","To All The Girls I've Loved Before","Julio Iglesias","Z1CRMYqb23s","platinum"
"1682","To Be With You","Mr. Big","mM3GJXktVVw","platinum"
"3279","To Know You Is To Love You","Bobby Vinton","DFe0256g9RQ","platinum"
"44847","To Lose My Life","White Lies","_yC0bc8vGYg","platinum"
"44877","To Love Again","Alesha Dixon","z2JVKJlKpQg","platinum"
"6802","To Love Again","Sharon Cuneta","7t0eseVMj8w","platinum"
"2829","To Love Somebody","Bee Gees & Michael","pamtZb6qFy8","platinum"
"6634","To Love You More","Celine Dion","WPQ-wl8EL8I","platinum"
"6029","To Reach You","Regine Velasquez","SJljQ-_AlxE","platinum"
"3014","To Sir With Love","Lulu","YLA1XmVAS-M","platinum"
"5419","To The Moon And Back","Savage Garden","QecN52B-wJM","platinum"
"7666","To Where You Are","Josh Groban","DuQZlakYjBQ","platinum"
"0207","To You","Leslie Chung","PFtTiJxBK-A","platinum"
"2641","Today","Jimmy Rogers","tnNyxiKStCc","platinum"
"11434","Today I'll See The Sun","Frencheska Farr","Nwb4GQKmQUw","platinum"
"11694","Today My Life Begins","Bruno Mars","SUEBNGsci3Y","platinum"
"1996","Todo Todo Todo","Daniela Romo","bYi5EKd_O9w","platinum"
"7800","Together","Glay","uWSRWReA78I","platinum"
"8292","Together","Avril Lavigne","wxM5FDxk23E","platinum"
"2932","Together Again","Buck Owens","lcnMmXv5OiQ","platinum"
"4377","Together Again","Janet Jackson","quuye0jDAU0","platinum"
"5280","Together Again","Eddie Peregrina","hpC0iePBbJ4","platinum"
"4835","Together Forever","Rick Astley","aSJlquUtnd0","platinum"
"6356","Together In Electric Dreams","Human League","r1Fnx6AdVpk","platinum"
"8452","Toll Gate","Hale","rY1AA0DtzT8","platinum"
"7965","Tom Dooley","Kingston Trio","h-8xiqc8B8U","platinum"
"8986","Tomboy","","",""
"zoLKtkKbBTA","platinum","","",""
"8011","Tong Song","Sexbomb Girls","i6_HiguIq-E","platinum"
"3280","Tonight","Alex E.","egposWCAEns","platinum"
"6688","Tonight","Rod Stewart","DOBpTZybikc","platinum"
"9903","Tonight","FM Static","bhqVV01zz28","platinum"
"0364","Tonight I Celebrate My Love","Peabo Bryson &","zNsEhviSYUY","platinum"
"5019","Tonight I Climbed The Wall","Alan Jackson","emPI-exjcBg","platinum"
"11080","Tonight I Wanna Cry","Keith Urban","AZ06KB8o6DU","platinum"
"11556","Tonight I'm Loving You","Enrique Iglesias Ft","FuVWi76sMMw","platinum"
"44755","Too Cool","Meaghan Martin","PubMRNXqUD8","platinum"
"8200","Too Crazy","South Border","-cHKXKO1BtY","platinum"
"6636","Too Late Too Soon","John Secada","dKDEbEjlKCk","platinum"
"4333","Too Many Walls","Cathy Dennis","iDHTeDKFTMQ","platinum"
"1683","Too Much","Elvis Presley","VfErFNbiFRA","platinum"
"4356","Too Much","Spice Girls","iVsNGpqCt54","platinum"
"2743","Too Much Heaven","Bee Gees","21SLE60O9Kk","platinum"
"0568","Too Much Love Will Kill You","Brian May","ZJ85zT1Zul0","platinum"
"2642","Too Young","Donny Osmond","C27BOKcne5o","platinum"
"2686","Top Of The World","Carpenters","tY8o1TD_frk","platinum"
"5526","Torete","Moonstar 88","GNvoF7v4Ipg","platinum"
"2294","Tormento","Javier Solis","Jq1QJyxQatw","platinum"
"3281","Torn","Natalie Imbruglia","7rmxIEjMNX0","platinum"
"2825","Torn Between Two Lovers","Mary Macgregor","erGf0TgP4Ho","platinum"
"9557","Torpe","Kontagious","LBR9qOskpN0","platinum"
"11202","Torpedo","Eraserheads","8eNw5sCf-f4","platinum"
"9265","Torpedo","Gloc 9 feat. JP Cuison of","inNXxtjMOSA","platinum"
"11036","Torres","Mayonnaise","Lr00o_KVaq0","platinum"
"2237","Total","Jose Maria Gomez","1H4PDjwqtb4","platinum"
"3410","Total Eclipse Of The Heart","Bonnie Tyler","-dLeErrD9Oo","platinum"
"8009","Totoy Bibo","Vhong Navarro","zF0fItihuAo","platinum"
"2665","Touch By Touch","Joy","Ee7cb8alwy8","platinum"
"1713","Touch Me In The Morning","Diana Ross","kSk0DGk82Tw","platinum"
"9352","Touch My Body","Mariah Carey","yDQOAqnx0fo","platinum"
"9793","Touch My Hand","David Archuleta","i0KyOMxIqUE","platinum"
"11719","Touch The Sky","Franco","tbDV6DN6x7s","platinum"
"11252","Tough","Craig Morgan","ATL62iO4As8","platinum"
"7667","Toxic","Britney Spears","prgoLEZTit0","platinum"
"8766","Toy Karayo","Ilocano Song","AY0ok9SuNRQ","platinum"
"1412","Toyang","Eraserheads","ebQMmao5tjw","platinum"
"4836","Traces","Johnny Mathis","ioACQutOBoE","platinum"
"8174","Trackin'","Joe Crawford","-A9Xp_QW7fY","platinum"
"4837","Tragedy","Bee Gees","QFmZKUnOVSI","platinum"
"6992","Tragedy","Steps","vugQ4EJZEK8","platinum"
"3282","Travelin' Band","Ccr","Z4s2kcaiT8I","platinum"
"6357","Travelin' Man","Ricky Nelson","2KBzunWvMuA","platinum"
"2975","Treat Her Like A Lady","Cornelio Bros & Rose","dQjkmjzLz0g","platinum"
"5536","Trip","Parokya Ni Edgar","DB41B2hTZn8","platinum"
"8455","Trip","6 Cycle Mind","n14CdcBlqI8","platinum"
"5663","Trip Mo Ba?","Freshmen","bVsIxk_5UhA","platinum"
"4839","Triste","Tom Jobim","wOrvYYFOJkQ","platinum"
"11546","Tropa","Siakol","Am1sBwNn8uA","platinum"
"11348","Trouble Is A Friend","Lenka","AFgxbRhGi3k","platinum"
"6359","Truckin'","Grateful Dead","qq-XxuGZTzU","platinum"
"0764","True","Spandau Ballet","9b9wK_V98N4","platinum"
"8115","True","Ryan Cabrera","IphMGOOqRyk","platinum"
"44155","True Blue","Madonna","iIPh1cfY-Pc","platinum"
"4840","True Colors","Phil Collins","dAHeDMVLwn0","platinum"
"8169","True Love","All About Eve","N703LM24vS4","platinum"
"0262","True Love Ways","Buddy Holly","68tTdOqrgPU","platinum"
"11500","True Romance","Regine Velasquez","CXlyNkJiCdM","platinum"
"0247","Truly","Lionel Richie","jXveNm55i_w","platinum"
"4355","Truly Madly Deeply","Savage Garden","DDMdkRDZVmI","platinum"
"4841","Trust In Me","Francesca Beghe","Jm-JODiGaYQ","platinum"
"8458","Truth","Bamboo","vTnX7LBMx_U","platinum"
"3675","Try A Little Kindness","Glen Campbell","_jVT_V1b15E","platinum"
"3654","Try A Little Tenderness","Kiss","NHXmWH-zF24","platinum"
"8170","Try Again","Aaliyah","U3olOA88Zs0","platinum"
"11441","Try Sleeping With A Broken Heart","Alicia Keys","HA3zIAT9scY","platinum"
"11043","Try To Follow Me","2NE1","QP2Liqs2lfg","platinum"
"2709","Try To Remember","Andy Williams","O3TnSInEm5A","platinum"
"0961","Trying To Get The..","Barry Manilow","vnuxdXVy8_w","platinum"
"44637","Trying To Stop Your Leaving","Dierks Bentley","AwFmzhaiWwM","platinum"
"8090","Tsaka Na Lang","Parokya Ni Edgar","3MWEPnptKHI","platinum"
"44855","T-Shirt","Shontelle","04kAiVXTjWQ","platinum"
"9388","Tsobols-25","Greenpeace","FNgfiyly2Ag","platinum"
"4843","Tug Of War","Paul Mccartney","CUhzdnDv_5o","platinum"
"1794","Tugon Sa King Dasal","Lyod Umali","K8_aVoUV7VY","platinum"
"11246","Tukso","Eva Eugenio","9UzMLtLY8CE","platinum"
"8622","Tulak Ng Bibig","Julianne","tNBkoHAs3j4","platinum"
"1414","Tulak Ng Bibig Kabig Ng Dibdib","Jolina Magdangal","Ohsvn_aSHAI","platinum"
"0531","Tulak Ng Bibig-Kabig Ng Dibdib","Cinderella","bLqEuOMGrUI","platinum"
"9647","Tuldok","Asin","b_3swD3vAlw","platinum"
"8594","Tuliro","Spongecola","NWe84SMmEqk","platinum"
"9002","Tulo Seven Hundred","Kabobo","YaxFJBdIxIk","platinum"
"8386","Tulog Na","Sugarfree","-E1lzCytLUY","platinum"
"6518","Tulog Na Baby","Sex Bomb Girls","XjlBmKJjlts","platinum"
"0495","Tuloy Pa Rin","Randy Santiago","Tiq8J7JEVBY","platinum"
"8380","Tuloy Pa Rin","Neo Colours","E1ljQmmLx0Q","platinum"
"9018","Tuloy Pa Rin","Spongecola","Q-clvPDfXN8","platinum"
"8333","Tuloy Pa Rin Ang Awit","Jolina Magdangal","O9EMviqIk80","platinum"
"9753","Tumatakbo","Mojofly","DdwkDvkBTEM","platinum"
"1293","Tumibok Kasi","Rachel Alejandro","yOLeFr9E1mw","platinum"
"7138","Tunay","Miles","YFjb1sfVl2w","platinum"
"8767","Tunay","Visayan Song","CMG3Gzp3vrg","platinum"
"0114","Tunay Na Ligaya","Ariel Rivera","C8jvm3WlnQ8","platinum"
"5020","Tunay Na Mahal","Lani Misalucha","goivWp1ZMmg","platinum"
"6030","Tunay Na Pag-Ibig","April Boys","MUsKcXgjcw0","platinum"
"5867","Tunay Na Tunay","","vowNp8mWovQ","platinum"
"6763","Tunay Na Tunay","Tootsie Guevarra","vowNp8mWovQ","platinum"
"4844","Turkey In The Straw","Traditional","ph0plm8is9Y","platinum"
"8130","Turn","Mojo Fly","3gvv2UU2tgo","platinum"
"4291","Turn Back Time","Aqua","rSNkCZDiLRE","platinum"
"44583","Turn Off The Lights","Nelly Furtado","jAaLUsy7V-A","platinum"
"6360","Turn On The Night","Kiss","IjLa72ZqVmw","platinum"
"6361","Turn The Page","Bob Seeger","p3nDt0_iTmI","platinum"
"0209","Turn","Turn","Turn","The Byrds"
"0986","Turning Japanese","The Vapors","CaF8RK65CIM","platinum"
"9439","Turning My Safety Off","Sino Sikat","uFATyky5iGo","platinum"
"44687","Turpentine","Brandi Carlile","qhezDrjJoDI","platinum"
"0451","Tutti Frutti","Little Richard","8aw3P2FgqFQ","platinum"
"5868","Tutulungan Kita","Imelda Papin","WR-M7DdjBEY","platinum"
"5281","Tuwing Umuulan","Regine Velasquez","zUdVXwvEMuM","platinum"
"1194","Tuyo Nang Damdamin","Apo","2zlRPqMGU50","platinum"
"8907","Tuyo Nang Damdamin","Silent Sanctuary","hZKkB2oVmLY","platinum"
"6362","Twelfth Of Century","Johnny Mathis","Biqq-zeNCn4","platinum"
"3676","Twenty-One","Cranberries","ZToDdR47szM","platinum"
"9727","Twice Broken","Jessa Zaragoza","JsI0rocx6n4","platinum"
"1415","Twilight Time","A. Dunn/ The Platters","nIqKihoZclY","platinum"
"8338","Twin Hearts","Sarah Geronimo","1quiHn_QC3s","platinum"
"1416","Twinkle Little Star","Various","6ck09ohxGJQ","platinum"
"4145","Twist And Shout","The Beatles","GLm3ZryQxYg","platinum"
"4845","Twist Of Fate","Stephen A. Kipner","Opod2sGOMy4","platinum"
"11152","Two Is Better Than One","Boys Like Girls Ft","2h60KkVm3HA","platinum"
"8508","Two Less Lonely People In The World","Air Supply","tYPAxX8fdzQ","platinum"
"3678","Two Out Of Three Ain't Bad","Meatloaf","CegJz2S1t0Y","platinum"
"3301","Two Princess","Spin Doctors","uSEbaubLukE","platinum"
"0701","Two Steps Behind","Def Leppard","6Be8Uvdc1A8","platinum"
"9923","Two Tribes","Frankie Goes To","HfWwoTP8XhI","platinum"
"9105","Ty 4 Ur Luv","Dimsum","8EknUM3RFpI","platinum"
"8768","Type Na Type Kita","Ilocano Song","nJ4tfjhSHb8","platinum"
"11081","U & Ur Hand","Pink","1Vh5F-3EZSE","platinum"
"44536","U Remind Me","Usher","9e3Ta3R5Z4o","platinum"
"7533","Ubos Na Ang Pasensya","Ogie N Salbakuta","H9922ylrFTo","platinum"
"11598","Ugly","2ne1","FUdTdFxxkzI","platinum"
"8303","Ugly","Sugababes","slaL9O0wtWQ","platinum"
"8769","Uha","Visayan Song","D3l9L7iCyPY","platinum"
"1094","Uhaw","Eva Eugenio","8mFbVGIgygI","platinum"
"7139","Uhhya Uhhya","Masculados","RKU_xjn6Dmk","platinum"
"8522","Ulam","Michael V.","lkOFxdAb9_M","platinum"
"3751","Ulan","Rivermaya","1_BIp7uvLsQ","platinum"
"8350","Ulan","Cueshe","aLF6DlxMr4g","platinum"
"11178","Ulap","Hale","Y6urzetQxLY","platinum"
"9019","Ulaw-Ulaw","Assembly Language","GHf0BA4vdeY","platinum"
"9020","Ulingling","Sexbomb Girls","zPLBZ_Oi_tE","platinum"
"44818","Ulyssess","Franz Ferdinand","7YfaR42JXd8","platinum"
"8398","Umaambisyon","Yasmien Kurdi","wg5s7X04WZk","platinum"
"6033","Umaaraw","Umuulan","Rivermaya",""
"8552","Umaasa","6 Cycle Mind","9OIhW0yM0ZE","platinum"
"8939","Umaasa Lang Sa 'Yo","Six Part Invention","fWk0sn9tYEA","platinum"
"1796","Umaasa Pa Rin","Lloyd Umali","UDtpZ9vG0Zo","platinum"
"3285","Umasa Ka","April Boy Regino","qcfS8jHFWeI","platinum"
"11361","Umbrella","The Baseballs","SjRmvJWL3_I","platinum"
"8779","Umbrella","Rihanna Ft. Jayzee","sLkaNT0y7C4","platinum"
"8893","Umibig Muli","Janno Gibbs","d_n4jXQQR4U","platinum"
"1097","Umiibig Ako","John Melo","nLIF3VqsokI","platinum"
"1233","Umiibig Ka Pala Sa Akin","Cristina Paner","mpBgy7ghI1c","platinum"
"7645","Umiibig Na","Ann Jomeo","SMb3mG5DM2o","platinum"
"1096","Umiibig Nga Ba Ang..","Boysboyz","FgZv0pYyIcs","platinum"
"0095","Umiiyak Ang Puso","April Boy Regino","Yc0_NKnjqJA","platinum"
"9490","Una Kang Naging Akin","Ram Chavez","doW2RwZmFls","platinum"
"1165","Unang Halik","Anthony Castello","5jcirRTbHm4","platinum"
"5328","Unang Pag-Ibig","Yolly Samson","a0N77gwHnsQ","platinum"
"8974","Unang Pasko","Willie Revillame","7gOLdJG_yy0","platinum"
"11030","Unang Tikim","Kamikazee","OxPVt4GAYds","platinum"
"7047","Unbreak My Heart","Toni Braxton","2BBlwzLws6E","platinum"
"6519","Unbreakable","Westlife","ff-GqKZpM4o","platinum"
"2826","Unchain My Heart","Joe Cocker","wq56Co2IcJ8","platinum"
"2643","Unchained Melody","Righteous Brothers","dqIzep89HBw","platinum"
"3681","Under Pressure","Queen","kFD2IRBG35c","platinum"
"9278","Under Repair","Imago","idfAMYYm1mc","platinum"
"3658","Under The Boardwalk","Bette Midler","ptT_QoeuwQc","platinum"
"3682","Under The Bridge","Red Hot Chili Pepper","-0eMBII6JC0","platinum"
"3680","Under The Sea","Sebastian","vyFUteFMrro","platinum"
"2926","Under Your Spell Again","Buck Owens","mnfMDhtXe1c","platinum"
"4849","Underground","Colin Hay","6xXH02X9-Ck","platinum"
"6637","Underneath Your Clothes","Shakira","0ih6b17zRM0","platinum"
"8469","Unfaithful","Rihanna","bhUe11gw23I","platinum"
"0449","Unforgettable","Natalie Cole","yLHFmK3dO-s","platinum"
"5748","Uninvited","Alanis Morissette","BwToJyvj0vU","platinum"
"4850","Union Of The Snake","Bates","HmMvcSCZD5U","platinum"
"44439","Unpretty","TLC","dZjMTLAjG_0","platinum"
"8987","Unsa Ning Tamaa","Jimmy Cycle","pDygt0_0JZA","platinum"
"9361","Unsaid","Lala ft. Christian","va6VWMHL8IM","platinum"
"8770","Unsay Nahimo Ko","Visayan Song","z4C_gUcSn40","platinum"
"11517","Unspoken","Hurts","V2RWPWVvx44","platinum"
"8736","Unta Masayod Ka","Visayan Song","kwF1X3vCsHQ","platinum"
"8110","Until I Fall Inlove Again","David Pomeranz","8-HljXkax-k","platinum"
"44722","Until The End Of Time","Justin Timberlake &","L40snUjbKcY","platinum"
"9629","Until Then","Gary Valenciano","-pxAcD_1Ssc","platinum"
"8175","Untitled","Simple Plan","6wSvak7mM4w","platinum"
"44850","Unusual You","Britney Spears","pa7meRZg5eE","platinum"
"6902","Unwell","Matchbox 20","fXzWKU5oa9g","platinum"
"44600","Unwritten","Natasha Bedingfield","ouyWpUyaY5k","platinum"
"6903","Up","Shania Twain","4kMCTHkEO-g","platinum"
"3286","Up Around The Bend","J.C. Fogerty","yQKw8d9CrUg","platinum"
"6765","Up Up And Away","5th Dimension","06B-1GcJ0lw","platinum"
"9998","Up Up Down Down","Krissy And Ericka","nzpCWQYJa7g","platinum"
"0921","Up Where We Belong","Joe Cocker","HF_PF5kPTn4","platinum"
"6766","Upakan","Tito Vic & Joey","tNyRsoqVFzk","platinum"
"44865","Uprising","Muse","hsHRb-k5riw","platinum"
"11082","Upside Down","Jack Johnson","f1c71ywmcFY","platinum"
"6904","Upside Down","Diana Ross","8ofCuFQPpMA","platinum"
"8587","Upside Down","2 Minds Crack","s2OaTB8_GRQ","platinum"
"4851","Uptown","The Crystals","cjog-_oVC1s","platinum"
"0835","Uptown Girl","Billy Joel","xrYUNv_qRVg","platinum"
"9906","Upuan","Gloc 9 Feat. Jeazell","f5JTWF-LQf8","platinum"
"0542","Urong-Sulong","Regine Velasquez","kh5W1aD0l4o","platinum"
"8771","Usa Ka Lang Sa Gugma Ko","Visayan Song","v_G3ajKx0E4","platinum"
"0112","Usahay","","twGVX_zJsiE","platinum"
"6638","Usapan","Aegis","ba9Ro9baA0o","platinum"
"9649","Use Somebody","Kings Of Leon","eDJvl8J0j-0","platinum"
"11247","Usok","Asin","iqUdOY75tEk","platinum"
"0632","Usted","Luis Miguel","rLK0FGFdlX0","platinum"
"8772","Utang Lipay","Bayad Dugay","Milyo Naryo",""
"6506","Utos Ng Puso","Justine Draper","keW8Bb_AcIo","platinum"
"8866","Vacation","Connie Francis","XINezEucuws","platinum"
"9556","Vaklushii","Sexbomb Girls","Vn7Pq9VAz_w","platinum"
"0344","Valentine","Martina Mcbride","h7BlkA7OAOc","platinum"
"9967","Valerie","The Zutons","58XFFD3PCbo","platinum"
"3287","Ventura Highway","America","7L9ROTo1wl8","platinum"
"2681","Venus","Bananarama","pIIVI5GEcVs","platinum"
"5021","Veronica","Elvis Costello","DaWu_7L2bAk","platinum"
"8921","V-Hire","Bisrock","6KA89jXSgX8","platinum"
"6640","Victims Of Love","Joe Lamont","Dew9g8fTd6I","platinum"
"3683","Video Killed Radio Star","Buggles","iqGrcYGgdAo","platinum"
"4153","Vincent","Don Mclean","cuIUns_KHjE","platinum"
"44672","Violet Hill","Coldplay","Aa2l_ii_gkg","platinum"
"8091","Virtual Insanity","Jamiroquai","dYEC_x4pTEQ","platinum"
"0987","Vision Of Love","Mariah Carey","W5uG9g9q_Xo","platinum"
"6641","Visions Of A Sunset","Shawn Stockman","vKMxEHAYMKc","platinum"
"4361","Viva Forever","Spice Girls","cQCb9gdCSgA","platinum"
"9981","Viva La Vida","Coldplay","VQxLvR_P75o","platinum"
"0834","Viva Las Vegas","Elvis Presley","GaSjv2ICeqc","platinum"
"3684","Vogue","Madonna","DI5QsCFHFrw","platinum"
"4858","Volare","Domenico Modugno","HZR9mIX-VPI","platinum"
"5668","Voltes 5 (Japanese)","Voltes 5","vAKOq2rvu48","platinum"
"5669","Voltes 5 (Tagalog)","Voltes 5","OC94IpbbdoI","platinum"
"4154","Voulez Vous","Abba","YM1t61FU_d0","platinum"
"6369","Vulnerable","Roxette","3wYX3kfFcko","platinum"
"8773","Wa Mo Ba Ang Diay Hisabti","Visayan Song","tLR15zSrN0c","platinum"
"6854","Wag Ka Lang Mawawala","Ogie Alcasid","C_QgTbparPc","platinum"
"7441","Wag Ka Nang Lalayo","Aiza Seguerra","BqTvbhRMEVc","platinum"
"8905","Wag Ka Ng Umiyak","Sugarfree","7tGqrJGF0KU","platinum"
"11027","Wag Kang Magtatanong","Yeng Constantino","CkrJnxCq1N0","platinum"
"3151","Wag Kang Malungkot Kaibigan","April Boy Regino","BTlPCmPR5xo","platinum"
"9357","Wag Kang Matakot","Shamrock","ZvcAXDPmwis","platinum"
"5220","Wag Mo Na Sana","Parokya Ni Edgar","V8YjcyLXI5U","platinum"
"6034","Wag Mo Na Sanang Isipin","Gary Valenciano","SZPp0w4Kfdw","platinum"
"8888","Wag Mong Iwan Ang Aking Puso","Yeng Constantino","GuMWKDYdK_U","platinum"
"5022","Wag Mong Pigilin","Willie Revillame","GBzOtIVzElU","platinum"
"11525","Wag Na","Yeng Constantino","qdlDvbTXsl0","platinum"
"6035","Wag Na Init Ullo Baby","Rivermaya","_ciw7VaKfac","platinum"
"8178","Wag Na Wag","Michael V.","97_slqUxkpQ","platinum"
"11809","Wag Na Wag Mo Akong Iwanan Mag Isa","Angeline Quinto","4SN16aGRarI","platinum"
"8098","Wag Na Wag Mong Sasabihin","Kitchie Nadal","bgvUTnfZav4","platinum"
"6768","Wagas","Maricel","-F1B2Vs9w5M","platinum"
"11708","Wait","David Archuleta","YOBCp4X7oi0","platinum"
"11066","Wait A Minute","Pussycat Dolls Feat","mciTTFKJvMc","platinum"
"11268","Wait For Me","Bob Seger","wChX65SoQzA","platinum"
"4946","Wait For Me","J Brothers","oCz2e48avLM","platinum"
"9806","Wait For You","Kyla","fIFlRn1rcXY","platinum"
"8451","Wait Forever","Gary Valenciano","ONXhUJf-Bjg","platinum"
"1669","Wait Till You See","Neil Sedaka","idMPBPBFO5c","platinum"
"11407","Waiter","Eevee","-fQ9L1FJg2Y","platinum"
"9313","Waitin'","Lala","5gRlLf93MUk","platinum"
"4155","Waiting For A Girl Like You","Foreigner","umsfEMINMPM","platinum"
"11370","Waiting For The End","Linkin' Park","deAmx_lhr50","platinum"
"4349","Waiting For Tonight","Jennifer Lopez","43lNdV6xZH4","platinum"
"4156","Waiting For You","Roselle Nava","MUO92hH-iro","platinum"
"9287","Waiting For Your Love","Stevie B.","LReGw4kwbmA","platinum"
"5221","Waiting In Vain","Bob Marley","WTdkf40IgQE","platinum"
"8382","Waiting In Vain","Bamboo","dE4U371Tffc","platinum"
"8842","Waiting On The World To Change","John Mayer","N0-9PO5EGNI","platinum"
"11633","Waiting Outside The Lines","Greyson Chance","NH-HprOBjQA","platinum"
"11174","Waka Waka","Shakira","DHXrbMX7fPw","platinum"
"0296","Wakas","Kuh Ledesma","FJ71TNmDA8U","platinum"
"11430","Wake Me Up Before You Go-Go","Wham","rGyX_pchRuA","platinum"
"8300","Wake Me Up When September Ends","Greenday","PE9rE3E-fGo","platinum"
"8363","Wake Up","Hillary Duff","LWGSnkVDkMY","platinum"
"8880","Wake Up Call","Maroon 5","9_m0ZXnyoqY","platinum"
"0447","Wake Up Little Suzie","Everly Brothers","0iBLe_r8HpI","platinum"
"44852","Waking Up In Vegas","Katy Perry","eDUiYL6Mr54","platinum"
"9797","Wala","Kamikazee","EB0EWfZqH4M","platinum"
"11005","Wala Kang Katulad","Spongecola","acPJDYCxMRs","platinum"
"9728","Wala Kang Katulad","Ariel Rivera","SaaZrNYMmqM","platinum"
"0135","Wala Na Bang Pag-Ibig","Jaya","mdTSen6ZRAo","platinum"
"11542","Wala Na Tayo","Bbs Feat. Kean","wsqqN8CPcv4","platinum"
"1227","Wala Nang Hahanapin Pa","Apo","M7kV7WipSnU","platinum"
"8988","Wala Ng Iba","Bloomfields","2vPzVGibSC0","platinum"
"8774","Walang Angay","Visayan Song","30H2F953vNo","platinum"
"7731","Walang Biro Yan","Patti S.","mRI0T8g9DxY","platinum"
"1100","Walang Dangal","Eva Eugenio","m7_VmAdXNSw","platinum"
"9282","Walang Daya","Joey De Leon","r_ieP_sAEtA","platinum"
"11555","Walang Hanggan","Yeng Constantino","rd23Er04zYw","platinum"
"6642","Walang Hanggan","Ella May Saison","fF3WelNKaWY","platinum"
"8787","Walang Iba","Ronnie Liang","mklfmQFxeg8","platinum"
"9761","Walang Iwanan","6 Cydeminds","i7HLPa-f2-k","platinum"
"8860","Walang Kadala-Dala","Janno Gibbs","tCO7DBHd_Pw","platinum"
"8889","Walang Kadala-Dala","Sandwich","Wa3Zgqfqf54","platinum"
"0297","Walang Kaliwaan","Christy Mendoza","eaxNrvvTRgY","platinum"
"0484","Walang Kapalit","Rey Valera","D3lFz_giJ4s","platinum"
"1280","Walang Kapantay","Carmen Soriano","k5pWrUV4nZM","platinum"
"5869","Walang Kasing Tamis","Mike Hanopol","CaeR9hR9g3Y","platinum"
"8940","Walang Misteryo","Imago","pPsTIJnje1w","platinum"
"11482","Walang Natira","Gloc 9 ft Sheng","QKbjxgd6qOE","platinum"
"9729","Walang Pangarap Kundi Siya","Zsa Zsa Zaturnah","mXXo1Sd5vIk","platinum"
"8096","Walang Sabit","Sandara Park","eNlr7aRcxnY","platinum"
"9510","Walang Sayang","Aiza Seguerra","Eej7KT7ILaQ","platinum"
"7141","Walang Sigla","Ella","1lD6wP6Ftk0","platinum"
"8575","Walang Yamang (Mas Hihigit Sayo)","Cueshe","zF-T7uDNL0Y","platinum"
"8775","Walay Isip","Visayan Song","Ph74CgToTQc","platinum"
"9021","Walay Title","Mantequilla","m1XAB-D8RR8","platinum"
"2710","Walk Away","Matt Monro","PPM4Q0PzYxc","platinum"
"8428","Walk Away","Kelly Clarkson","sElzWC-VSMs","platinum"
"11286","Walk It Out","Dj Unk","QpNC3b5tz1E","platinum"
"7999","Walk Like An Egyptian","Bangles","VJ-9J-mejkk","platinum"
"0846","Walk Of Life","Dire Straits","qIbzm0Rphe0","platinum"
"3686","Walk On By","Dionne Warwick","aEZIG3x8mtw","platinum"
"0256","Walk Right Back","Everly Brothers","w6Tox6rzkKc","platinum"
"6905","Walk Through This World With Me","Engelbert Humperdinck","PEOQuc-z0jM","platinum"
"4250","Walkin' The Dog","Rolling Stones","K4Lm4g_GsCE","platinum"
"6151","Walking Away","Craig David","MVQuFWXWCiA","platinum"
"7952","Walking Contradiction","Greenday","WF89u2t4fFU","platinum"
"4859","Walking In My Shoes","Depeche Mode","Zr2yZDdp18Q","platinum"
"7465","Walking In The Rain","A1","iW4Bodiix_U","platinum"
"3685","Walking On The Moon","Police","t2Xc8XyFlUc","platinum"
"8369","Walking On The Sun","Smashmouth","hAErV3NisO8","platinum"
"7963","Wall","Kansas","dM4mKcyNRcQ","platinum"
"8511","Waltz","Hale","G3IBdFZVmyg","platinum"
"8776","Walug Sa Luha","Visayan Song","y1u04liH7Wk","platinum"
"4860","Wanderlust","Paul Mccartney","OUh-2dx3Hwo","platinum"
"6643","Wang Ching Chuy","Andy Lau","Ykt5OiflZLU","platinum"
"4861","Wannabe","Spice Girls","BTDPZQGqjY8","platinum"
"11296","Want To","Sugarland","3DpJGzSKlKA","platinum"
"4164","Wanted","Dollys","2B5fsz6lu6g","platinum"
"0833","Wanted Dead Or Alive","Bon Jovi","RlK9pfsYwZo","platinum"
"11435","War Of My Life","John Mayer","rHCNf3uGW4U","platinum"
"5921","Warior Is A Child","Gary Valenciano","mId2SKcpGtY","platinum"
"8220","Warpigs","Black Sabbath","wIpJZVVvsiw","platinum"
"44692","Warwick Avenue","Duffy","sbyLoYGZKys","platinum"
"1419","Was I Dreamin'","The Cascades","cRgbhU9SZdw","platinum"
"5331","Was It Something I Didn't Say","98 Degrees","lUGWAHm3DOs","platinum"
"11408","Wasak Wattz","Ely Buendia Ft Francis M","9aQw_mwSWW0","platinum"
"2966","Wasted Days And Wasted Nights","","voXiIt8y8_M","platinum"
"8604","Wasted Time","Skidrow","aQHiTc3-JN8","platinum"
"11265","Watching Airplanes","Gary Allan","wghqjn5pTko","platinum"
"11425","Water Runs Dry","Boyz Ii Men","MYPqXtTAQ7I","platinum"
"8302","Waterfall","TLC","MBfYXMw-NvI","platinum"
"9963","Waterfall","The Stone Roses","_yR_hB_DpEo","platinum"
"2996","Waterloo","Abba","wphW2H4ucg4","platinum"
"6152","Wave","Sergio Mendes","TDNt_dd15L0","platinum"
"11344","Wavin' Flag","K'naan","lzr_5F6apNY","platinum"
"8894","Way Back Into Love","Adam & Drew","Z8WAgphj2oc","platinum"
"9558","Way Enak Inam Ammo","Jefferson Anton","eg9xwojyFsw","platinum"
"1098","Way Palad","Visayan Song","KeQviEuvFRo","platinum"
"6153","Way We Were","Rico Puno","nI8RTt1e9tA","platinum"
"9567","Waynasdi","Margaret Paleng","H6fqXP8Qaz4","platinum"
"3692","We Are Family","Sledge Sisters","MFwMqPGTP-U","platinum"
"15074","We Are Never Ever Getting Back Together","Taylor Swift","gynbWqP8GRw","platinum"
"3289","We Are The Champions","Queen","KUiPFviDAvg","platinum"
"11445","We Are The People","Empire Of The Sun","K4KRfxk7U5g","platinum"
"0766","We Are The World","Usa For Africa","RH93yrry8xw","platinum"
"9328","We Be Burnin'","Sean Paul","wo8Lsymt7V4","platinum"
"8454","We Belong","Tori Gonzaga","A197PHHpSBY","platinum"
"11474","We Belong Together","Miguel Escueta","hihQiF1EE04","platinum"
"8244","We Belong Together","Mariah Carey","xMt1vHky0m4","platinum"
"4363","We Built This City","Starship","Xuyb9OzyYnk","platinum"
"0815","We Can Work It Out","The Beatles","CzyjRJhACJA","platinum"
"7530","We Could Have It All","MAUREEN Mcgoverrn","IcJbyalvuGk","platinum"
"8499","We Didn't Start The Fire","Billy Joel","j9HF26bUaf0","platinum"
"44857","We Don't Care","Akon","U0EwKTmY2bE","platinum"
"3008","We Don't Talk Anymore","Cliff Richard","jJrHHejr7_E","platinum"
"11764","We Found Love","Rihanna","XclNcFENpvA","platinum"
"4267","We Got Married","Paul Mccartney","XBhY5VoIcus","platinum"
"5408","We Have No Secrets","Carly Simon","C2GdbOkTFTU","platinum"
"4307","We Like To Party","Venga Boys","uQct-ETJsqk","platinum"
"8111","We May Never Love Like..","Maureen Mcgovern","O2nyHiRHRsY","platinum"
"11388","We R Who We R","Kesha","XAomeDeqN0I","platinum"
"11300","We Taking Over","Dj Khaled","IRP7s9Ag85k","platinum"
"3691","We Three Kings","Christmas Song","ugu-vYRax2M","platinum"
"11018","We Weren't Born To Follow","Bon Jovi","PculaJqib3s","platinum"
"3597","We Will Rock You","Queen","j8Mkv84V9mY","platinum"
"3696","We Wish You A Merry Christmas","Traditional","qqaUMxJdZFs","platinum"
"0724","Weak","SWV","w3pOQwvxD6w","platinum"
"0767","Wear My Ring Around...","Elvis Presley","xHtAsdXg_1g","platinum"
"4167","Wedding March","","9DAwR0ie070","platinum"
"4168","Wednesday's Child","Matt Monro","gGtSQ7pDLLI","platinum"
"7466","Wei Ni Ch Chu Who","Vic Zhu","9Yorrz67Yws","platinum"
"8126","Welcome To My Life","Simple Plan","_IFjam3qu-I","platinum"
"0366","Welcome To My World","Anita Kerr Singers","g-QLHR3k_Rc","platinum"
"8538","Welcome To The Black Parade","My Chemical Romance","EkJ2NL6xpcc","platinum"
"11661","Welcome To The Jungle","Guns & Roses","JrwTP-8zw-s","platinum"
"4867","Well All Right","Buddy Holly","rEezZVR4Tic","platinum"
"11775","We'll Never Have To Say Goodbye Again","England Dan And John","aSvxlHpkv8A","platinum"
"3610","We'll Share The..","Bill Batstone","8u4qBiKSGEA","platinum"
"7021","We'll Share These Moments","Bill Batstone","8u4qBiKSGEA","platinum"
"11504","Well Well Well","Duffy","RBrjCSTXmFI","platinum"
"11461","Wer Na U?","Ara Muna","7IhuZ_6Q-8c","platinum"
"2738","We're All Alone","Boz & Scaggs","VyP4RTPlS3o","platinum"
"44573","We're All In This Together","High School Musical","t0q4bUW45zM","platinum"
"4864","We're Going To Ibiza","Venga Boys","7oPx8QE0euw","platinum"
"8218","Were In This Love Together","Al Jarreau","I7ieqZGNv9w","platinum"
"9943","West End Girls","Pet Shop Boys","oOnIYDEkE5M","platinum"
"11199","Westside","TQ","arGIpOaRIgI","platinum"
"0988","We've Got Tonight","Kenny Rogers","PudSOYRO76E","platinum"
"1324","We've Only Just Begun","Carpenters","DJbAWDPLGsA","platinum"
"4366","What A Girl Wants","Christina Aguilera","fwOEziXz8UQ","platinum"
"7349","What A Mighty God","Gospel Song","HXItUi4JD38","platinum"
"0367","What A Wonderful World","Louis Armstrong","nkaOdoxNTB0","platinum"
"1535","What About Love","Heart","DnuoafMUi64","platinum"
"6858","What About Me","Kim Carnes","A6G-1BWCPjY","platinum"
"9456","What About Now","Chris Daughtry","ZyuZTDrCYsg","platinum"
"6838","What Am I Living For","Eddie Peregrina","cZd_IhS0Uhs","platinum"
"11369","What Am I To You","Norah Jones","IvvPZXL6Nn0","platinum"
"11700","What Are Words","Chris Medina","MFumM2IyT6Y","platinum"
"4315","What Can I Do","The Corrs","1o3VL2opeg4","platinum"
"1716","What Child Is This","Traditional","gOQPl0GA3oo","platinum"
"7590","What Do I Do","Nyoy Volante","139_4J3Xfa0","platinum"
"11440","What Do You Got","Bon Jovi","JBwOV9I5IMk","platinum"
"11076","What Goes Around Comes...","Justin Timberlake","6K7dWf6texU","platinum"
"4868","What Goes Up","Alan Parsons Project","cFYqQaOu1Po","platinum"
"4869","What Have You Done For Me","","I6DTvp194lg","platinum"
"1634","What I Did For Love","Jack Jones","PtGdPIEHhPw","platinum"
"9825","What I Do Best","Sheryn Regis","WDA8b3LIDaw","platinum"
"11373","What If","Kate Winslet","I72d8umGpa8","platinum"
"7900","What If","Nina","yNwBhzH1YrM","platinum"
"8092","What If","Baby Face","Q5TZ3gIYZXk","platinum"
"5283","What I'm Living For","Eddie Peregrina","Zk_Cta3nTn0","platinum"
"44631","What Is It","Baby Bash Feat. Sean","pEp0MrZzcuY","platinum"
"4871","What Is Love","Haddaway","5PA6VEDIicM","platinum"
"4252","What Is This Thing Called Love","Frank Sinatra","IOY6hrOCHYQ","platinum"
"7953","What It Feels Like For A Girl","Madonna","OgUo3CiGbHQ","platinum"
"9351","What I've Done","Linkin Park","EdbriG0Sz_U","platinum"
"4872","What Kind Of Fool..","Rick Springfield","CtlnYcnWWjU","platinum"
"5483","What Makes A Man","Westlife","VeLAX55hRrU","platinum"
"15026","What Makes You Beautiful","One Direction","SLrJwiLsa9A","platinum"
"3290","What Matters Most","Kenny Rankin","bXwnrJZCH9M","platinum"
"1624","What Now My Love","Shirley Bassey","L5eA5x6G4p8","platinum"
"11567","What The Hell","Avril Lavigne","g38Pvd8ImhI","platinum"
"3716","What The World Needs Now","Burt Bacharach","oPy376ejS-k","platinum"
"11291","What Time Is It","High School Musical 2","39iM9X0428E","platinum"
"7353","What Took You So Long","Emma Bunton","WMjF12Mi39o","platinum"
"9630","What You Are To Me","Regine Velasquez","mLeGlLACj-8","platinum"
"4929","What You See Is What You Get","Britney Spears","IuK2-YYBxwc","platinum"
"8125","What You Waiting F","Gwen Stefani","qg8guM4c_Js","platinum"
"5385","What You Won't Do For Love","Babby Caldwell","bPhlSF5P7Uc","platinum"
"11335","Whataya Want From Me","Adam Lambert","85EafjwKEQ8","platinum"
"44844","Whatcha Think About That","The Pussycat","nkUkMOTQVUY","platinum"
"11233","Whatever It Takes","Lifehouse","fTXhnmMkEPs","platinum"
"7954","Whatever We Imagine","James Ingram","pe0oYvJ0ji0","platinum"
"1536","What's Going On","Marvin Gaye","h8JR8rctoRE","platinum"
"0769","What's Love Got To Do With It","Tina Turner","R23iFLtZzmY","platinum"
"6689","What's My Age Again","Blink 182","pagHlXLIJw0","platinum"
"11387","What's My Name","Rihanna Ft Drake","OaNREHFxzTA","platinum"
"2892","What's New Pussycat","Burt Bacharach","ybLvymse5Tg","platinum"
"6645","What's On The Other Side","Martin Nievera","j1s4JVpllYs","platinum"
"0532","What's Up","4 Non Blondes","oLShwvZopls","platinum"
"44075","What's Your Flava","Craig David","6g2zfxU49OM","platinum"
"11412","What's Your Poison","Chicosci","TZlvirkWofY","platinum"
"3699","Wheel Of Fortune","Ace Of Base","tqDZeKmqW0s","platinum"
"11166","Wheels","Foo Fighters","pvI4d-bL5Ng","platinum"
"4875","When","Shania Twain","y73ia7eNDkU","platinum"
"2746","When A Man Loves A Woman","Percy Sledge","Ep_HyhQo2iY","platinum"
"44701","When I Grow Up","Pussycat Dolls","GHmYAIeUUew","platinum"
"3700","When I Come Around","Greenday","Y_Uuqgdn26k","platinum"
"0964","When I Die","Milli Vanilli","L1hOZ3SyDXU","platinum"
"0801","When I Fall In Love","Ant And Dec","3z8kt223zRA","platinum"
"11261","When I Get Where Im Going","Brad Paisley & Dolly","Z8mHaWmXgbE","platinum"
"9652","When I Grow Up","Pussycat Dolls","GHmYAIeUUew","platinum"
"9545","When I Hear You Call","Gary V.","592xdbM3icY","platinum"
"11039","When I Look At You","Miley Cyrus","1cez6auWODw","platinum"
"7022","When I Met You","Apo Hiking Society","h6z5eM-tjmg","platinum"
"2737","When I Need You","","36xzdQsb3IY","platinum"
"8407","When I See You Smile","Kris Lawrence","UW5wLHGkYEE","platinum"
"44830","When I Think Of You","Lee Ryan","oFShACwzqE8","platinum"
"2890","When I Was Young","The Animals","U_sF5Rl5K4Q","platinum"
"3701","When I'm 64","The Beatles","JTfdMwMWlyY","platinum"
"11317","When I'm Gone","Eminem","HG1tygmIIB0","platinum"
"44871","When I'm Gone","Simple Plan","0gdbhMYeoIY","platinum"
"4879","When Irish Eyes Are..","Traditional","oGwCHCmkG1U","platinum"
"9651","When It Rains","Paramore","df9RvbfJB80","platinum"
"0751","When It Rains","It Really Pours","Elvis Presley",""
"44532","When It's Over","Sugar Ray","0rkx62yoNFo","platinum"
"8599","When Love And Hate Collide","Def Leppard","WXgQf_XHKXc","platinum"
"9107","When Love Is Gone","Martin Nievera","DzToqrSQIKQ","platinum"
"44885","When Love Takes Over","David Guetta feat. Kelly","z9Ohp7kGz5Q","platinum"
"8605","When She Cries","Restless Heart","NjDwK70MEBM","platinum"
"3380","When The Children Cry","White Lion","HWoj8tb9YLU","platinum"
"0695","When The Girl","Cliff Richardson","6S6yC5EuVfs","platinum"
"1444","When The Saints Go Marching","Louis Armstrong","PPFdexJlnWw","platinum"
"5474","When The Smoke Is Going Down","Scorpions","cX5F8LQ84bU","platinum"
"11072","When We Were Young","The Killers","ievJe4G3px8","platinum"
"9329","When We Were Young","Dolores O'riordan","c5CrkZSHXL4","platinum"
"6370","When Will I Be Loved","Everly Brothers","spaIPkifgeQ","platinum"
"2740","When Will I See You..","The Three Degrees","crnFSFBmYrg","platinum"
"7023","When Will You Say I Love You","Billy Flurry","ZqWzGrVUAQs","platinum"
"6646","When You Believe","Mariah Carey","bHrUsofyXFk","platinum"
"7352","When You Look At Me","Christina Milian","4xdOMzgLAlg","platinum"
"44643","When You Look Me In The Eyes","Jonas Brothers","aUK7O68sdg8","platinum"
"7025","When You Say Nothing At All","Ronan Keating","p8p0z_w0Juk","platinum"
"9730","When You Smile","Amee Hidalgo","h6z5eM-tjmg","platinum"
"5386","When You Tell Me That You Love Me","Diana Ross","dprZmTKPbR0","platinum"
"3316","When You Wish Upon A Star","Pinochio","u8TImA1AyWI","platinum"
"8780","When You're Gone","Avril Lavigne","ueV-svT3mm4","platinum"
"6647","When You're In Love With Another Woman..","Dr. Hook","7xp-yo6hFD4","platinum"
"6507","When You're Looking Like That","Westlife","qVgS1-YOqiE","platinum"
"0274","Whenever I Call You Friend","Kenny Loggins","bcjb079UTiY","platinum"
"6648","Whenever I Call You..","Johnson & Krauss","VJq8CXbBySc","platinum"
"6649","Whenever Wherever","Shakira","QzR3FiN1YSQ","platinum"
"44417","Whenever You Need Somebody","Rick Astley","O9gu536poPs","platinum"
"11123","Where Are You Now","Honor Society","4RD-6QSMpeI","platinum"
"1663","Where Are You Now","Jimmy Harnen","m4eTLllLros","platinum"
"5475","Where Are You Now","Nazareth","-EZDyHlMrc8","platinum"
"44271","Where Did Our Love Go","Diana Ross","Q6T7s9_5xrg","platinum"
"44322","Where Do Broken Hearts Go","Whitney Houston","-Q1fDkbWepM","platinum"
"3530","Where Do I Begin (Love Story Theme)","Shirley Bassey","IfysE4NSolE","platinum"
"11803","Where Do We Go From Here","Chris Brown Ft. Pitbull","TAHt2vUGvl4","platinum"
"0210","Where Have All The Flowers Gone","Kingston Trio","JdwOGIb1U5M","platinum"
"15034","Where Have You Been","Rihanna","xbAEK9lRQU0","platinum"
"7026","Where He Leads Me","Jamie Rivera","DjINFwvXpNY","platinum"
"11304","Where I'm From","Jason Michael","WM0USomXLO4","platinum"
"8861","Where Is Love","Nina","PbfQMictYjA","platinum"
"7095","Where Is The Love","Black Eyed Peas","ezWeqBmBwDY","platinum"
"11234","Where Is Your Heart Tonight","Jordan Knight","IeFOBuguWwM","platinum"
"6650","Where Love Has Gone","Isay Alvarez","WuTVAnTCVxc","platinum"
"7098","Where The Boys Are","Connie Francis","n2Pel3lis4o","platinum"
"3291","Where The Streets Have No Name","U2","g-uc85yZxm4","platinum"
"4884","Where You Lead","Toni Stern","evl6IOceDV8","platinum"
"6037","Where's The Good In Goodbye","Sharon Cuneta","CfEMhG-faKU","platinum"
"9731","Wherever I Go","Pops Fernandez","TJDyzTtDL7U","platinum"
"8197","Wherever You Are","South Border","1HZX22sdMMo","platinum"
"6651","Wherever You Will Go","The Calling","yPfZ2kZr9Hc","platinum"
"3702","While My Guitar Gently Weeps","The Beatles","yyYEYwgF27w","platinum"
"44715","Whine Up","Kat Deluna Ft. Elephant","qwecOCjrDeY","platinum"
"3703","Whipping Post","Allman Brothers","_qPjZ0B3r_s","platinum"
"0285","Whispering Waves","Donna Summer","NHyOy-Wpv2c","platinum"
"11257","White & Nerdy","Weird Al Yankovic","9icGBhBEzqM","platinum"
"1457","White Christmas","Christmas Song","usgzxS7OfaM","platinum"
"7080","White Flag","Dido","sKoPytRh7Mc","platinum"
"11019","White Horse","Taylor Swift","hBOwMCj-SlY","platinum"
"4253","White Room","Eric Clapton","fllazMXV2XQ","platinum"
"3704","White Wedding","Billy Idol","e-ekZzkvHb4","platinum"
"11698","Who Am I","Casting Crowns'","Er_KCPzFW6s","platinum"
"1411","Who Can I Turn To","Tony Bennet","nQeULAsCW4I","platinum"
"4174","Who Can It Be Now","Men At Work","FyNo7zGZ720","platinum"
"8524","Who Do You Think You Are","Spice Girls","Ba2Nxy_pNZg","platinum"
"11060","Who I Am","Nick Jonas","TcuIBZN7x-M","platinum"
"1691","Who Is It","Michael Jackson","Blry_kVAFd0","platinum"
"11068","Who Knew","Pink","F1RcHsV_7s8","platinum"
"5911","Who Let The Dogs Out","Baha Men","RWNexlfmDE4","platinum"
"7467","Who Let You Cry","Vaness Wu","wbg-UlAeNZQ","platinum"
"11376","Who Owns My Heart","Miley Cyrus","hyN4rh16Zx4","platinum"
"11514","Who Says","Selena Gomez","WfCz7hV-bJk","platinum"
"11075","Who Says You Can't Go Home","Bon Jovi","fkkdY4CIP3c","platinum"
"3708","Who Wants To Live Forever","Queen","A14dka2Bvs8","platinum"
"44744","Who Will I Be","Demi Lovato","P6tMjbZ9jfs","platinum"
"11281","Who You'd Be Today","Kenny Chesney","lLvFzLlQ3Js","platinum"
"5769","Whole Again","Atomic kitten","VflZe7HAl9M","platinum"
"3707","Whole Lotta Love","Led Zeppelin","7_nGVxsHRf0","platinum"
"4176","Whole Lotta Loving","Fats Domino","l1D3-Jjfan0","platinum"
"2819","Who'll Stop The Rain","C.C.R","IaOMwr6VLeQ","platinum"
"6038","Whoops Kiri","Fruitcake","9eywtqYVJlA","platinum"
"4175","Who's Cryin' Now","Journey","zkFvheiDTGA","platinum"
"9022","Who's Holding Donna Now","El De Barge","nPJ_OUXWJKM","platinum"
"8339","Who's Loving You Now","Erik Santos","dYgVem1ptto","platinum"
"11833","Who's That Girl","Guy Sebastian","3m_D9MxJ418","platinum"
"3706","Who's That Girl","Madonna","ukficeWVfFY","platinum"
"2818","Why","Carole King","r5iPyZHZxso","platinum"
"5332","Why","3t Brotherhood","Qsj3_lH-vOM","platinum"
"8527","Why","Tiggy","ldowqv2rzNg","platinum"
"7468","Why Can't I","Tom Jones","K5q4mhDd76Q","platinum"
"0101","Why Can't It Be","Rannie Raymundo","k8pKNWCHEzQ","platinum"
"9530","Why Can't We Be Together","Piolo Pascual","MBTtGgRGx78","platinum"
"1099","Why Do I Love You","Geneva Cruz","Qik7YdIem8k","platinum"
"11776","Why Do We Always Hurt The Ones...","Dan Hill","B3qbUTzG0Ak","platinum"
"5382","Why Me","Kris Kristofferson","2DPLCSiOv1Q","platinum"
"3709","Why Worry","Dire Straits","yW_WDsP5eZ0","platinum"
"4886","Why Would I Say Goodbye","K.Brooks","yTeD1GQlQ8U","platinum"
"7592","Why","Tell Me","Avril Lavigne",""
"11935","Wide Awake","Katy Perry","r1nkyeH96Lk","platinum"
"5476","Wild Boys","Duran Duran","XCkiLSReVoA","platinum"
"7993","Wild Flower","Skylark","9l878arGKgg","platinum"
"11984","Wild Ones","Flo Rida ft. Sia","17FHREzfWew","platinum"
"4888","Wild Thing","Jimi Hendrix","7pEJgfxERNQ","platinum"
"6652","Wild Women","Mtr","bnYlEKW8P4U","platinum"
"5383","Wild World","Mr. Big","6tQ8RLOlIOM","platinum"
"5224","Will Ever","Side A","22GappC8Xp0","platinum"
"1537","Will I Survive","Introvoys","LW1Jh9gIFvI","platinum"
"0965","Will Of The Wind","Jim Photoglo","Eur6c6fvYg8","platinum"
"1422","Will You Be There","Michael Jackson","WWx5hNhVHEA","platinum"
"9298","Will You Ever Learn","Typecast","5BkNOfuzq60","platinum"
"2895","Will You Still Love Me Tomorrow","Carole King","N14bmBfpM4U","platinum"
"0925","Willie And The..","Eric Clapton","wd2ylXqyTxM","platinum"
"0623","Wind Beneath My Wings","Bette Midler","UxxO5qsAwks","platinum"
"11059","Wind It Up","Gwen Stefani","yHhWc3wvOt0","platinum"
"0696","Wind Me Up (Let Me Go)","Cliff Richard","tB89ydZUcfM","platinum"
"2849","Wind Of Change","Scorpions","LtddOnEqNTo","platinum"
"4180","Winter Time","Steve Miller Band","RSGbV6-puIA","platinum"
"1434","Winter Wonderland","Christmas Song","czhfO1vAPg0","platinum"
"44839","Wire To Wire","Razorlight","PH1y31THAYg","platinum"
"44782","Wise Men","James Blunt","szOiqtqVAS8","platinum"
"6039","Wish","Donna Cruz","2WNxZG8MpvI","platinum"
"6040","Wish I Could","Dingdong Avanzado","_FTTY6Rj570","platinum"
"9529","Wish List","M.Y.M.P.","7Tsk6f4MmKk","platinum"
"11603","Wish You Were Here","Avril Lavigne","DP6HDezLx0M","platinum"
"3712","Wish You Were Here","Pink Floyd","tuTX3VOr5oo","platinum"
"3292","Wishful Thinking","China Crisis","qLN08Fb0LLE","platinum"
"8227","Wishing I Was There","Natalie Imbruglia","qBBWXhqtusg","platinum"
"1612","Wichita Lineman","Glen Campbell","DdcDwDBcoyI","platinum"
"3713","Witchy Woman","Eagles","KEPsSLahHKc","platinum"
"4890","With A Little Luck","Paul Mccartney","zZhc2DetaNs","platinum"
"1134","With A Smile","Eraserheads","VwuOa2F9jk4","platinum"
"8230","With Arms Wide Open","Creed","6xJocwe46RM","platinum"
"3293","With Or Without You","U2","zgcEUp476L0","platinum"
"6041","With These Hands","Tom Jones","xBXAqnjMLKs","platinum"
"0533","With You","Pippin","n9vcIocRPrs","platinum"
"9027","With You","M.Y.M.P.","CyrzcCqiod8","platinum"
"9344","With You","Chris Brown","1fIFVorg0yY","platinum"
"2664","Within You'll Remain","Tokyo Square","pYZUrE-JRO8","platinum"
"0702","Without Love","Engelbert Humperdinck","WzhEG3C0daM","platinum"
"44564","Without Me","Eminem","7XzJ9vg47qw","platinum"
"11686","Without You","Aj Rafael","Ayl9QsOZEuU","platinum"
"2660","Without You","Harry Nilsson","oNcOYEes3Kc","platinum"
"5670","Without You","Samantha Cole","h0zhkX8Pcik","platinum"
"6717","Without You","After Image","aOTAqbDrM9k","platinum"
"6907","Without You","Mariah Carey","OA44unnMz2Q","platinum"
"7028","Without You","Bad Finger","22WSTjw8Nq0","platinum"
"9732","Without You","Joey Albert","n_WocN6SEw4","platinum"
"7668","Wo Hu Xi Ni","Vic Zu","7mhqtkdkL5U","platinum"
"0049","Woman","John Lennon","uzpXgWvbs_c","platinum"
"2650","Woman In Love","Barbra Streisand","jvq9NZ2yors","platinum"
"4891","Woman To Woman","Joe Cocker","RTLhjrnd4QY","platinum"
"9453","Womanizer","Britney Spears","efJhuhGNw4I","platinum"
"11372","Wonderful Life","Hurts","dZVzc32c9cY","platinum"
"2647","Wonderful Tonight","Eric Clapton","WDXiPavQjNg","platinum"
"4892","Wonderwall","Oasis","R_EXyGWI9rU","platinum"
"4961","Won't Cry","Krezip","g-WecYaxdCw","platinum"
"3719","Woodstock","Joni Mitchell","7zqyhnuxkoo","platinum"
"2920","Wooly Bully","","wXT0FwfM6vo","platinum"
"2805","Words","F.R.David","-Ru3ravzxX4","platinum"
"5078","Words","Bee Gees","A7Lhy0gULK8","platinum"
"1660","Words Get In The Way","Gloria Estefan","IYRh6wPCw1E","platinum"
"4894","Words Of Love","Buddy Holly","gmdBUstcIaw","platinum"
"44634","Workin' For A Livin'","Huey Lewis","dF2PJcLkN_E","platinum"
"2992","Working For The Weekend","Lover Boy","E_KsyY4kK5E","platinum"
"11158","Working On A Dream","Bruce Springsteen","1ty_KU2T4Is","platinum"
"0554","World","Bee Gees","Q-xGvhbiBmE","platinum"
"6042","World Of Our Own","Westlife","osO0gRr-tp0","platinum"
"0771","Would I Lie To You","Annie Lennox","yL3dAX26G0Y","platinum"
"6656","Would You Be Happier","The Corrs","4VZ5u18TcTk","platinum"
"3294","Would'nt It Be Nice","Beacj Boys","JAuLU2xcBA4","platinum"
"44624","Wow","Kylie Minogue","z9KNBzEST_U","platinum"
"8241","Wowowee","Lito Camo","gzioFH_33VQ","platinum"
"3720","Wrapped Around Your Finger","Police","rJQJfpC2EZI","platinum"
"4895","Written In The Stars","Elton John","Srr9CMjlNDU","platinum"
"7991","Xanadu","Olivia Newton John","-CvKr0TXNVI","platinum"
"8185","Xibom Bom Bom","T-Rio","jEyG9B4YJ5U","platinum"
"3721","Y.M.C.A","Village People","nRjFavXA8pE","platinum"
"11147","Yakap","Hale","6C99yr9aMFA","platinum"
"11409","Yakap","Ogie Alcasid","MEfbagqs-9c","platinum"
"5870","Yakap","L.A. Lopez","5hdwaP5VInY","platinum"
"1192","Yakap Sa Dilim","Apo","CvuqT8hatVQ","platinum"
"0328","Yakapin Mo Ako","Joey Albert","_uE-oP5Nl5s","platinum"
"0086","Yakap-Yakap","Randy Santiago","QHTTSAFc5i0","platinum"
"0772","Yakety Yak","The Coasters","HmP-jxB6AO4","platinum"
"11670","Yan Naman","Rizal Underground","4kbO1G-K3qU","platinum"
"1424","Yankee Doodle","Various","SntzM4OTsao","platinum"
"8140","Ye Ye Vonel","April Boy Regino","YrXASegDCVI","platinum"
"7802","Yeah","Usher","3lq7ij3vvvM","platinum"
"11565","Yeah 3x","Chris Brown","-WqdMDLDAYk","platinum"
"6657","Yellow","Coldplay","XZN3DaxqFuQ","platinum"
"3723","Yellow Brick Road","Elton John","mqXy8PoGJ1w","platinum"
"4181","Yellow Submarine","The Beatles","zvDMgPt5Bxo","platinum"
"4182","Yes We Can Can","The Pointer Sisters","GrMWoCoKPaw","platinum"
"0369","Yester Me Yester You Yester Day","Stevie Wonder","TJ6CO6CLy7o","platinum"
"2648","Yesterday","The Beatles","uw3zzQ-5g4o","platinum"
"8795","Yesterday And Today","Mom's Cake","pJjsaewoMBg","platinum"
"2649","Yesterday Once More","Carpenters","GuCYENZX9dg","platinum"
"11014","You","Rhian Ramos","kY1oXaGjMmM","platinum"
"1304","You","Basil Valdez","Kbh--yAhjAE","platinum"
"8526","You","Carpenters","R-hngJ7_wfc","platinum"
"9631","You","Erik Santos","_2sLESlbgs8","platinum"
"7029","You Always Hurt The One You Love","Patti Page","GvPozo1O7E4","platinum"
"11608","You And I","Lady Gaga","X-oMv-qyhgo","platinum"
"11778","You And I","Kenny Rogers Feat.","r_FB5xUIRUQ","platinum"
"6804","You And I","Rico Puno","msCT3pzdpkE","platinum"
"4898","You And Me","Alice Cooper","UcKVpQglXtA","platinum"
"8471","You And Me","Lifehouse","9kdA-3hJpE0","platinum"
"9108","You And Me","Rachelle And Christian","06F4SIFucYc","platinum"
"5477","You And Me Against The World","Helen Reddy","jt5tT6oLJpw","platinum"
"8341","You And Me..","Rachel & Christian","06F4SIFucYc","platinum"
"1614","You Are Everything","S Club 7","ohQ4WuqYVWE","platinum"
"7030","You Are My All In All","Gospel Song","5YexNYTojSo","platinum"
"1721","You Are My Destiny","Paul Anka","wRxuUbMuAUE","platinum"
"7348","You Are My God","Carol Banawa","ALjrrHajLzY","platinum"
"7031","You Are My Hiding Place","Gospel Song","4dI5LhHs0VA","platinum"
"7032","You Are My King","Gospel Song","4iA6EptHQxc","platinum"
"9858","You Are My Obsession","Rachelle Ann Go","D1XsR-qg634","platinum"
"0106","You Are My Song","Regine Velasquez","K_pDsSP2mIc","platinum"
"0067","You Are My Sunshine","Gary Davis","YHxRljeWHfE","platinum"
"1028","You Are Not Alone","Michael Jackson","za8tMANFyXI","platinum"
"7931","You Are So Beautiful","Joe Cocker","lZiQKDcosto","platinum"
"7033","You Are The Love Of My Life","Diana Ross","JOE8-xEwplw","platinum"
"6457","You Are The One","Martin Nievera","lHa3-KKylSk","platinum"
"8495","You Are The One","Toni G. & Sam Milby","1H4PDjwqtb4","platinum"
"11779","You Are The Reason","Ketama","v75DGFLKzVk","platinum"
"3295","You Are The Sunshine Of My Life","","UsYn8GS5wWc","platinum"
"1724","You Are To Me","Divo","btwJm_mV-84","platinum"
"6909","You Belong To Him","The Duprees","mkKugiOHhOQ","platinum"
"44856","You Belong With Me","Taylor Swift","4QfW7G3VM8k","platinum"
"0370","You Call It Love","Karoline Kruger","ZPL-8UGykDQ","platinum"
"8294","You Can Do Magic","America","Hv_700W27V4","platinum"
"3724","You Can Leave Your Hat On","Joe Cocker","TXrVYhRJ1Ac","platinum"
"2672","You Can Win If You Want","Modern Talking","bhEwHVrc8pg","platinum"
"4899","You Can't Deny It","Lisa Stansfield","fuIQtYotTmQ","platinum"
"5432","You Can't Do That","Beatles","lXBA6AzHWpI","platinum"
"5387","You Can't Hurry Love","Diana Ross","1_N5DZUKRUk","platinum"
"5284","You Changed My Life In A Moment","Angela Bofill","vahD-u5f8-0","platinum"
"9655","You Changed My Life In A Moment","Sarah Geronimo","kpYAGyh6Gvo","platinum"
"11831","You Da One","Rihanna","kF_qItLxBKk","platinum"
"4900","You Decorated My Life","Debbie Hupp","nPuyrP4JgDQ","platinum"
"9632","You Do","Agot Isidro","ZvCPaxYf-xQ","platinum"
"0149","You Don't Have To Say You Love Me","Vic Damone","B6HbqOdLDMw","platinum"
"11403","You Don't Know","Regine Velasquez","2N8YZEPmCqc","platinum"
"11826","You Don't Know Her Like I Do","Brantley Gilbert","zs2c8HFvOPU","platinum"
"0078","You Don't Know Me","Ray Charles","ECRgobplv4Q","platinum"
"7034","You Don't Know Me","Floyd Cramer","ECRgobplv4Q","platinum"
"0491","You Don't Love Me Anymore","Weir Al","z2GVzPkLLRA","platinum"
"3725","You Drive Me Crazy","Shakin Stevens","8yZskZAOvY0","platinum"
"44805","You Found Me","The Fray","XVJfWmYD5t0","platinum"
"2874","You Give Love A Bad Name","Bon Jovi","tvDYNWxLr-4","platinum"
"5416","You Got It","Roy Orbison","WYNgRNCi6ZE","platinum"
"44572","You Got The Music In Me","High School Musical","Yd4en3dMFY8","platinum"
"4901","You Gotta Be","","yLec_TsaTpA","platinum"
"6690","You Learn","Alanis Morissette","HXfhLALvC10","platinum"
"2644","You Light Up My Life","Debbie Boone","EViMTVxc_0A","platinum"
"11198","You Lost Me","Christina Aguilera","W2h4zFeknVE","platinum"
"1119","You Made Me Live Again","Janet Basco","hvhcrmDhSqg","platinum"
"4902","You Made Me Love You","Patti Page","9s7CUCiHSTA","platinum"
"0490","You Make It Hard","Kalapana","Dt6InoGECew","platinum"
"11003","You Make Me Feel","Kyla","aibhuKIZlAw","platinum"
"0745","You Make Me Feel Brand New","Stylistics","DHSFUeA-vVs","platinum"
"4903","You Make Me Feel Like A Natural..","Carole King","_GOE0Me5ZJ4","platinum"
"3727","You Make Me Feel Like Dancing","Leo Sayer","lIAz8eoHKDs","platinum"
"6910","You Make Me Feel So Young","Frank Sinatra","K27MQUvUw3w","platinum"
"6692","You Make Me Sick","Pink","qFS9LgmxY5A","platinum"
"9733","You Make Me","Carol Banawa","2GZyiXPAS3M","platinum"
"7036","You May Be Right","Billy Joel","_5QWNx4hhsQ","platinum"
"2635","You Mean Everything To Me","Neil Sedaka","idMPBPBFO5c","platinum"
"1431","You Mean The World To Me","Toni Braxton","OZ44QK0Ta8M","platinum"
"4904","You Might Need Somebody","T.Snow","FsKcCqLS91w","platinum"
"6769","You Must Love Me","Madonna","Hxhbx155UQw","platinum"
"2618","You Needed Me","Anne Murray","lFj5f4SyJoA","platinum"
"4318","You Needed Me","Boyzone","996520hcgko","platinum"
"0962","You On My M","","",""
"Out Sisters""","2YgcEafxZm0","platinum","",""
"4905","You Only Get What You Give","","mTdOkqzkrQg","platinum"
"5411","You Oughta Know","Alanis Morissette","BBdPnDnmPzc","platinum"
"7647","You Raise Me Up","Josh Groban","btwJm_mV-84","platinum"
"6478","You Really Got A Hold A Hold On Me","The Beatles","kCY-oUhTe48","platinum"
"3587","You Really Got Me","The Nicks","wC5S44BkaJA","platinum"
"6911","You Rock My World","Michael Jackson","zGI1L4cPzTQ","platinum"
"6770","You Sang To Me","Marc Anthony","ztJRk3rB1oA","platinum"
"7037","You Sat Down","","EgU_KyzoMZg","platinum"
"6044","You Should Be Dancing","Bee Gees","fSAplxG3fBA","platinum"
"7038","You Should Know By Now","Angela Bofill","s1g_x15beoM","platinum"
"11422","You Smile","Justin Bieber","P5iBugfMuqY","platinum"
"11173","You Still Have My Heart","Princess","qYRh4czC-ls","platinum"
"1725","You To Me Are Everything","Real Thing","exCyipoY8Tc","platinum"
"11750","You Took My Heart Away","Michael Learns To","-Fkvp8jKux0","platinum"
"1425","You Were There","Southern Sons","eyDqltDIyeA","platinum"
"6458","You Were There","Regine Velasquez","oE6u9v3ZUhM","platinum"
"6045","You Will Be My Music","Frank Sinatra","Mru2-KeOzIM","platinum"
"9968","You Will","You Won't","The Zutons",""
"8404","You Win The Game","Mark Bautista","-N7SXRnNlXo","platinum"
"44490","You Won't Get To Heaven","Dionne Warwick","ZP4eEBgINqg","platinum"
"2798","You Won't See Me","The Beatles","rNcbwq9-FKo","platinum"
"3731","You've Lost That Loving Feeling","The Righteous","2sbjYlV_4wc","platinum"
"0235","You'd Be So Nice To Come","Frank Sinatra","4n9Y7FwSfbE","platinum"
"44854","You'll Always Find Your Way Back Home","Miley Cyrus","4pytrDKQiYk","platinum"
"5479","You'll Be In My Heart","Phil Collins","P2A0MdhJMas","platinum"
"8139","You'll Be Safe Here","Rivermaya","P4ApYxP0kos","platinum"
"0236","You'll Never Find Another Love Like Mine","Lou Rawls","hB2a13mE2hY","platinum"
"7039","You'll Never Walk Alone","Frank Sinatra","6Asjjf11rv0","platinum"
"4372","You'll See","Madonna","nq02_BSOq8M","platinum"
"6508","Young At Heart","Frank Sinatra","nCxZsUFwlN4","platinum"
"2854","Young Girl","Gary Puckett","9lKdnJzQqW4","platinum"
"0211","Young Love","Tab Hunter","vS0rDlm9nO4","platinum"
"5913","Young Love","Toyz","uSUHIpBF7wo","platinum"
"8503","Young Love","Air Supply","eHUU5_XYUdA","platinum"
"7669","Your Body Is A Wonderland","John Mayer","wfUaC-D2mfo","platinum"
"0068","Your Cheatin' Heart","Elvis Presley","TvEJL1Z9tSs","platinum"
"0747","Your Cheatin' Heart","Hank Williams","-IOVlMOUuIU","platinum"
"11742","Your Eyes","La Boum 2","4VF_zZnfsPo","platinum"
"4909","Your Good Girl's Gonna Get..","","REWfLyjQDRQ","platinum"
"9268","Your Guardian Angel","The Red Jumpsuit","r197dD_ehGQ","platinum"
"11635","Your Love","Marie Digby","7Fq4dLtusG8","platinum"
"7040","Your Love","Gospel Song","WQlgPOwxaY0","platinum"
"8085","Your Love","Alamid","wSt2wvHcAVM","platinum"
"8464","Your Love","Jim Brickman","IR2BqEkySM8","platinum"
"44662","Your Love Is A Lie","Simple Plan","L1ZILKrSp1A","platinum"
"1502","Your Love Is King","Sade","kJ9kYVMwW78","platinum"
"11531","Your Love Is My Drug","Kesha","qHqG7UA9LYU","platinum"
"7955","Your My You","Nyoy Volante","q8LGedpYKbM","platinum"
"6459","Your Smiling Face","James Taylor","SE4o20JVTtU","platinum"
"11444","Your Song","Ellie Goulding","UcRX-265Qz4","platinum"
"2841","Your Song","Elton John","YXKbsKwmILk","platinum"
"3729","Your Time Is Gonna Come","Led Zeppelin","xu1vpuhsFfM","platinum"
"7041","Your Unfailing Love","Gospel","fMdVOv5yV38","platinum"
"9471","Your Universe","Rico Blanco","IuTET11P5tU","platinum"
"3732","Your Wildest Dreams","Moody Blues","bxzrgoQYfYw","platinum"
"5550","You're A God","Vertical Horizon","GRi-gzedizY","platinum"
"5388","You're A Woman","Bad Boy Blue","PdHLdXwHHHo","platinum"
"0503","You're All I Need","White Lion","_e1HuFYETmk","platinum"
"1531","You're Always On My Mind","Gallery","b-igpml1jbU","platinum"
"7042","You're Beautiful","J. Chisum","nPzb77-tdpw","platinum"
"8299","You're Beautiful","James Blunt","PrwIQFvgj44","platinum"
"3296","You're Closer To Me","Matt Monroe","sV79mVigjQ4","platinum"
"5433","You're Going To Lose That Girl","Beatles","3lLNeaU_Zyc","platinum"
"5912","You're In Love","Wilson Philips","vNP3uaUxV-w","platinum"
"4907","You're My Best Friend","Queen","dYF75NXuVDQ","platinum"
"2627","You're My Everything","Santa Esmeralda","tYK_O32RV58","platinum"
"6047","You're My Everything","Martin Nievera","DBYtuJ38sMA","platinum"
"2669","You're My Heart-You're My Soul","Modern Talking","dfIa4FGXELQ","platinum"
"1231","You're My Home","Odette Quesada :","eQO1F6FnSBE","platinum"
"1639","You're My World","Helen Reddy","JHSCuLcwiII","platinum"
"44348","You're My World","Cilla Black","0ZEk2bPWsIE","platinum"
"7593","You're My You","Nyoy Volante","q8LGedpYKbM","platinum"
"11156","You're Not Sorry","Taylor Swift","ugmOdb9kAZA","platinum"
"2811","You're Sixteen","Bobby Sherman","OmkBUbleNLk","platinum"
"11183","You're So Hot","Xlr8","iuGel_cc4rU","platinum"
"7043","You're So Square Baby I Don't Care","Elvis Presley","sDK90yOepTE","platinum"
"6477","You're So Vain","Carly Simon","C3tyaXgJM_M","platinum"
"4292","You're Still The One","Shania Twain","4wXKaFmct8A","platinum"
"7442","You're Still You","Josh Groban","Xa8GKSFlFGQ","platinum"
"5333","You're The Best Thing That Ever Happen To Me","Ray Price","uvAKfixK5cQ","platinum"
"0773","You're The Best..","Skool Boys","mZVxqrAfziA","platinum"
"0719","You're The Inspiration","Chicago","YqcheaurrF0","platinum"
"0963","You're The One","The Carpenters","Ism9mmkofZw","platinum"
"7972","You're The One That I Want","Travolta & N-John","5-4X6Ck-_0c","platinum"
"5581","Your's Until Tomorrow","Engelbert Humperdinck","EkwTVuRM4Dw","platinum"
"44179","Youth Of The Nation","Pod","Lec-uw2dpc0","platinum"
"2812","You've Got A Friend","Carole King","F6CntbLcPJg","platinum"
"7045","You've Got A Way","Shania Twain","qe9SEjtSnCs","platinum"
"8509","You've Got It All","Jetts","XaPKSH4e4L0","platinum"
"4908","You've Got Love","Buddy Holly","ajceUzsxzzw","platinum"
"7191","You've Got The Magic Touch","The Platters","QUOH8xupwdM","platinum"
"7904","You've Got To Hide Your Love Away","Beatles","UGYJ8ILgA7w","platinum"
"7694","You've Made Me Stronger","Regine Velasquez","-D7X9n3xo8g","platinum"
"9263","Yue Liang Dai Biao Wo De Xin","Kim Chiu","jyNwFxqAlv0","platinum"
"9450","Yugto","Rico Blanco","1kGKXQljfGU","platinum"
"8782","Yugyugan Na","P.O.T","KseL7xW497A","platinum"
"11087","Yun Lang","True Faith","lN9lDyQVVeo","platinum"
"11621","Yuoy","Q-York","AxGE8ru-m7Q","platinum"
"8906","Zaido","Sandwich","zcDJXcPty_k","platinum"
"7979","Zero","Smashing Pumpkins","yOGehiZhrLE","platinum"
"0079","Zombie","Cranberries","m8CEEkqQiiY","platinum"
"44315","Zombie","Cranberries","m8CEEkqQiiY","platinum"
"8312","Zoom","Regine Velasquez","lxyzlMXhWW0","platinum"
"8296","Zutto Futaride","Glay","pqHzmOr6t6U","platinum"
"11622","Marilag","Dionela","MW4K6BkUZ2o","open"
"","Psychosocial","Slipknot","VFgfxgd1L_8","open"
"","KILLING ME SOFTLY WITH HIS SONG","Roberta Flack","Ky96EO_hixs","open"
"","KALAPASTANGAN","Fitterkarma","afbc7JeidCA","open"
"","Museo","Liza Maturan","3UbUKyZwhWY","open"
"","Thinkin' 'Bout You","Frank Ocean","pU-GuIx4mgU","open"
"","711","TONEEJAY","w3vpjBLapJ0","open"
"","Sunflower","Post Malone, Swae Lee","_p_MWVuWTFc","open"
"","Estranghero","Cup of Joe","3zZ9pMPVoLg","open"
"","Multo","Cup of Joe","4LYdhuheGbg","open"
"","Sagada","Cup of Joe","OlC6Oeh5Goc","open"
"","I Want You Back","*NSYNC","40BifC4yN68","open"
"","Treasure","Bruno Mars","4PqhRrSOWwU","open"
"","Buko","Jireh Lim","qScCiP6kDLE","open"
"","Sila","SUD","hbD05K0WFqg","open"
"","Tahanan","El Manu","XPx27uGudm0","open"
"","Tahanan","Adie","saVk53EX3lc","open"
"","Stay","Cueshé","ymalJ5AMH4U","open"
"","Rewrite The Stars","James Arthur","2_4u5ULOnNo","open"
"","blue","yung kai","K7-eTfGmbpg","open"
"","I Love You So","The Walters","_AdsjDfasaw","open"
"","Line Without a Hook","Ricky Montgomery","sTsq7J2-rpLURqeQ","open"
"","Jet Lag (feat. Natasha Bedingfield)","Simple Plan","3M_4_6v-eZ8","open"
"","Oks Lang","John Roa","6CQlzUAhpLY","open"
"","When We Were Young","Adele","f2HyjX3sBNQ","open"
"","Pag-Ibig ay Kanibalismo II","fitterkarma","uhSmIPoGZUU","open"
"","Mundo","IV Of Spades","uElvKJ_GK6Y","open"
"","sining (feat. Jay R)","Dionela","rIwH8mqCujY","open"
"","Kalimutan Ka","Skusta Clee","PaeE6t3nDbE","open"
"","Pake","Coln","kXkzexlKHV0","open"
"","Baliw","Coln","ENOxvLIJrRs","open"
"","Easily","Bruno Major","6ay9gWFogMY","open"
"","Pantropiko","BINI","GyFcV6pNz5c","open"
"","Ikaw Pa Rin Ang Pipiliin Ko","Cup of Joe","g64S79E9b4M","open"
"","Kill This Love","BLACKPINK","YoWJa7GWzk4","open"
"","Tensionado","Soapdish","ej3bqcxy9b0","open"
"","Binhi","Arthur Nery","INSsfEyFFZ0","open"
"","Isa lang","Arthur Nery","cIUXXuANZKQ","open"
"","Palayo Sa Mundo","Jolianne","mOxqQdR7Knk","open"
"","CoPilot","Just Hush","_LvbjzxJyjs","open"
"","Tala","Sarah Geronimo","N_yTgTHKnWs","open"
"","Dream Girl","八三夭","X5tWvKE41o0","open"
"","Dream Girl","Kolohe Kai","EIe9YEOwpvA","open"
"","Tadhana","Up Dharma Down","MJd_6nqxIYw","open"
"","Sirena (feat. Ebe Dancel)","Gloc-9","I6V_bEqgeMI","open"
"","Kilometro","Sarah Geronimo","qCLBXYUswDM","open"
"","So Sick","Ne-Yo","SnYDxdUiDRo","open"
"","Burnout","Sugarfree","VFVTW9RNYE0","open"
"","Catch Me I'm Falling","Toni Gonzaga","tyaN9cR7tKY","open"
"","Torete","Moira Dela Torre","fPEWDeq3R_4","open"
"","'Til They Take My Heart Away","Clair Marlo","zl7eos8V3ag","open"
"","Panaginip Bangungot","Tinapay","fbq2JwAMGC8","open"
"","Imahe","Magnus Haven","JEpZGccAZAk","open"
"","Stupid Love","Salbakuta","_TaGYd5R8SU","open"
"","Kung Sana Lang","YouRock Nation","eMlIjoOF5Q8","open"
"","Mahal Kita Pero","Janella Salvador","D2iLUm4jjXQ","open"
"","Duyan","Sarah Geronimo","TMn-YXpFJOY","open"
"","Pasilyo","SunKissed Lola","GeBSNc-oxFg","open"
"","Ikot-Ikot","Sarah Geronimo","G6yWJ7fp_KQ","open"
"","Falling Into You","Maja Salvador","NqFIj6JEDyM","open"
"","Halikana (feat. Abra)","Maja","zuX0rqZiqKc","open"
"","Alay Sa Walang Malay","Dahn","hljKEAH1vw4","open"
"","Dahan-Dahan","Maja","1p0MAbqLLxI","open"
"","Celine Dion Medley","Sarah Geronimo","8ToBsPKxlko","open"
"","Sarah Geronimo Medley","Sarah Geronimo","nDXOKcknAng","open"
"","Disney Medley II","DISNEY","j0mmCDrfhNo","open"
"","Always the Beautiful","Sara Masterson","6uuh2MEcTow","open"
"","Tatsulok","Bamboo","h9cAOZI_vr0","open"
"","On Bended Knees (Live) (feat. Jekalyn Carr)","Halal Afrika","_REywGAdy-8","open"
"","On Bended Knee","Boyz II Men","0feoveV6Zro","open"
"","There's No Easy Way","James Ingram","vvMza5tExEA","open"
"","Risk It All","Bruno Mars","bOHy7AhAK7g","open"
"","Honeymoon Avenue","Ariana Grande","1Q2bUWmQiMA","open"
"","Love and Shine(电视剧《在暴雪时分》插曲)","周柯宇","K69tDEhjD9I","open"
"","Shine","Regine Velasquez","qBg_8jbgvfE","open"
"","Right Where You Belong","Julie Anne San Jose","0i3LcrXOn8w","open"
"","Your Song (My One and Only You)","Julie Anne San Jose","MgUiVmRxbt8","open"
"","Because You Loved Me (Theme from ""Up Close and Personal"")","Céline Dion","n3guwP3lZlc","open"
"","Midnight Sun","Zara Larsson","m3w6ZWLvGNU","open"
"","Misteryoso","Cup of Joe","myOD7aPxzpI","open"
"","Kaleidoscope World","Francis M","2bPWEyp91fI","open"
