code,title,artist,video_id,source
"3416","(Everything I Do) I Do It For You","Bryan Adams","","platinum"
"7534","(I Just Died) In Your Arms Tonight","Cutting Crew","","platinum"
"7538","(I've Had) The Time Of My Life","Dirty Dancing Theme","","platinum"
"7369","(Nice To Be) Happy","Alexia","","platinum"
"7537","(You Drive Me) Crazy","Britney Spears","","platinum"
"3031","(You're) Having My Baby","Paul Anka","","platinum"
"11644","1 + 1","Beyonce","","platinum"
"6020","10 Guitars","Engelbert Humperdinck","","platinum"
"3750","10,000 Promises","Backstreet Boys","","platinum"
"7814","100 Years","Five For Fighting","","platinum"
"3298","12 Days Of Christmas","Traditional","","platinum"
"9109","1963","New Order","","platinum"
"0092","1999","Prince","","platinum"
"4285","2 Become 1","Spice Girls","","platinum"
"11646","2 Different Tears","Wonder Girls","","platinum"
"6032","2 In A Million","S Club 7","","platinum"
"4911","2 Times","Ann Lee","","platinum"
"7539","2001 C.C. Rider","Elvis Presley","","platinum"
"8320","2005 Opm Hits Medley","Various Artist","","platinum"
"8373","2006-1 Opm Medley","Various Artist","","platinum"
"11732","2012 It Ain't The End","Jay Sean Ft. Nicki Minaj","","platinum"
"11004","21 Guns","Greenday","","platinum"
"5872","214","Rivermaya","","platinum"
"44862","22","Lily Allen","","platinum"
"8446","24 Hour Ago","Cueshe'","","platinum"
"8445","241 (My Favorite Song)","Rivermaya","","platinum"
"4266","25 6 To 4","Chicago","","platinum"
"4324","25 Minutes","Michael Learns To Rock","","platinum"
"44881","3","Britney Spears","","platinum"
"1766","3 A.M.","Matchbox 20","","platinum"
"11148","3 Words","Cheryl Cole Ft Will I. Am","","platinum"
"11771","5 O'Clock","T Pain Ft. Wiz Khalifa &","","platinum"
"9908","50 Ways To Leave Your Lover","Bamboo","","platinum"
"5773","6 8 12","Brian Mcknight","","platinum"
"11557","6 Foot 7 Foot","Lil Wayne","","platinum"
"44756","7 Things","Miley Cyrus","","platinum"
"9110","7 Twenty 7","Roxette","","platinum"
"44168","99 Red Balloons","Nena","","platinum"
"7551","A Better Man","Ogie Alcasid","","platinum"
"4391","A Big Hunk O' Love","Elvis Presley","","platinum"
"7597","A Broken Spirit","Gospel Song","","platinum"
"2923","A Certain Smile","Johnny Mathis","","platinum"
"3312","A Day In The Life","The Beatles","","platinum"
"9807","A Day On A Rainbow","Gerald Santos","","platinum"
"44038","A Different Beat","Boyzone","","platinum"
"1564","A Fool Such As I","Elvis Presley","","platinum"
"7872","A Girl Can Dream","Nina","","platinum"
"7541","A Girl Like You","Edwyn Collins","","platinum"
"2945","A Hard Days Night","Beatles","","platinum"
"0075","A Hazy Shade Of Winter","Bangles","","platinum"
"7566","A Heart Like Mine","Charlotte Dample","","platinum"
"0088","A Horse With No Name","America","","platinum"
"7543","A Kind Of Magic","Queen","","platinum"
"7881","A Little Bit","M.Y.M.P.","","platinum"
"3714","A Little Help From My Friends","The Beatles","","platinum"
"8867","A Little Respect","Wheatus","","platinum"
"9921","A Little Respect","Erasure","","platinum"
"9547","A Little Too Not Over You","David Archuleta","","platinum"
"9244","A Little Too Perfect","Sam Milby","","platinum"
"0273","A Long And Lasting Love","Crystal Gayle","","platinum"
"9801","A Long And Lasting Love","Kuh Ledesma","","platinum"
"1584","A Long Long Time Ago","Odette Quesada","","platinum"
"7540","A Love Affair","To Remember","","platinum"
"8950","A Love Song","Kenny Rogers","","platinum"
"1454","A Love To Last A Lifetime","Jose Mari Chan","","platinum"
"7544","A Man And A Woman","Engelbert Humperdick","","platinum"
"6658","A Man I'll Never Be","Boston","","platinum"
"0084","A Man Without Love","Engelbert Humperdinck","","platinum"
"7001","A Matter Of Trust","Billy Joel","","platinum"
"9659","A Million Miles","Joey Albert","","platinum"
"8313","A Moment Like This","Kelly Clarkson","","platinum"
"9933","A Moment Like This","Leona Lewis","","platinum"
"6159","A Natural Woman","Carole King","","platinum"
"6878","A New Day Has Come","Celine Dion","","platinum"
"4396","A Night Like This","The Cure","","platinum"
"9245","A Night To Remember","Shalamar","","platinum"
"5125","A Perfect Christmas","Jose Mari Chan","","platinum"
"11622","A Perfect Place","Stonefree","","platinum"
"7536","A Place In The Sun","Stevie Wonder","","platinum"
"7546","A Poor Man's Roses","Victor Wood","","platinum"
"11105","A Public Affair","Jessica Simpson","","platinum"
"7569","A Pure Heart","Gospel","","platinum"
"7570","A Shield About Me","Nikki Jacinto","","platinum"
"7571","A Simple Prayer","Chrishell Williams","","platinum"
"1570","A Smile In Your Heart","Jam Morales","","platinum"
"5771","A Song For Mama","Boyz II men","","platinum"
"0073","A Summer Place","Letterman","","platinum"
"7547","A Taste Of Honey","The Beatles","","platinum"
"7572","A Thankful Heart","Chloe","","platinum"
"7862","A Thousand Miles","Vanessa Carlton","","platinum"
"11703","A Thousand Years","Christina Perri","","platinum"
"2529","A Time For Us","Donny Osmond","","platinum"
"7548","A Very Special Love","Maureen Mcgovern","","platinum"
"9437","A Very Special Love","Sarah Geronimo","","platinum"
"4397","A Very Special Love Song","Charlie Rich","","platinum"
"4398","A View To Kill","Duran Duran","","platinum"
"44559","A Voice Within","Christina Aguilera","","platinum"
"7549","A Well Respected Man","Gary Lewis","","platinum"
"4399","A Whiter Shade Of Pale","Procol Halum","","platinum"
"3326","A Whole New World","Patti Austin","","platinum"
"11106","A Woman's Love","Alan Jackson","","platinum"
"7995","A Woman's Worth","Alicia Keys","","platinum"
"6160","A Word In Spanish","Elton John & Bernie","","platinum"
"11364","A Year Without Rain","Selena Gomez","","platinum"
"9264","Aaminin","6 Cyde Mind","","platinum"
"6805","Aangkin Sa Puso Ko","Vina Morales","","platinum"
"7542","Aanhin Pa Ang Pag-Ibig","Kathleen","","platinum"
"0374","Abacab","Genesis","","platinum"
"3036","Abc","Michael Jackson","","platinum"
"8631","Ablihi Na","Milyo Naryo","","platinum"
"8315","Abot Kamay","Orange And Lemons","","platinum"
"1474","About A Girl","Nirvana","","platinum"
"9955","About You Now","Sugababes","","platinum"
"7594","Above All","Scotty Hall","","platinum"
"6161","Abracadabra","Steve Miller Band","","platinum"
"5434","Absolutely Everybody","Vanesa Amorosi","","platinum"
"7356","Absorbing Man","Parokya Ni Edgar","","platinum"
"5923","Achy Breaky Heart","Billy Joe Cyrus","","platinum"
"3354","Achy Breaky Song","Weird Al Yankovich","","platinum"
"7552","Across The Universe","The Beatles","","platinum"
"1644","Act Naturally","Ringo Star","","platinum"
"3037","Adam And Eve","Paul Anka","","platinum"
"0435","Addicted To Love","Robert Palmer","","platinum"
"4400","Adia","Sarah Mclachlan","","platinum"
"8809","Adik Daw","Bisrock","","platinum"
"5553","Adik Sa 'Yo","Mystica","","platinum"
"7553","Adlaw Ug Gabi","Pilita Corales","","platinum"
"11726","Adolescents","Incubus","","platinum"
"6851","Adrienne","The Calling","","platinum"
"5417","Affairs Of The Heart","Fleetwood Mac","","platinum"
"6392","Affirmation","Savage Garden","","platinum"
"11206","Afraid For Love To Fade","Christian Bautista","","platinum"
"1195","Afraid For Love To Fade","Jose Mari Chan","","platinum"
"3039","Africa","Toto","","platinum"
"44264","After All","Cher And Peter Cetera","","platinum"
"9463","After All These Years","Arnel Pineda","","platinum"
"0830","After Midnight","Eric Clapton","","platinum"
"3040","After The Love Has Gone","Earth Wind And Fire","","platinum"
"0788","After The Loving","Englebert Humperdinck","","platinum"
"11788","Afterglow","Jose Mari Chan","","platinum"
"5790","Afternoon Delight","Starland Vocal Band","","platinum"
"44350","Afternoons And Coffee Spoons","Crash Test Dummies","","platinum"
"9917","Agadoo","Black Lace","","platinum"
"0535","Again","Janet Jackson","","platinum"
"5435","Again","Lenny Kravitz","","platinum"
"2795","Against All Odds","Phil Collins","","platinum"
"5406","Againts The Wind","Bob Seger","","platinum"
"8910","Agay","Bisrock","","platinum"
"8632","Agayat Ken Paayat","Ilocano Song","","platinum"
"9734","Agent Orange","Slapshock","","platinum"
"7760","Aguy Uray","Ilocano Song","","platinum"
"6868","Ain't It Funny","Jennifer Lopez","","platinum"
"44269","Ain't No Mountain High Enough","Diana Ross","","platinum"
"8539","Ain't No Other Man","Christina Aguilera","","platinum"
"7556","Ain't No Stopping Us Now","McFadden & Whitehead","","platinum"
"6164","Ain't No Sunshine","Bill Withers","","platinum"
"7555","Ain't No Way To Treat A Lady","Helen Reddy","","platinum"
"1544","Ain't That A Shame","Fats Domino","","platinum"
"3041","Ain't Nothing Like The Real","Marvin Gaye","","platinum"
"7557","Air That I Breathe","Simply Red","","platinum"
"11172","Airplane","B.O.B. Feat Hayley Williams","","platinum"
"11508","Airplanes Part 1","B.O.B. Feat Hayley Williams","","platinum"
"0851","Aja","Steely Dan","","platinum"
"9425","Akala","Parokya Ni Edgar","","platinum"
"9795","Akala Ko Ay Ikaw Na","Willie Revillame","","platinum"
"1040","Akala Ko'y Para Sa Akin","Allona","","platinum"
"5914","Akala Mo","Aiza Seguerra","","platinum"
"9023","Akala Mo Lang","Zelle","","platinum"
"8246","Akap","Imago","","platinum"
"8444","Akin Ka Na Lang","Itchy Worms","","platinum"
"1042","Aking Ama","Father & Sons","","platinum"
"9246","Aking Hiling","Third Avenue","","platinum"
"0315","Aking Minahal","Rockstar 2","","platinum"
"7794","Aking Susundin","Leny Prieto","","platinum"
"8862","Ako","Rj Jimenez","","platinum"
"7708","Ako Ang Mamisita","Visayan Song","","platinum"
"5555","Ako Ang Nagtanim","Mabuhay Singers","","platinum"
"0254","Ako Ay Ikaw Rin","","","platinum"
"7435","Ako Ay May Pusa","Awit Pambata","","platinum"
"7709","Ako Ay Para Sa Iyo","Edwin Roces","","platinum"
"9660","Ako Ay Pilipino","Kuh Ledesma","","platinum"
"6771","Ako Ba O Siya?","Hannah Villame","","platinum"
"7712","Ako Kini Higala","Visayan Song","","platinum"
"5484","Ako Na Ang Lalayo","Fredrick Guerrero","","platinum"
"11687","Ako Na Lang","Zia Quizon","","platinum"
"7112","Ako Na Lang Ang Lalayo","Chino Roces","","platinum"
"7562","Ako Nga Ba Ito","Imelda Papin","","platinum"
"8431","Ako Pa Rin","Shamrock","","platinum"
"8432","Ako Si M-16","Junior Kilat","","platinum"
"0494","Ako Si Superman","Rey Valera","","platinum"
"6915","Ako'y Ikaw Rin","Nnoy Zuniga","","platinum"
"1246","Ako'y Nagkamali","Cristy Mendoza","","platinum"
"8633","Akong Kalibutan","Visayan Song","","platinum"
"7143","Akong Pinagga","Visayan Song","","platinum"
"6527","Ako'y Ako","Erma Dela Cruz","","platinum"
"9413","Ako'y Babalik","Callalily","","platinum"
"5703","Ako'y Isang Pinoy","Florante","","platinum"
"7863","Ako'y Maghihintay","M.Bautista And","","platinum"
"7714","Ako'y Magpupuri","Maranatha Singers","","platinum"
"9111","Ako'y Nagkamali","Cristy Mendoza","","platinum"
"7815","Ako'y Sa 'Yo Lamang","Piolo Pascual","","platinum"
"5557","Ako'y Sa'yo","First Circle","","platinum"
"9803","Ako'y Sa'yo","Regine Velasquez","","platinum"
"7716","Ako'y Sayong Sayo","Himig","","platinum"
"6773","Alaala","Freddie Aguilar","","platinum"
"7816","Ala-Ala","True Faith","","platinum"
"8951","Ala-Ala","Kollide","","platinum"
"6772","Alaala Ay Ikaw","Eddie Peregrina","","platinum"
"0316","Ala-Ala Mo","White Lies","","platinum"
"5126","Ala-Ala Ng Lumipas","","","platinum"
"9600","Ala-Ala Niya","Piolo Pascual","","platinum"
"11651","Ala-Alang Nagbabalik","Edgar Mortiz","","platinum"
"7222","Ala-Ala'y Nagbabalik","Henna V.","","platinum"
"6774","Alab","Hannah Villame","","platinum"
"7560","Alab Ng Puso","Rivermaya","","platinum"
"7561","Alabang Girls","Andrew E.","","platinum"
"7428","Alam Kong Ako'y Mahal Mo","Bayani Agbayani","","platinum"
"7721","Alam Kong Alam Mo","A. Flores","","platinum"
"7415","Alam Kong Di Ako Ok Lang","Bayani Agbayani","","platinum"
"1315","Alam Mo Ba","Vina Morales","","platinum"
"6775","Alam Mo Ba","Marissa Sanchez","","platinum"
"7273","Alam Mo Ba","Ara Mina","","platinum"
"8823","Alam Ng Ating Mga Puso","Rachelle Ann Go","","platinum"
"9601","Alapaap","Eraserheads","","platinum"
"2309","Alas De Papel","La Mafia","","platinum"
"11239","Alay","Kamikaze","","platinum"
"7620","Alay Ko Sa'yo","Carmela Cuneta","","platinum"
"6917","Alay Sa Yo","Vic J.","","platinum"
"8799","Ale","The Bloomfields","","platinum"
"11165","Alejandro","Lady Gaga","","platinum"
"7224","Alimukon","Visayan Song","","platinum"
"8810","Alinlangan","Jolina M.","","platinum"
"8390","Alipin","Shamrock","","platinum"
"7817","Alipin Ako","Mari V. Saturno","","platinum"
"9865","Alipin Ako","Laarni Lozada","","platinum"
"7713","Alipinin Mo Ako","Crisel Perez","","platinum"
"11752","Alive","Never The Strangers","","platinum"
"8491","Alive","Frio","","platinum"
"2989","Alive And Kicking","Simple Minds","","platinum"
"11593","All About Him","Auburn","","platinum"
"6090","All About The Money","Meja","","platinum"
"9938","All About You","Mcfly","","platinum"
"44635","All American Girl","Carrie Underwood","","platinum"
"1574","All Apologies","Nirvana","","platinum"
"3043","All At Once","Whitney Houston","","platinum"
"11160","All Behind Us Now","Patti Austin","","platinum"
"3044","All By Myself","Eric Carmen","","platinum"
"4367","All By Myself","Celine Dion","","platinum"
"3743","All Day All Night","","","platinum"
"0737","All For Love","Color Me Badd","","platinum"
"5749","All For Love","Bryan Adams,Rod","","platinum"
"5537","All For You","Janet Jackson","","platinum"
"6091","All I Ask Of You","Barbra Streisand","","platinum"
"9219","All I Have","Jennifer Lopez Feat.","","platinum"
"2772","All I Have To Do Is Dream","Juice Newton","","platinum"
"4301","All I Have To Give","Backstreet Boys","","platinum"
"1768","All I Need","Jay R.","","platinum"
"7563","All I Need","Jack Wagner","","platinum"
"9283","All I Need","Shamrock","","platinum"
"1685","All I Wanna Do","Sheryl Crow","","platinum"
"5401","All I Wanna Do Is Make Love To You","Heart","","platinum"
"0512","All I Want","Toad The Wet Sprocket","","platinum"
"1765","All I Want Is Everything","Def Leppard","","platinum"
"4404","All I Want Is You","Carly Simon","","platinum"
"7225","All In Love Is Fair","Stevie B.","","platinum"
"11236","All Me","Toni Gonzaga","","platinum"
"0547","All My Life","America","","platinum"
"4293","All My Life","Kc & Jojo","","platinum"
"0790","All My Lovin","The Beatles","","platinum"
"4183","All Night Long","Lionel Ritchie","","platinum"
"5810","All Of A Sudden","Matt Monro","","platinum"
"2532","All Of Me","Frank Sinatra","","platinum"
"5925","All Or Nothing","O-Town","","platinum"
"2751","All Out Of Love","Air Supply","","platinum"
"8532","All Over You","Live","","platinum"
"3046","All Shook Up","Elvis Presley","","platinum"
"7002","All Star","Smash Mouth","","platinum"
"11088","All Summer Long","Kid Rock","","platinum"
"4313","All That I Need","Boyzone","","platinum"
"4357","All That She Wants","Ace Of Base","","platinum"
"5538","All The Love In The World","The Corrs","","platinum"
"11194","All The Lovers","Kylie Minogue","","platinum"
"0498","All The Man That I Need","Whitney Houston","","platinum"
"6669","All The Small Things","Blink 182","","platinum"
"7013","All The Way","Johnny Mathis","","platinum"
"9913","All The Young Dudes","Mott The Hoople","","platinum"
"4184","All Things You Are","Frank Sinatra","","platinum"
"1688","All This Time","Tiffany","","platinum"
"9599","All This Time","Six Part Invention","","platinum"
"2997","All You Need Is Love","The Beatles","","platinum"
"7683","All You Wanted","Michelle Branch","","platinum"
"1545","Almas","Randy Crawford","","platinum"
"6530","Almost Over You","Sheena Easton","","platinum"
"9783","Almost Over You","Karylle","","platinum"
"1723","Almost Paradise","Mike Reno & Ann Wilson","","platinum"
"7046","Alone","Hearts","","platinum"
"2716","Alone Again","Gilbert O'sullivan","","platinum"
"1316","Alphabet Song","Traditional","","platinum"
"44886","Already Gone","Kelly Clarkson","","platinum"
"9956","Alright","Supergrass","","platinum"
"1769","Alumni Home Coming","Parokya Ni Edgar","","platinum"
"3048","Always","Bon Jovi","","platinum"
"7057","Always","Atlantic Star","","platinum"
"8213","Always","Erasure","","platinum"
"8263","Always","Marco Sison","","platinum"
"0246","Always And Forever","Heatwave","","platinum"
"3314","Always Be My Baby","Mariah Carey","","platinum"
"9394","Always Be My Baby","David Cook","","platinum"
"5757","Always On My Mind","Pet Shop Boys","","platinum"
"4331","Always Something There To Remind Me","Naked Eyes","","platinum"
"3049","Always Somewhere","Scorpions","","platinum"
"9780","Always You","Charice Pempengco","","platinum"
"1435","Am I That Easy To Forget","Engelbert Humperdinck","","platinum"
"5926","Am I The Same Girl","Swing Out Sister","","platinum"
"11652","Amanda","Boston","","platinum"
"9661","Amats","Parokya Ni Edgar","","platinum"
"4408","Amazed","Lonestar","","platinum"
"1317","Amazing","Aerosmith","","platinum"
"2533","Amazing Grace","Judy Collins","","platinum"
"8555","Ambisyoso","Kamikazee","","platinum"
"9373","Ambot Ha Im","Bolingling","","platinum"
"9945","America","Razorlight","","platinum"
"9922","American Boy","Estelle","","platinum"
"9411","American Gurl","Marcus Highway","","platinum"
"8016","American Pie","Don Mclean","","platinum"
"44391","American Woman","Lenny Kravitz","","platinum"
"9602","Aminin","Rachel Alejandro","","platinum"
"8314","Amoy Ng Papa","Sexbomb Girls","","platinum"
"9550","An Updated Version Of Me","Kc Concepcion","","platinum"
"1426","Anak","Freddie Aguilar","","platinum"
"9516","Anak Ka Ng Langit","Vhong Navarro","","platinum"
"8176","Anak Ng Pasig","Geneva Cruz","","platinum"
"8413","Anatani Aitakute","Matsuda Seiko","","platinum"
"11483","And I Am Telling You","Charice Pempengco","","platinum"
"2534","And I Love Her","Beatles","","platinum"
"2535","And I Love You So","Perry Como","","platinum"
"9777","And I Love You So","Regine Velasquez","","platinum"
"7068","And When I Die","Blood Sweat And Tears","","platinum"
"5679","Andrew Ford Medina","Andrew E.","","platinum"
"3050","Ang Aking Awitin","Side A","","platinum"
"9794","Ang Aking Puso","Janno Gibbs ft Kyla","","platinum"
"7429","Ang Alaga Kong Aso","Awit Pambata","","platinum"
"0127","Ang Bayan Kong Sinilangan","Asin","","platinum"
"1044","Ang Boyfriend Kong Baduy","Cinderella","","platinum"
"1181","Ang Buhay Ko","Asin","","platinum"
"7236","Ang Buhay Ko","Aegis","","platinum"
"9662","Ang Buhay Nga Naman","Freddie Aguilar","","platinum"
"1447","Ang Gaan Ng Feeling","Geneva Cruz","","platinum"
"7067","Ang Hanap Ko Ay Yong Pag-Ibig","Michelle Ayala","","platinum"
"1135","Ang Himig Natin","Juan Dela Cruz Band","","platinum"
"3057","Ang Huling El Bimbo","Eraser Heads","","platinum"
"11381","Ang Huling Yakap Ng Mundo","Imago","","platinum"
"6531","Ang Ibigin Ay Ikaw","Lani Misalucha","","platinum"
"9269","Ang Iyong Paalam","The Dawn","","platinum"
"5928","Ang Iyong Pag-Ibig","Jude Michael","","platinum"
"8636","Ang Kadalagahan","Big 3 Sullivans","","platinum"
"8637","Ang Kalibutan Kalit Mangitngit","Visayan Song","","platinum"
"8975","Ang Katulad Mong Walang Katulad","Orange And Lemons","","platinum"
"4914","Ang Lahat Ng Ito'y Para Sayo","Lani Misalucha","","platinum"
"8824","Ang Lahat Para Sa'yo","Sheryn Regis","","platinum"
"7090","Ang Langit Ko'y Ikaw","C. De Guzman","","platinum"
"8638","Ang Organ Ko Tagalog","Milyo Naryo","","platinum"
"9281","Ang Pag-Ibig Kong Ito","Sheryn Regis","","platinum"
"9112","Ang Pag-Ibig Pala","Chiqui Pineda","","platinum"
"3051","Ang Pasko Ay Sumapit","Levi Celerio","","platinum"
"6719","Ang Peyk Peyk Mo","Joey De Leon","","platinum"
"9663","Ang Pipit","Pilita Corales","","platinum"
"9846","Ang Pusa Mo","Pedicab","","platinum"
"9320","Ang Sarap Dito","Project 1","","platinum"
"9353","Ang Sarap Mong Magmahal","Night Shift","","platinum"
"6720","Ang Sarap-Sarap Ng..","Maricel","","platinum"
"8640","Ang Sing-Sing Kong Gasa","Visayan Song","","platinum"
"7110","Ang Tangi Kong Pag-Ibig","Fernando Poe Jr.","","platinum"
"9664","Ang Tangi Kong Pag-Ibig","Noel Cabangon","","platinum"
"7120","Ang Tao'y Marupok","Rico J.Puno","","platinum"
"0763","Ang Tipo Kong Lalaki","Dj Alvaro","","platinum"
"7318","Ang Umaayaw Ay Di Nagwawagi","Freddie Aguilar","","platinum"
"11672","Angel","Sarah Mclachlan","","platinum"
"2402","Angel","John Secada","","platinum"
"7324","Angel","Shaggy","","platinum"
"8001","Angel","The Corrs","","platinum"
"9604","Angel Eyes","Piolo Pascual","","platinum"
"8911","Angel Na Magbalantay","Bisrock","","platinum"
"3052","Angel Of Harlem","U2","","platinum"
"5127","Angel Of Mine","Monica","","platinum"
"9808","Angel Of Mine","M.Y.M.P.","","platinum"
"1318","Angel On My Shoulder","Cascades","","platinum"
"5811","Angelina","Lou Bega","","platinum"
"4411","Angels","Robbie Williams","","platinum"
"8006","Angels Brought Me Here","Guy Sebastian","","platinum"
"11389","Angels Cry","Mariah Carey Ft Ne-Yo","","platinum"
"8574","Anghel","Stonefree","","platinum"
"7124","Angie","Rolling Stones","","platinum"
"44353","Animal","Def Leppard","","platinum"
"4311","Animal Song","Savage Garden","","platinum"
"8397","Anino","Imago","","platinum"
"7135","Anna","Apo Hiking Society","","platinum"
"7069","Annie Batumbakal","Hotdogs","","platinum"
"2700","Annie's Song","John Denver","","platinum"
"6721","Ano Ang Babaguhin Ko...","Siakol","","platinum"
"1149","Ano Ang Gagawin","Eva Eugenio","","platinum"
"6722","Ano Bang Meron Siya Na..","Eva Eugenio","","platinum"
"6961","Ano Ka, Hilo?","Gee Girls","","platinum"
"7820","Anong Dali Sabihin","Ladine Roxas","","platinum"
"1108","Anong Nangyayari","Michael Laygo","","platinum"
"7142","Another Brick In The Wall","Pink Floyd","","platinum"
"3687","Another Brick In The Wall 2","Pink Floyd","","platinum"
"9113","Another Chance","Keno","","platinum"
"0818","Another Day","Paul Mccartney","","platinum"
"2754","Another Day In Paradise","Phil Collins","","platinum"
"9605","Another Goodbye Song","Van Louelle Pojas","","platinum"
"3343","Another One Bite The Dust","Queen","","platinum"
"5931","Another Place Another Time","Engelbert Humperdinck","","platinum"
"1399","Another Sad Love Song","Toni Braxton","","platinum"
"7319","Another Somebody","B.J.Thomas","","platinum"
"44644","Another Try","Josh Turner Feat. Trisha","","platinum"
"7902","Answer The Phone","Chona Pada","","platinum"
"7821","Anticipating","Britney Spears","","platinum"
"0025","Anticipation","Joy Gonzaga","","platinum"
"2536","Antonio's Song","Michael Franks","","platinum"
"9657","Antukin","Rico Blanco","","platinum"
"8641","Anugon, Anugon","Visayan Song","","platinum"
"7471","Any Day Now","Elvis Presley","","platinum"
"7144","Any Dream Will Do","Boston","","platinum"
"6396","Anyone Can See","Irene Cara","","platinum"
"11720","Anyone Of Us (Stupid Mistake)","Gareth Gates","","platinum"
"44356","Anyone Who Had A Heart","Dionne Warwick7","","platinum"
"3053","Anything For You","Miami Sound Machine","","platinum"
"3054","Anything Goes","Frank Sinatra","","platinum"
"3749","Anything That's Part Of You","Elvis Presley","","platinum"
"0520","Anytime","The Jets","","platinum"
"7146","Anytime","Janet Jackson","","platinum"
"1319","Anytime You Need A Friend","Mariah Carey","","platinum"
"7376","Anytime You Need Love","Kelly Clarkson","","platinum"
"4414","Anyway You Want Me","Elvis Presley","","platinum"
"5932","Anywhere For You","Backstreet Boys","","platinum"
"44362","Anywhere Is","Enya","","platinum"
"8642","Apay-Apay","Ilocano Song","","platinum"
"9234","Apologize","Timbaland","","platinum"
"6972","April Boy Medley","April Boy","","platinum"
"7147","April Come She Will","Simon And Garfunkel","","platinum"
"2909","April Love","Pat Boone","","platinum"
"2880","Aquarius","5th Dimension","","platinum"
"8811","Aral","Totoy Bato","","platinum"
"8324","Araw Gabi","Regine Velasquez","","platinum"
"7062","Araw Ng Pasko","Fruit Cake","","platinum"
"6724","Araw-Araw","Boyfriends","","platinum"
"9114","Araw-Araw","Boyfriends","","platinum"
"3055","Araw-Araw Gabi-Gabi","Didith Reyes","","platinum"
"11058","Araw-Araw Na Lang","Aegis","","platinum"
"8890","Araw't Gabi","True Faith","","platinum"
"4915","Arayyy..","Mae Rivera","","platinum"
"5396","Are You Gonna Go My Way","Lenny Kravitz","","platinum"
"7630","Are You Happy Now","Michelle Branch","","platinum"
"3056","Are You Lonesome Tonight?","Elvis Presley","","platinum"
"1436","Around The World","Aqua","","platinum"
"7148","Around The World","Martyn Monroe","","platinum"
"7822","Around The World","ATC","","platinum"
"7997","Around You","Tribe Of Levi","","platinum"
"0593","Arthur's Theme","Christopher Cross","","platinum"
"5789","As I Lay Me Down","Sophie B. Hawkins","","platinum"
"6751","As I Lay My Love On You","Westlife","","platinum"
"0026","As Long As He Needs Me","Anita Bryant","","platinum"
"8487","As Long As It Matters","Gin Blossoms","","platinum"
"4286","As Long As You Love Me","Backstreet Boys","","platinum"
"0956","As Sure As I'm Standing There","Barry Manilow","","platinum"
"2538","As Tears Go By","Rolling Stones","","platinum"
"8900","As The Music Plays The Band","Bamboo","","platinum"
"1320","As Time Goes By","Frank Sinatra","","platinum"
"7823","As We Dance","Paolo Santos","","platinum"
"9372","As You Believe","Zelle","","platinum"
"8255","Asa","South Border","","platinum"
"8643","Asa Ka Inday","Visayan Song","","platinum"
"8899","Asa Ka Pa","Blue Ketchup","","platinum"
"11814","Asahan Mo","Siakol","","platinum"
"6510","Asereje Ketchup Song","Las Ketchup","","platinum"
"9424","Asero","Janno Gibbs","","platinum"
"7050","Asin Medley","Asin","","platinum"
"7230","Ask For More","F4","","platinum"
"6725","Aso","Siakol","","platinum"
"11170","Aso't Pusa","Hale","","platinum"
"7150","Astrud","Basia","","platinum"
"9606","Asya","Bayang Barrios","","platinum"
"7151","At Kung Malayo Ka","Melody","","platinum"
"8825","At Nakalimutan Ang Diyos","Wuds","","platinum"
"6534","At Seventeen","Janis Ian","","platinum"
"5414","At The Beginning","Richard Marx","","platinum"
"8883","At Your Best","Aaliyah","","platinum"
"5514","At Your Side","The Corrs","","platinum"
"1654","Atin Cu Pung Singsing","Pampanga Song","","platinum"
"0610","Aubrey","Bread","","platinum"
"1642","Auld Lang Syne","Guy Lombardo","","platinum"
"7989","Automatic","Utada Hikaru","","platinum"
"2539","Autumn Leaves","Andy Williams","","platinum"
"8391","Average Joe","Y-Not","","platinum"
"9735","Away Bati","Yeng Constantino","","platinum"
"7066","Away In A Manger","Various","","platinum"
"7358","Awesome In This Place","Pestano","","platinum"
"5934","Awit At Pag-Ibig","Aegis","","platinum"
"7153","Awit Ng Barkada","Apo Hiking Society","","platinum"
"8058","Awit Ng Kabataan","Rivermaya","","platinum"
"11695","Awit Ng Paghahangad","Bukas Palad","","platinum"
"8898","Awit Ng Pangarap","Yeng Constantino","","platinum"
"1140","Awit Para Sa 'Yo","Jamie Rivera","","platinum"
"7156","Awitin Mo","Vst & Company","","platinum"
"4916","Ay Ay Ay Pag-Ibig","Ara Mina","","platinum"
"8644","Ay Ay Pay Toy Gasat","Ilocano Song","","platinum"
"8645","Ay Ay Salidumay","Big 3 Sullivans","","platinum"
"8634","Ay Bituen Ko","Visayan Song","","platinum"
"7329","Ayaw Katahap","Visayan Song","","platinum"
"8912","Ayaw Padala Sa Tama","Bisrock","","platinum"
"6728","Ayoko Na Sa Yo","Siakol","","platinum"
"7157","Ayoko Na Sana","Ariel Rivera","","platinum"
"1279","Ayoko Na Sa'yo","Sharon Cuneta","","platinum"
"6729","Ayoko Ng Isipin Pa","J. Brothers","","platinum"
"11396","Ayos Lang Ako","Rocksteddy","","platinum"
"9452","Ayos Na Ang Buto-Buto","Vhong Navarro","","platinum"
"9788","Ayt","Spongecola","","platinum"
"9826","Ayus","Rico Blanco","","platinum"
"1321","Baa Baa Black Sheep","Traditional","","platinum"
"7158","Babae","Hagibis","","platinum"
"6778","Babae Ako","Eva Eugenio","","platinum"
"9607","Babae Na Ako","Zsa Zsa Zaturnnah","","platinum"
"7864","Babae Po Ako","Tuesday","","platinum"
"8497","Babaeng Uy Ay","Various Artist","","platinum"
"5682","Babalik Ka Rin","Victor Wood","","platinum"
"1322","Babalikang Muli","Regine Velasquez","","platinum"
"6535","Babalik-Balikan","Haji & Rachel","","platinum"
"1625","Babe","Styx","","platinum"
"11033","Baby","Justin Bieber ft Ludacris","","platinum"
"6779","Baby Ang Ganda Mo","Rico Puno","","platinum"
"7444","Baby Ang Sarap","Sexbomb Girls","","platinum"
"0853","Baby Baby","Amy Grant","","platinum"
"7360","Baby Boy","Beyonce","","platinum"
"4283","Baby Can I Hold You","Boyzone","","platinum"
"3329","Baby Come Back","Player","","platinum"
"7160","Baby Come Back To Me","Michael Bolton","","platinum"
"0712","Baby Come To Me","Patti Austin","","platinum"
"9517","Baby Don't You Break My Heart Slow","M.Y.M.P.","","platinum"
"0976","Baby Face","U2","","platinum"
"1546","Baby I Don't Care","Elvis Presley","","platinum"
"5812","Baby I Love You","J Brothers","","platinum"
"0597","Baby I Love Your Way","Big Mountain","","platinum"
"1640","Baby I Need Your Loving","The Four Tops","","platinum"
"2861","Baby I'm A Want You","Bread","","platinum"
"9827","Baby It's Time","Rachelle Ann Go","","platinum"
"44080","Baby Love","Diana Ross","","platinum"
"44613","Baby Love","Nicole Scherzinger","","platinum"
"0993","Baby Now That I Found You","Alison Krauss","","platinum"
"4927","Baby One More Time","Britney Spears","","platinum"
"3760","Baby The Rain Must Fall","Glenn Yarbrough","","platinum"
"6167","Baby What A Big Surprise","Chicago","","platinum"
"0017","Baby You're A Rich Man","Beatles","","platinum"
"9507","Back 2 U","Cueshe","","platinum"
"7271","Back At One","Brian Mcknight","","platinum"
"0738","Back For Good","Take That","","platinum"
"7163","Back In The USSR","The Beatles","","platinum"
"9759","Back In Time","Kyla Duet With Jay-R","","platinum"
"9736","Back In Your Arms","Joanne Lorenzana","","platinum"
"9235","Back To Black","Amy Winehouse","","platinum"
"11569","Back To December","Taylor Swift","","platinum"
"11398","Back To Love","Quest Ft Nimbus","","platinum"
"8485","Back To Me","Cueshe","","platinum"
"5343","Back To You","Bryan Adams","","platinum"
"7684","Back To You","John Mayer","","platinum"
"1689","Bad","Michael Jackson","","platinum"
"0375","Bad Case Of Loving You","Robert Palmer","","platinum"
"8414","Bad Day","Daniel Powter","","platinum"
"0050","Bad Girls","Donna Summer","","platinum"
"3330","Bad Love","Eric Clapton","","platinum"
"44477","Bad Medicine","Bon Jovi","","platinum"
"3058","Bad Moon Rising","CCR","","platinum"
"11020","Bad Romance","Lady Gaga","","platinum"
"11645","Bagong Sigaw","Bamboo","","platinum"
"11794","Bagsakan","Parokya Ni Edgar Ft","","platinum"
"8316","Bahala Ka","J. Brothers","","platinum"
"7621","Bahala Na","Jolina Magdangal","","platinum"
"6399","Bahama Mama","Boney M","","platinum"
"9904","Bahay Kubo","Hale","","platinum"
"4421","Bailamos","Enrique Iglesias","","platinum"
"8826","Baile","Rochelle Ft. Gloc 9","","platinum"
"9665","Baka Lasing Ka Lang","Patricia Javier","","platinum"
"4918","Baka Mayroong Iba","Jerome Abalos","","platinum"
"3059","Baka Sakaling Mahalin Mo Rin Ako","Rey Valera","","platinum"
"9247","Bakakon","Scrambled Eggs","","platinum"
"7825","Bakal Na Rehas","No Bail Band","","platinum"
"6781","Bakas Ng Lumipas","Eddie Peregrina","","platinum"
"7474","Bakerstreet","Gerry Rafferty","","platinum"
"5683","Bakit","Rea Valle","","platinum"
"5813","Bakit","Imelda Papin","","platinum"
"6377","Bakit","Vehnee Saturno","","platinum"
"6400","Bakit","Aegis","","platinum"
"7764","Bakit","Michael V.","","platinum"
"8504","Bakit","Rachel Ann Go","","platinum"
"8619","Bakit","Cueshe","","platinum"
"9666","Bakit Ako Mahahiya","Dulce","","platinum"
"8783","Bakit Ang Babae","Apo Hiking Society","","platinum"
"5345","Bakit Ba Ganyan","Dina Bonnevie","","platinum"
"9608","Bakit Ba Ikaw","Lani Misalucha","","platinum"
"9221","Bakit Ba Inibig Ka","Erik S. & Regine V.","","platinum"
"3060","Bakit Ba?","Siakol","","platinum"
"9828","Bakit Ba?","Bugoy Drilon","","platinum"
"6732","Bakit Di Mo Sinabi","Teresa","","platinum"
"7270","Bakit Di Totohanin","Carol Banawa","","platinum"
"9115","Bakit Ikaw Pa","Claire Dela Fuente","","platinum"
"9415","Bakit Ikaw Pa Rin","Manoris Garcia","","platinum"
"7826","Bakit Iniwan Na","Freestyle","","platinum"
"7275","Bakit Ka Iiyak?","Jeremiah","","platinum"
"1601","Bakit Ka Lumayo","Ogie Alcasid","","platinum"
"6479","Bakit Ka Nagbago","Joey Albert","","platinum"
"9116","Bakit Kaya","Imelda Papin","","platinum"
"1301","Bakit Kung Sino Pa","Lloyd Umali","","platinum"
"1323","Bakit Labis Kitang Mahal","Boyfriends","","platinum"
"5567","Bakit Mo Iniiba","Nikki Valdez","","platinum"
"7331","Bakit Mo Iniwan","Melissa Gibbs","","platinum"
"9117","Bakit Mo Pa Inibig","Imelda Papin","","platinum"
"1045","Bakit Nga Ba Mahal Kita","Roselle Nava","","platinum"
"6983","Bakit Ngayon Ka Lang","Freestyle","","platinum"
"0240","Bakit Pa","Jessa Zaragoza","","platinum"
"11840","Bakit Pa Ba","Sarah Geronimo","","platinum"
"7377","Bakit Pa Ba","Jay-R","","platinum"
"9118","Bakit Pa Kita Minahal","Cristy Mendoza","","platinum"
"6096","Bakit Papa","Sexbomb Girls","","platinum"
"7615","Bakit Sayo Pa","Roel Cortez","","platinum"
"4919","Bakit Sinta","Paul Sapiera","","platinum"
"7170","Bakya Mo Neneng","Pinoy Classic","","platinum"
"0107","Balat-Kayo","Anthony Castello","","platinum"
"5939","Baleleng","Max Surban","","platinum"
"9866","Balisa","Angel Mocatuno","","platinum"
"7677","Balisong","Rivermaya","","platinum"
"8647","Balitaw Ko","Visayan Song","","platinum"
"11208","Baliw","Kiss Jane","","platinum"
"5941","Baliw","Claire De La Fuente","","platinum"
"7827","Baliw","Mark Bautista","","platinum"
"7765","Baliw Ako Sa Iyo","Sheila Mae","","platinum"
"9024","Baliw Na Baliw","Join The Club","","platinum"
"4920","Baliw Na Puso","Jessa Zaragoza","","platinum"
"0810","Ballad Of John And Yoko","The Beatles","","platinum"
"9120","Balong Malalim","Juan Dela Cruz","","platinum"
"8648","Balud Sa Kalimot","Visayan Song","","platinum"
"5070","Bamboleo","Julio Iglesias","","platinum"
"8649","Banag Na Banag Satungang Gabi","Visayan Song","","platinum"
"1471","Banal Na Aso Santong Kabayo","Yano","","platinum"
"9765","Banana (Right Now)","Blank Tape","","platinum"
"3331","Banana Boat Song","","","platinum"
"9455","Banana Q (Don't Matter)","Visayan Version","","platinum"
"9485","Banana Split","Cool Chix","","platinum"
"2860","Band On The Run","Paul Mccartney","","platinum"
"9025","Banda Ng Bayan","Rivermaya","","platinum"
"2879","Bang Bang","Cher","","platinum"
"11002","Bangon","Rico Blanco","","platinum"
"8650","Bannatiran","Ilocano Song","","platinum"
"7276","Banyo Queen","Andrew E.","","platinum"
"9045","Barako","Barako Boys","","platinum"
"7171","Barbara Ann","Beach Boys","","platinum"
"4296","Barbie Girl","Aqua","","platinum"
"44017","Barbie Girl","Aqua","","platinum"
"3333","Bare Necessity","","","platinum"
"9387","Barista (Bartender)","Tagalog Version","","platinum"
"8651","Barkong Karaan","Max Surban","","platinum"
"9374","Bartender","T-pain ft. Akon","","platinum"
"7269","Basang-Basa Sa Ulan","Aegis","","platinum"
"8262","Basket Case","Greenday","","platinum"
"8095","Basketball","Viva Hotbabes","","platinum"
"8652","Basketbol","Big 3 Sullivans","","platinum"
"8653","Basol Mo Lalaki","Ilocano Song","","platinum"
"11594","Bass Down Low","The Cataracs Ft Dev","","platinum"
"6713","Basta't Ikaw","Jeremiah","","platinum"
"9121","Basta't Isipin Mo","Bing Rodrigo","","platinum"
"0782","Basta't Kasama Kita","Dingdong Avanzado","","platinum"
"0605","Basta't Mahal Kita","John Melo","","platinum"
"5132","Basta't Mahal Kita","Renz Verano","","platinum"
"6782","Basta't-Basta","True Faith","","platinum"
"9552","Basted","Siakol","","platinum"
"7682","Ba't Di Mo Pagbigyan","King","","platinum"
"1284","Bat Di Mo Sabihin","","","platinum"
"11212","Bata","BBS, Kean And","","platinum"
"1156","Batang Bata Ka Pa","Jim Paredes","","platinum"
"11053","Bathroom Dance","Michael V.","","platinum"
"7766","Bati Na Tayo","Agaw Agimat","","platinum"
"7956","Batibot","Alamid","","platinum"
"1329","Bato Sa Buhangin","Cinderella","","platinum"
"44824","Battlefield","Jordin Sparks","","platinum"
"7725","Batuta","Roger Dames","","platinum"
"6783","Baurin Mo Ang Pag-Ibig Ko","J. Brothers","","platinum"
"3061","Bawal Na Gamot","Willie Garte","","platinum"
"1175","Bawal Na Pag-Ibig","","","platinum"
"9223","Bawat Bata","Akee","","platinum"
"3064","Bayan Ko","Freddie Aguilar","","platinum"
"0440","Be Bop A Lula","Gene Vincent","","platinum"
"7173","Be It Unto Me","Don Moen","","platinum"
"8654","Be Kayen To Animals","Max Surban","","platinum"
"3770","Be My Lady","Martin Nievera","","platinum"
"3025","Be My Love","Mario Lanza","","platinum"
"3771","Be Still My Beating Heart","J. Bernardo","","platinum"
"7915","Be With You","Enrique Iglesias","","platinum"
"4365","Beat It","Michael Jackson","","platinum"
"8461","Beat Of My Heart","Hillary Duff","","platinum"
"7134","Beatles Medley (Stars On 45)","The Beatles","","platinum"
"44808","Beautiful","Akon & Kardinal","","platinum"
"6536","Beautiful","Christina Aguilera","","platinum"
"8590","Beautiful Days","Kyla","","platinum"
"8274","Beautiful Disaster","Kelly Clarkson","","platinum"
"11663","Beautiful Girl","Jose Mari Chan","","platinum"
"8865","Beautiful Girls","Sean Kingston","","platinum"
"3336","Beautiful Goodbye","Amanda Marshall","","platinum"
"1472","Beautiful In My Eyes","Joshua Kadison","","platinum"
"8612","Beautiful Liar","Beyonce & Shakira","","platinum"
"4302","Beautiful Life","Ace Of Bace","","platinum"
"11454","Beautiful Monster","Ne-yo","","platinum"
"8426","Beautiful Ones","Suede","","platinum"
"8205","Beautiful Soul","Jesse Mccartney","","platinum"
"4423","Beautiful Stranger","Madonna","","platinum"
"0166","Beautiful Sunday","Daniel Boone","","platinum"
"1548","Beauty And Madness","Fralippo Lippi","","platinum"
"2543","Beauty And The Beast","Peabo Bryson &","","platinum"
"8395","Bebot","Black Eyed Peas","","platinum"
"44541","Because I Got High","Afroman","","platinum"
"11769","Because I Love You","Stevie B","","platinum"
"0267","Because Of Love","Menudo","","platinum"
"1407","Because Of You","Tony Bennet","","platinum"
"4374","Because Of You","98 Degrees","","platinum"
"7378","Because Of You","Keith Martin","","platinum"
"8322","Because Of You","Kelly Clarkson","","platinum"
"8953","Because Of You","Ne-Yo","","platinum"
"8430","Because You Live","Jesse Mccartney","","platinum"
"4186","Because You Loved Me","Celine Dion","","platinum"
"0463","Bed Of Roses","Bon Jovi","","platinum"
"6839","Bee Gees Medley","Bee Gees","","platinum"
"8433","Beep","Pussycat Dolls","","platinum"
"6171","Beep Beep","Juan Dela Cruz","","platinum"
"7828","Beep Beep Beep","Willie Revillame","","platinum"
"8411","Beer","Itchy Worms","","platinum"
"8874","Beer For My Horses","Toby Keith & Willie Nelson","","platinum"
"11107","Before He Cheats","Carrie Underwood","","platinum"
"5230","Before I Fall Inlove","Coco Lee","","platinum"
"6098","Before I Let You Go","Freestyle","","platinum"
"11543","Before It Explodes","Charice","","platinum"
"0390","Before The Dawn","Judas Priest","","platinum"
"6785","Beh Buti Nga","Parokya Ni Edgar","","platinum"
"7175","Beh Buti Nga","Hotdog","","platinum"
"5421","Behind Blue Eyes","The Who","","platinum"
"3338","Behind Closed Doors","Charlie Rich","","platinum"
"8221","Behind These Hazel Eyes","Kelly Clarkson","","platinum"
"8827","Behind Those Eyes","Panky Trinidad","","platinum"
"7673","Beinte Beinte","Gee Girls","","platinum"
"7051","Believe","Cher","","platinum"
"5334","Belinda Bye Bye","Barbie's Cradle","","platinum"
"3067","Bell Bottom Blues","Eric Clapton","","platinum"
"9303","Belly Dancer","Akon","","platinum"
"0376","Ben","Michael Jackson","","platinum"
"7798","Bent","Matchbox 20","","platinum"
"8903","Berting","1017","","platinum"
"8976","Berting (Bisaya)","1017","","platinum"
"3028","Besame Mucho","Trio Los Panchos","","platinum"
"7829","Beside You","Akaffellas","","platinum"
"11453","Best Behavior","N-Dubz","","platinum"
"11089","Best Days Of Your Life","Kellie Pickler ft Taylor","","platinum"
"11836","Best For Last","Adele","","platinum"
"6840","Best In Me","Blue","","platinum"
"9898","Best Of Both Worlds","Miley Cyrus","","platinum"
"11653","Best Of My Love","Emotions","","platinum"
"3068","Best Of My Love","Eagles","","platinum"
"5348","Best That You Can Do","Michael Ruff","","platinum"
"11631","Best Thing I Never Had","Beyonce Knowles","","platinum"
"8517","Bestfriend","Dice And K9","","platinum"
"9385","Betamax","Sandwich","","platinum"
"7177","Betcha By Golly Wow","Stylistics","","platinum"
"0967","Better Days","Dianne Reeves","","platinum"
"44625","Better In Time","Leona Lewis","","platinum"
"7362","Better Man","Robbie Williams","","platinum"
"5765","Better Off Alone","Alice Deejay","","platinum"
"11442","Better Than Revenge","Taylor Swift","","platinum"
"4304","Big Big World","Emilia","","platinum"
"8828","Big Girls Don't Cry","Fergie","","platinum"
"3344","Big In Japan","Alfajet","","platinum"
"7179","Big Spender","Lisa Minelli","","platinum"
"9965","Big Sur","The Thrills","","platinum"
"9028","Bigay Na Bigay","Mano Mano","","platinum"
"7865","Biglaan","6cycle Mind","","platinum"
"3070","Bikining Itim","Bert Dominique","","platinum"
"8060","Bilanggo","Rizal Underground","","platinum"
"2747","Billie Jean","Michael Jackson","","platinum"
"9476","Billie Jean","David Cook","","platinum"
"11044","Billionare","Travie Mccoy","","platinum"
"44355","Bills Bills Bills","Destiny's Child","","platinum"
"8410","Bilog Ang Mundo","Manny Pacquiao","","platinum"
"11021","Bilog Na Hugis Itlog","Sexbomb Girls","","platinum"
"8885","Bilog Na Naman Ang Buwan","Tropical Depression","","platinum"
"5816","Binago Mo","Gabriela","","platinum"
"3774","Bingo","Traditional","","platinum"
"11084","Binguel Binguel","U-Kiss","","platinum"
"1473","Binibini","Introvoys","","platinum"
"8415","Binibini","Janno Gibbs","","platinum"
"9224","Binibini","Brownman Revival","","platinum"
"4922","Binilanggo Sa","Del Horest","","platinum"
"4428","Bip Bop","Paul Mccartney","","platinum"
"7181","Birds And The Bees","Winnie Santos","","platinum"
"0811","Birthday","The Beatles","","platinum"
"4923","Bisan Sa Damgo Lang","Visayan Song","","platinum"
"8655","Bisan Wala Ka Na","Visayan Song","","platinum"
"8942","Bisrock","Indephums","","platinum"
"5530","Bitch","Meredith Brooks","","platinum"
"9522","Bitin","Mayonnaise","","platinum"
"5231","Bitin Ako Sa Iyo","Hotdog","","platinum"
"6099","Bitin Si Honey","Quickie","","platinum"
"8513","Bitiw","Sponge Cola","","platinum"
"8656","Bitoon Sa Pangandoy","Visayan Song","","platinum"
"1262","Bituing Walang Ningning","Sharon Cuneta","","platinum"
"0497","Bizaare Love Triangle","New Order","","platinum"
"44124","Black Cat","Janet Jackson","","platinum"
"3345","Black Hole Sun","Sound Garden","","platinum"
"11108","Black Horse And The Cherry Tree","KT Tunstall","","platinum"
"2659","Black Is Black","Joy","","platinum"
"6841","Black Magic Woman","Santana","","platinum"
"4429","Black Night","Deep Purple","","platinum"
"0968","Black Or White","Michael Jackson","","platinum"
"3347","Black Velvet","Allanah Myles","","platinum"
"0003","Blackbird","The Beatles","","platinum"
"11524","Blah Blah Blah","Kesha Ft 3oh3","","platinum"
"7363","Blame It On The Weatherman","B*Witched","","platinum"
"44033","Blaze Of Glory","Bon Jovi","","platinum"
"11692","Bleed For Me","Saliva","","platinum"
"9350","Bleed It Out","Linkin Park","","platinum"
"9292","Bleeding Love","Leona Lewis","","platinum"
"7364","Blessed Be The Name Of The Lord","Sarah Higgins","","platinum"
"5422","Blister In The Sun","Violent Femmes","","platinum"
"11558","Blow","Kesha","","platinum"
"7182","Blowin' In The Wind","Bob Dylan","","platinum"
"5134","Blue (Da Ba Dee) 2000","Eiffel 65","","platinum"
"0804","Blue Bayou","Linda Ronstadt","","platinum"
"7063","Blue Christmas","Elvis Presley","","platinum"
"3072","Blue Eyes","Elton John","","platinum"
"0997","Blue Eyes Crying..","Dolly Parton","","platinum"
"3776","Blue Hawaii","Elvis Presley","","platinum"
"7183","Blue Jeans","Apo Hiking Society","","platinum"
"8830","Blue Jeans","Rocksteddy","","platinum"
"2973","Blue Monday","Fats Domino","","platinum"
"3073","Blue Moon","Frank Sinatra","","platinum"
"9225","Blue Moon","Orange & Lemons","","platinum"
"7476","Blue Night","Michael Learns To Rock","","platinum"
"8474","Blue Sky","Hale","","platinum"
"1552","Blue Suede Shoes","Elvis Presley","","platinum"
"1643","Blue Velvet","Bbby Vinton","","platinum"
"1551","Blueberry Hill","Fats Domino","","platinum"
"4433","Bluebird","Paul Mccartney","","platinum"
"0305","Bluer Than Blue","Michael Jhonson","","platinum"
"11207","Bo Peep Bo Peep","T-Ara","","platinum"
"5418","Boat On The River","Styx","","platinum"
"11155","Bodies","Robbie Williams","","platinum"
"4434","Bohemian Rhapsody","Queen","","platinum"
"6786","Bonga Ka Day","Ogie Alcasid","","platinum"
"5709","Bonggahan","Sampaguita","","platinum"
"11675","Boogie On Reggae Woman","Stevie Wonder","","platinum"
"3075","Boogie Wonderland","Earth Wind & Fire","","platinum"
"4298","Boom Boom Boom","Venga Boys","","platinum"
"44813","Boom Boom Pow","Black Eyed Peas","","platinum"
"0637","Boom Shak-A-Lak","Apache Indian","","platinum"
"8523","Boom Tarat Tarat","Willie Revillame","","platinum"
"44198","Boombastic","Shaggy","","platinum"
"44343","Boot Scootin' Boogie","Brooks And Dunn","","platinum"
"5944","Bop Bop Baby","Westlife","","platinum"
"9226","Bop Bop(Bop It)","April","","platinum"
"9345","Bop To The Top","High School Musical","","platinum"
"9667","Boracay Ang Isla Ko","Father & Sons","","platinum"
"0638","Borderline","Madonna","","platinum"
"5135","Born For You","David Pomeranz","","platinum"
"11560","Born Free","Kid Rock","","platinum"
"2758","Born Free","Andy Williams","","platinum"
"11782","Born In The U.S.A.","Bruce Springsteen","","platinum"
"3076","Born On The Bayou","J C Fogerty","","platinum"
"11550","Born This Way","Lady Gaga","","platinum"
"7187","Born To Be Alive","Patrick Hernandez","","platinum"
"3077","Born To Be My Baby","Bon Jovi","","platinum"
"0820","Born To Be Wild","Stephen Wolffe","","platinum"
"7188","Born To Lose","Ray Charkes","","platinum"
"8577","Borrowed Time","Cueshe","","platinum"
"0409","Both Sides Now","Judy Collins","","platinum"
"9668","Both Still Here","Father & Sons","","platinum"
"44681","Bottle It Up","Sara Bareilles","","platinum"
"2693","Boulevard","Dan Byrd","","platinum"
"0115","Boulevard Ng Pag-Ibig","Bert Dominique","","platinum"
"1408","Boulevard Of Broken Dreams","Tony Bennet","","platinum"
"44452","Bouncing Off The Ceiling","A-Teens","","platinum"
"9063","Bowowow","Willie Revillame","","platinum"
"1263","Boy","Timmy Cruz","","platinum"
"0793","Boy From New York City","Manhattan Transfer","","platinum"
"9473","Boy Kulot","Rocksteddy","","platinum"
"9929","Boy Named Sue","Johnny Cash","","platinum"
"2718","Boys Boys Boys","Sabrina","","platinum"
"6539","Boys Do Fall In Love","Robin Gibb","","platinum"
"1575","Boys Don't Cry","The Cure","","platinum"
"7830","Boys Don't Cry","Plumb","","platinum"
"9003","Brader Eloy","Missing Filemon","","platinum"
"7477","Brand New Key","Melanie Safka","","platinum"
"8272","Break Away","Kelly Clarkson","","platinum"
"0511","Break It Down Again","Tears For Fears","","platinum"
"0377","Break It To Me Gently","Angela Bofill","","platinum"
"8788","Break Me","Gary Valenciano","","platinum"
"8789","Break Na Tayo","Rocksteddy","","platinum"
"1542","Break Out","Swing Out Sister","","platinum"
"44689","Break The Ice","Britney Spears","","platinum"
"11436","Break Your Heart","Taio Cruz","","platinum"
"6175","Breakfast In America","Supertramp","","platinum"
"9306","Breaking Free","High School Musical","","platinum"
"6100","Breaking My Heart","Michael Learns To","","platinum"
"7711","Breaking The Habit","Linkin Park","","platinum"
"7189","Breaking Up Is Hard To Do","N Sedaka","","platinum"
"44414","Breakthru'","Queen","","platinum"
"44688","Breath","Breaking Benjamin","","platinum"
"7622","Breath","Michelle Branch","","platinum"
"3352","Breath Of Life","Erasure","","platinum"
"11834","Breathe Again","Chicosci","","platinum"
"1327","Breathe Again","Toni Braxton","","platinum"
"7699","Breathe Easy","Blue","","platinum"
"8279","Breathe On Me","Britney Spears","","platinum"
"44809","Breathe Slow","Alesha Dixon","","platinum"
"6995","Breathless","The Corrs","","platinum"
"11164","Brick By Boring Brick","Paramore","","platinum"
"2542","Bridge Over Troubled Water","Simon & Garfunkel","","platinum"
"6921","Bridges","Sergio Mendez","","platinum"
"8829","Bright Lights","Billy Crawford","","platinum"
"7596","Bring Me Down","Rivermaya","","platinum"
"9341","Bring Me Down","Cueshe","","platinum"
"6691","Bring Me To Life","Daredevil Theme","","platinum"
"7866","Bringing Heartbreak","Mariah Carey","","platinum"
"44371","Broadway","Goo Goo Dolls","","platinum"
"44716","Broken","Kelly Rowland","","platinum"
"9466","Broken","Lifehouse","","platinum"
"7190","Broken And Spilled Out","Gary Valenciano","","platinum"
"44878","Broken Hearted Girl","Beyonce","","platinum"
"8206","Broken Sonnet","Hale","","platinum"
"44783","Broken Strings","James Morrison &","","platinum"
"6541","Broken Vow","Lara Fabian","","platinum"
"0794","Broken Wings","Mr. Mister","","platinum"
"3355","Brother Louie","Modern Talking","","platinum"
"6714","Brown Eyes","Destiny's Child","","platinum"
"8657","Brutsa","Milyonaryo","","platinum"
"9290","Bubbly","Colbie Caillat","","platinum"
"8658","Budbud Ug Bibingka","Max Surban","","platinum"
"2441","Buenas Noches Mi Amor","Los T.Diamantes","","platinum"
"3778","Buffalo Gals","Children Song","","platinum"
"9593","Bugbog Sarado","Itchyworms","","platinum"
"5736","Bughaw Na Buhangin","Victor Wood","","platinum"
"8659","Bugtungan","Big 3 Sullivans","","platinum"
"5946","Buhay Amerika","Mike Hanopol","","platinum"
"7193","Buhay At Pag-Asa","Papuri Singers","","platinum"
"9633","Buhay At Pag-Ibig","Lani Misalucha","","platinum"
"11660","Buhay Nga Naman Ng Tao","Freddie Aguilar","","platinum"
"7479","Buhay Seaman","Mike Hanopol","","platinum"
"4931","Bukas Na Lang Kita Mamahalin","Lani Misalucha","","platinum"
"7431","Bukas Sana","Regine Velasquez","","platinum"
"9122","Buksan Ang Puso","Claire Dela Fuente","","platinum"
"8831","Buksan Mo","Willie Revillame","","platinum"
"8660","Buksan Mo Na","Milyo Naryo","","platinum"
"7480","Bulag Na Pag-Ibig","Shiela Marie","","platinum"
"5947","Bulag Pipi At Bingi","Freddie Aguilar","","platinum"
"1047","Bulag Sa Katotohanan","","","platinum"
"8061","Bulakbol","Mongols","","platinum"
"7237","Bulaklak","Viva Hot Babes","","platinum"
"8661","Bulalayaw","Ilocano Song","","platinum"
"8137","Bulong","Kitchie Nadal","","platinum"
"6734","Bulong Ng Damdamin","Marissa Sanchez","","platinum"
"6711","Buloy","Parokya Ni Edgar","","platinum"
"8662","Bumalangaw Nga Ayat","Ilocano Song","","platinum"
"8476","Bumalik Ka Lang","Julia Clarete","","platinum"
"1432","Bunga Ng Pag-Ibig","Celeste Legaspi","","platinum"
"9499","Buong Buhay Ko","Sam Milby","","platinum"
"7194","Burn","Tina Arena","","platinum"
"8062","Burn","Usher","","platinum"
"9064","Burn","Nina","","platinum"
"44823","Burnin' Up","Jonas Brothers","","platinum"
"0952","Burning Love","Elvis Presley","","platinum"
"0821","Bus Stop","Till Dawn","","platinum"
"8663","Buserong Mang Gustin","Big 3 Sullivans","","platinum"
"7195","Buses And Train","Bachelor Girl","","platinum"
"8864","But For The Grace Of God","Keith Urban","","platinum"
"7196","But I Will","Faith Hill","","platinum"
"9248","Buto","Scrambled Eggs","","platinum"
"7197","Butsikik","Yoyoy Villame","","platinum"
"7198","Buttercup","Chico Chikas","","platinum"
"5351","Butterfly","Mariah Carey","","platinum"
"8470","Buttons","Pussycat Dolls","","platinum"
"8457","Buwad Suka Sili","Junior Kilat","","platinum"
"6996","Buy 1 Take 1","Grin Department","","platinum"
"5574","By Heart","Laura Creamer","","platinum"
"1476","By The Light Of The Silvery Moon","Mel & Lyr","","platinum"
"6912","By The Way","Red Hot Chili Peppers","","platinum"
"7199","By Your Side","Lovely M.","","platinum"
"9554","Bye Bye","Mariah Carey","","platinum"
"7247","Bye Bye Bye","Nsync","","platinum"
"2545","Bye Bye Love","Everly Brothers","","platinum"
"7670","Bye Bye Na","Rico Blanco","","platinum"
"5949","Cabaret","Liza Minelli","","platinum"
"1692","Calendar Girl","Neil Sedaka","","platinum"
"2547","California Dreamin'","Mamas & Papas","","platinum"
"7200","California Girls","Beach Boys","","platinum"
"11126","California Gurls","Katy Perry ft Snoop Dogg","","platinum"
"11762","California King Bed","Rihanna","","platinum"
"6923","Californication","Red Hot Chili Peppers","","platinum"
"11894","Call Me Maybe","Carly Rae Jepsen","","platinum"
"8481","Call Me When You're Sober","Evanescence","","platinum"
"9982","Call The Shots","Girls Aloud","","platinum"
"11697","Calling Your Name Again","Richard Carpenter","","platinum"
"3783","Camptown Races","Traditional","","platinum"
"5575","Can Find No Reason","Louie Heredia","","platinum"
"44766","Can I Have This Dance","Troy And Gabriella","","platinum"
"9609","Can Never Be Me","Carol Banawa","","platinum"
"8063","Can This Be Love","Smokey Mountain","","platinum"
"5053","Can We Just Stop And Talk Awhile","Jose Mari Chan","","platinum"
"8112","Can We Still Be Friends","Mandy Moore","","platinum"
"0335","Can We Talk","Code Red","","platinum"
"4443","Can You Feel It","Janet Jackson","","platinum"
"4328","Can You Feel The Love Tonight","Elton John","","platinum"
"7482","Can You Read My Mind","Maureen Mcgovern","","platinum"
"1478","Can't Help Wondering Why","Dessa","","platinum"
"2897","Candle In The Wind","Elton John","","platinum"
"11159","Candy","Paulo Nutini","","platinum"
"5786","Candy","Mandy Moore","","platinum"
"8584","Candy Man","Christina Aguilera","","platinum"
"11125","Can't Be Tamed","Miley Cyrus","","platinum"
"5874","Can't Be With You Tonight","Irene","","platinum"
"2810","Can't Buy Me Love","Paul Mccartney","","platinum"
"1330","Can't Cry Hard Enough","William Brothers","","platinum"
"7483","Can't Fight The Moonlight","Leann Rimes","","platinum"
"0055","Can't Fight This Feeling Anymore","Reo Speedwagon","","platinum"
"11397","Can't Get Enough","Young Jv Ft August Rigo","","platinum"
"6997","Can't Get You Out Of My Head","Kylie Minogue","","platinum"
"44873","Can't Help But Wait","Trey Songz","","platinum"
"7070","Can't Help Fallin (Tagalog)","Josh Santana","","platinum"
"3421","Can't Help Fallin' In Love With You","Elvis Presley","","platinum"
"11592","Can't Help Myself","Toni Gonzaga","","platinum"
"7623","Can't Hold Us Down","Christina Aguilera","","platinum"
"8456","Can't Let You Go","Cueshe'","","platinum"
"6693","Can't Lose You","F4","","platinum"
"11528","Can't Make This Over","Pixie Lott","","platinum"
"3081","Can't Smile Without You","Barry Manilow","","platinum"
"44640","Can't Speak French","Girls Aloud","","platinum"
"3365","Can't Stand Losing You","Police","","platinum"
"1427","Can't Take My Eyes","Gloria Gaynor","","platinum"
"9123","Can't We Start Over Again","Jose Mari Chan","","platinum"
"0287","Can't We Try","Dan Hill","","platinum"
"9829","Can't We Try","Toni Gonzaga","","platinum"
"0760","Captain Of Her Heart","Double","","platinum"
"9457","Captured","Christian Bautista feat","","platinum"
"11154","Careful","Paramore","","platinum"
"4188","Careless Whisper","George Michael","","platinum"
"6102","Carmela","Del Horrest","","platinum"
"3082","Carolina In My Mind","James Taylor","","platinum"
"0381","Carrie","Europe","","platinum"
"8549","Carry My Love","Sarah Geronimo","","platinum"
"6694","Cartoon Heroes","Aqua","","platinum"
"7326","Carwash","Andrew E.","","platinum"
"8042","Carwash","Christina Aguilera","","platinum"
"5032","Casablanca","Bertie Higgins","","platinum"
"6998","Cascades Medley","Cascades","","platinum"
"44406","Case Of The Ex","Mya","","platinum"
"9896","Cast Of Clowns","Wolfgang","","platinum"
"11718","Castaway","Franco","","platinum"
"8791","Catch Me I'm Fallin'","Toni Gonzaga","","platinum"
"9669","Catch You","Agot Isidro","","platinum"
"8152","Catch You Baby","Lonnie Gordon","","platinum"
"0248","Cathy's Clown","Everly Brothers","","platinum"
"3370","Cats In The Cradle","Ugly Kid Joe","","platinum"
"6463","Caught Up In The Rapture","Anita Baker","","platinum"
"8664","Cebu","Visayan Song","","platinum"
"3371","Cecilia","Simon & Garfunkel","","platinum"
"6695","Celebrate Jesus Celebrate","Don Moen","","platinum"
"44138","Celebration","Kool & The Gang","","platinum"
"6177","Ceremony","Tammy Wynnette","","platinum"
"5084","C'est La Vie","B*Witched","","platinum"
"0943","Chain Of Fools","Aretha Franklin","","platinum"
"3373","Chains Of Love","Erasure","","platinum"
"9227","Chaka Nya","Michael V.","","platinum"
"3374","Champagne Supernova","","","platinum"
"7485","Chances Are","Johnny Mathis","","platinum"
"7625","Chances Be There","Air Supply","","platinum"
"0334","Change The World","Eric Clapton","","platinum"
"3788","Changes","Black Sabbath","","platinum"
"6736","Changes In My Life","Mark Sherman","","platinum"
"2759","Charade","Matt Monroe","","platinum"
"8924","Charing","1017","","platinum"
"8923","Charing (Visayan)","1017","","platinum"
"9952","Chasing Cars","Snow Patrol","","platinum"
"11817","Chasing Pavements","Adele","","platinum"
"11773","Chasing The Sun","The Calling","","platinum"
"9595","Checkmate","Rivermaya","","platinum"
"11611","Cheers (Drink To That)","Rihanna","","platinum"
"9918","Chelsea Dagger","The Fratellis","","platinum"
"3378","Cheri Cheri Lady","Modern Talking","","platinum"
"6737","Cherish","The Association","","platinum"
"0940","Cherry Cherry","Neil Diamond","","platinum"
"6546","Chi Hua Hua","Dj Bobo","","platinum"
"8665","Chibog","Milyo Naryo","","platinum"
"9228","Chick Boy","Vhong Navarro","","platinum"
"1732","Chick To Chick","Matt Monroe","","platinum"
"8354","Chicksilog","Kamikaze","","platinum"
"7366","Chikinini","Parokya Ni Edgar","","platinum"
"44874","Chillin'","Wale Ft. Lady Gaga","","platinum"
"8613","China Eyes","Alamid","","platinum"
"3381","China Grove","Doobie Brothers","","platinum"
"6548","Ching Fe Te E","Harlem Yu","","platinum"
"8943","Chinita","Bisrock","","platinum"
"1437","Chiquitita","Abba","","platinum"
"7487","Chivachocho","Jolina Magdangal","","platinum"
"7598","Chocolatte","Parokya Ni Edgar","","platinum"
"8099","Chocolatte","Soul Control","","platinum"
"14002","Chongmateungeotcheoreom","Back Ji Young","","platinum"
"8100","Choopeta","T-Rio","","platinum"
"7103","Choose To Forgive","Nonoy Zuniga","","platinum"
"7832","Choto Matte Kudesai","Sex Bomb","","platinum"
"4935","Christmas In Our Hearts","Jose Mari Chan","","platinum"
"6178","Christmas Song","Nat King Cole","","platinum"
"4936","Christmas Won't Be The Same","Martin Nievera","","platinum"
"8043","Cinderella Medley","Cinderella","","platinum"
"4257","Cinnamon Girl","Neil Young","","platinum"
"8954","Circle","6cycleminds","","platinum"
"4258","Circle Of Life","Elton John & Tim Rice","","platinum"
"9536","Circus","Britney Spears","","platinum"
"6999","Cleaning My Closet","Eminem","","platinum"
"7290","Climb Every Mountain","Julie Andrews","","platinum"
"6934","Clocks","Cold Play","","platinum"
"6842","Close","Westlife","","platinum"
"7104","Close","Paolo Santos","","platinum"
"0606","Close To Heaven","Color Me Badd","","platinum"
"8357","Close To Where You Are","Jonalyn Viray","","platinum"
"1451","Close To You","Carpenters","","platinum"
"7981","Closer","The Corrs","","platinum"
"9497","Closer","Ne-Yo","","platinum"
"8596","Closer To Me","The Outfield","","platinum"
"1120","Closer You And I","Gino Padilla","","platinum"
"6962","Closing Time","Semisonic","","platinum"
"11416","Club Can't Handle Me","Flo Rida","","platinum"
"9239","Clumsy","Fergie","","platinum"
"8064","Coca-Cola Body","Viva Hotbabes","","platinum"
"3083","Cocaine","Eric Clapton","","platinum"
"9581","Coffee Break","Zelle","","platinum"
"1409","Cold Cold Heart","Tony Bennet","","platinum"
"7398","Cold Summer Night","Amee Hidalgo","","platinum"
"9610","Cold Summer Nights","Francis M.","","platinum"
"8429","Collide","Howie Day","","platinum"
"0855","Color My Word","Chicago","","platinum"
"3084","Colors Of The Wind","Vanessa Williams","","platinum"
"8193","Colour Everywhere","Christian Bautista","","platinum"
"2928","Come & Get Your Love","","","platinum"
"11655","Come As You Are","Nirvana","","platinum"
"5486","Come As You Are","Wild Orchids","","platinum"
"7834","Come Away With Me","Norah Jones","","platinum"
"9814","Come Back To Me","David Cook","","platinum"
"7803","Come Clean","Hillary Duff","","platinum"
"9124","Come Into My Life","Marco Sison","","platinum"
"9125","Come Just As You Are","Claire Dela Fuente","","platinum"
"7705","Come On In Out Of The Rain","Sheryn Regis","","platinum"
"5798","Come On Over","Cristina Aguilera","","platinum"
"3085","Come Rain Or Come Shine","Frank Sinatra","","platinum"
"0031","Come Softly To Me","Fleetwood Mac","","platinum"
"1675","Come Summer","Fra Lippo Lippi","","platinum"
"2753","Come Together","Beatles","","platinum"
"0731","Come Undone","Duran Duran","","platinum"
"3087","Come What May","Air Supply","","platinum"
"0436","Coming Up","Wings","","platinum"
"11136","Coming Up Easy","Paulo Nutini","","platinum"
"6550","Complicated","Avril Lavigne","","platinum"
"1576","Complicated Heart","Mltr","","platinum"
"8127","Concrete Angel","Martina Mcbride","","platinum"
"7910","Conga","Gloria Estefan","","platinum"
"1438","Congratulation","Cliff Richard","","platinum"
"3088","Constant Change","Jose Mari Chan","","platinum"
"1628","Constantly","Cliff Richard","","platinum"
"8327","Constantly","Nina","","platinum"
"8666","Contest Tayo","Big 3 Sullivans","","platinum"
"9487","Control","Nancy Jane","","platinum"
"44820","Cookie Jar","Gym Class Heroes","","platinum"
"8297","Cool","Gwen Stefani","","platinum"
"5487","Cool Change","Little River Band","","platinum"
"9953","Cool For Cats","Squeeze","","platinum"
"6815","Cool Ka Lang","Prettier Than Pink","","platinum"
"11673","Cool Off","Session Road","","platinum"
"8628","Cool Off","Yeng Constantino","","platinum"
"3089","Copacobana","Barry Manilow","","platinum"
"3386","Cotton Eye Joe","Rednex","","platinum"
"0063","Cotton Fields","CCR","","platinum"
"2551","Cotton Fields","C.C.R","","platinum"
"7768","Could Be Wrong","M.Y.M.P.","","platinum"
"8591","Could Have Been","Frio","","platinum"
"9577","Could Have Been","Christian Bautista","","platinum"
"8118","Could It Be Any Harder","The Calling","","platinum"
"3090","Could It Be Magic","Barry Manilow","","platinum"
"4189","Could You Be Loved","Bob Marley","","platinum"
"0999","Could've Been","Tiffany","","platinum"
"6551","Count On Me","Whitney Houston","","platinum"
"9977","Count On You","Tommy Shaw","","platinum"
"4190","Country Road","James Taylor","","platinum"
"6945","Cowboy Take Me Away","Dixie Chicks","","platinum"
"11241","Coz I Believe","Jessa Zaragoza","","platinum"
"9611","Cradle Me This Christmas","Regine Velasquez","","platinum"
"44619","Crank That","Soulja Boy","","platinum"
"4256","Crash Boom Bang","Roxette","","platinum"
"8600","Crawl","Marion Raven","","platinum"
"6963","Crawling","Linkin Park","","platinum"
"44373","Crawling In The Dark","Hoobastank","","platinum"
"0688","Crazy","Julio Iglesias","","platinum"
"44453","Crazy","Aerosmith","","platinum"
"8264","Crazy","KC And Jojo","","platinum"
"8401","Crazy","Simple Plan","","platinum"
"9925","Crazy","Gnarls Barkley","","platinum"
"9518","Crazy About You","Bea Alonzo","","platinum"
"11024","Crazy Crazy","Pop Girls","","platinum"
"11713","Crazy For This Girl","Evan And Jaron","","platinum"
"4375","Crazy For You","Madonna","","platinum"
"9847","Crazy For You","M.Y.M.P.","","platinum"
"7379","Crazy In Love","Beyonce","","platinum"
"5288","Crazy Little Party Girl","Aaron Carter","","platinum"
"3388","Crazy Little Thing Called Love","Queen","","platinum"
"2552","Crazy Love","Paul Anka","","platinum"
"8833","Crazy Love","Kim Chiu","","platinum"
"3389","Cream","Police","","platinum"
"0513","Creep","Radiohead","","platinum"
"8049","Crispy Na, Creamy Pa","Andrew E.","","platinum"
"2843","Crocodile Rock","Elton John & Bernie","","platinum"
"5951","Cross My Heart","Everything But Girl","","platinum"
"6810","Cross My Heart","Sharon Cuneta","","platinum"
"7678","Cruisin'","Gwyneth Paltrow","","platinum"
"4303","Crush","Jennifer Paige","","platinum"
"6964","Crush","Mandy Moore","","platinum"
"9446","Crush","David Archuleta","","platinum"
"6107","Crush Kita","Sex Bomb Girls","","platinum"
"9612","Crush Kitang Talaga","Fruitcake","","platinum"
"9126","Crush Ng Bayan","Cris Villongco","","platinum"
"6965","Cry","Mandy Moore","","platinum"
"4358","Cry For Help","Rick Ashley","","platinum"
"5136","Cry In The Rain","Orient Pearl","","platinum"
"2888","Cry Me A River","Joe Cocker","","platinum"
"44130","Cry Me A River","Justin Timberlake","","platinum"
"44009","Cryin'","Aerosmith","","platinum"
"7962","Crying","Roy Orbison","","platinum"
"2702","Crying In The Rain","Everly Brothers","","platinum"
"5233","Crying Time","Victor Wood","","platinum"
"44866","Cut Off Time","Omarion feat. Kat","","platinum"
"7072","Cutie Cute Cute","Mahal And Mura","","platinum"
"5399","Cuts Like A Knife","Bryan Adams","","platinum"
"3091","Cycles","Frank Sinatra","","platinum"
"9942","D. I. S. C. O","Ottawan","","platinum"
"5915","Dadalhin","Regine Velasquez","","platinum"
"2656","Daddy Cool","Boney M.","","platinum"
"9670","Daddy Sana'y Kapiling Ka Sa Pasko","Father And Sons","","platinum"
"2804","Daddy's Home","Shep And The...","","platinum"
"6109","Dahan-Dahan Naman","Diwata","","platinum"
"6787","Dahan-Dahanin Mo","Marissa Sanchez","","platinum"
"11784","Dahil Ba Sa Kanya","Jaya","","platinum"
"8447","Dahil Ikaw","True Faith","","platinum"
"1479","Dahil Mahal Kita","Boyfriends","","platinum"
"11141","Dahil Mahal Na Mahal Kita","Roselle Nava","","platinum"
"9737","Dahil Minahal Mo","Sarah Geronimo","","platinum"
"6922","Dahil Minamahal Kita","Scyld","","platinum"
"0521","Dahil Nandito Ka","Miguel Vera","","platinum"
"1222","Dahil Sa Isang Bulaklak","Ric Manrique, Jr","","platinum"
"1331","Dahil Sa Iyo","Pilita Corales","","platinum"
"6816","Dahil Sa Pag-Ibig","Didith Reyes","","platinum"
"9291","Dahil Sa'yo (Sa Himig Ng Aking Gitara)","Hale","","platinum"
"1104","Dahil Tanging Ikaw","Jaya","","platinum"
"5234","Dahong Laya","Visayan","","platinum"
"1142","Daigdig Ng Ala-Ala","Rey Valera","","platinum"
"7836","Daisy Otso","Keekaayz","","platinum"
"7868","Daisy Siete","Sexbomb Girls","","platinum"
"6553","Dalawa Kaming Api","Imelda Papin","","platinum"
"9867","Dalawa'y Naging Isa","Michael V. And Spice","","platinum"
"8977","Daliri","Bisrock","","platinum"
"11240","Damdamin Ko Sa'yo","Regine Velasquez","","platinum"
"8667","Damgo Man Lang","Visayan Song","","platinum"
"44207","Damn I Wish I Was Your Lover","Sophie B Hawkins","","platinum"
"7231","Dan Ni Bu Huai","F4","","platinum"
"11691","Dance For You","Beyonce Knowles","","platinum"
"3092","Dance On Little Girl","Paul Anka","","platinum"
"44352","Dance With Me","Debelah Morgan","","platinum"
"8278","Dance With Me","The Orleans","","platinum"
"6554","Dance With Me Tonight","The Wonders","","platinum"
"11427","Dance With My Father","Luther Vandross","","platinum"
"3093","Dance, Dance, Dance","Brian Wilson / Carl Wilson","","platinum"
"4446","Dancin Queen","Abba","","platinum"
"0828","Dancing In The Dark","Bruce Springsteen","","platinum"
"9914","Dancing Shoes","Arctic Monkeys","","platinum"
"1664","Dandansoy","Cebuano Song","","platinum"
"9127","Dangal","Vina Morales","","platinum"
"11064","Dangerous","Akon Feat. Kardinal","","platinum"
"8265","Dangerous","Roxette","","platinum"
"8472","Dani California","Red Hot Chili Pepper","","platinum"
"2839","Daniel","Elton John","","platinum"
"5093","Danny Boy","Conway Twitty","","platinum"
"0703","Danny's Song","Kenny Loggins","","platinum"
"6924","Dapat Malaman Mo","Rica Peralejo","","platinum"
"15005","Dark Side","Kelly Clarkson","","platinum"
"11196","Darkside Of The Sun","Tokio Hotel","","platinum"
"5712","Dama","Jenine Desiderio","","platinum"
"7432","Dati Pa","Aiza Seguerra","","platinum"
"5577","Dating Damdamin","Jaya","","platinum"
"8231","Daughter","Pearl Jam","","platinum"
"8668","Dawat Ko","Ilocano Song","","platinum"
"2998","Day Tripper","The Beatles","","platinum"
"5235","Dayang Daya","Yoyoy Villame","","platinum"
"11709","Daydreamer","Adele","","platinum"
"3802","De Do Do Do","The Police","","platinum"
"4259","Deacon Blues","Steely Dan","","platinum"
"44842","Dead & Gone","T.I. & Justin Timberlake","","platinum"
"9128","Dear Ana","J. Brothers","","platinum"
"9129","Dear Angie","Renz Verano","","platinum"
"5290","Dear Heart","Matt Monro","","platinum"
"9672","Dear Heart","Sharon Cuneta","","platinum"
"9304","Dear Kuya","Sugarfree","","platinum"
"8124","Dear Lie","TLC","","platinum"
"11380","Dear Mr. President","P!nk","","platinum"
"6407","Dear Prudence","The Beatles","","platinum"
"11235","December","Collective Soul","","platinum"
"7219","Deck The Halls","Various","","platinum"
"9650","Decode","Paramore","","platinum"
"2914","Dedicated To The One I Love","Carpenters","","platinum"
"1334","Deep In My Heart","Jose Mari Chan","","platinum"
"1452","Deep In My Soul","Acosta & Russell","","platinum"
"11374","Deep River Woman","Lionel Richie","","platinum"
"7957","Deeper Underground","Godzilla Theme","","platinum"
"8551","Define","Hilera","","platinum"
"9559","Dehado","Hilera","","platinum"
"6925","Dejavu","Dionne Warwick","","platinum"
"9768","Dek-A-Doodle-Dandy","Duster","","platinum"
"9538","Deliciosa","Mocha Girls","","platinum"
"2674","Delilah","Tom Jones","","platinum"
"11371","Delirious","David Guetta","","platinum"
"11613","Delivery Boys","Somedaydreams","","platinum"
"6556","Desert Moon","Dennis De Young","","platinum"
"9130","Desert Rose","Sting","","platinum"
"7380","Design For Love","Jay-R","","platinum"
"0817","Desperado","Eagles","","platinum"
"5139","Destiny","Jim Brickman","","platinum"
"0944","Devil With A Blue Dress On","Mitch Ryder","","platinum"
"1539","Devoted To You","Everly Brothers","","platinum"
"9462","Di Bale Na Lang","Jericho Rosales","","platinum"
"6788","Di Ba't Ako'y Tao Rin","Ric Manrique","","platinum"
"0141","Di Ba't Ikaw","Jessa Zaragoza","","platinum"
"9131","Di Bat Sinabi Mo","J Brothers","","platinum"
"9273","Di Ka Makuha Sa Tingin","Danita","","platinum"
"7789","Di Ka Malimutan","Ricardo Labo","","platinum"
"9132","Di Ka Nagkulang","Leah Navarro","","platinum"
"5954","Di Karapat-Dapat","Salbakutah","","platinum"
"8955","Di Kasi","Moonstar 88","","platinum"
"6817","Di Ko Kaya","Teenhearts","","platinum"
"7812","Di Ko Kaya","Eric Santos","","platinum"
"11837","Di Ko Kayang Limutin","Liezel Garcia","","platinum"
"7272","Di Ko Kayang Tanggapin","April Boy Regino","","platinum"
"7433","Di Ko Na Kaya","Carmela Cuneta","","platinum"
"6110","Di Ko Na Mapipigilan","Sexbomb Girls","","platinum"
"9830","Di Ko Sadya","Jay-R","","platinum"
"11047","Di Lang Ikaw","Juris","","platinum"
"7649","Di Madadala Sa Langit","April Boy Regino","","platinum"
"9133","Di Magbabago","Claire Dela Fuente","","platinum"
"9868","Di Magdadalawang Isip","Jolina Magdangal","","platinum"
"5955","Di Malimot Ang Iyong Halik","Renz Verano","","platinum"
"6739","Di Mo Ba Alam","Parokya Ni Edgar","","platinum"
"9134","Di Mo Lang Alam","Bing Rodrigo","","platinum"
"9135","Di Mo Pansin","J Brothers","","platinum"
"9136","Di Na Ako","Renz Verano","","platinum"
"11395","Di Na Ako Iibig Pang Muli","April Boy Regino And","","platinum"
"9390","Di Na Ganun","Yeng Constantino","","platinum"
"9137","Di Na Iibig Pa","J Brothers","","platinum"
"5236","Di Na Ko Aasa Pa","Introvoys","","platinum"
"9673","Di Na Lalayo Sa Pasko","Father & Sons","","platinum"
"9549","Di Na Mababawi","Spongecola","","platinum"
"5291","Di Na Magdadal'wang Isip","Jolina","","platinum"
"11662","Di Na Mag-iisa","Jonalyn Viray","","platinum"
"6740","Di Na Muling Iiwan","Maricel","","platinum"
"1049","Di Na Natuto","Gary Valenciano","","platinum"
"8190","Di Nag-lisa","Regine Velasquez","","platinum"
"9831","Di Nagpaalam","Brenan","","platinum"
"3095","Di Pa Huli","Side A","","platinum"
"5956","Di Pwede Kitang Mahalin","Girl Talk","","platinum"
"7601","Di Pwede Yan","Sexbomb Girls","","platinum"
"5237","Di Totoo","Imelda Papin","","platinum"
"3096","Diana","Paul Anka","","platinum"
"4351","Diary","Bread","","platinum"
"44252","Diary","Alicia Keys","","platinum"
"8328","Diba","Nina","","platinum"
"11392","Did It Ever","Gary V.","","platinum"
"6187","Didn't I","Carly Simon","","platinum"
"1652","Didn't We Almost Have It All","Whitney Houston","","platinum"
"9493","Die Just A Little","Side A","","platinum"
"8956","Different Worlds","Pupil","","platinum"
"8669","Dikanton Malipatan","Ilocano Song","","platinum"
"6557","Dilemma","Nelly","","platinum"
"8670","Dinak Kad","Ilocano Song","","platinum"
"8834","Dinamayan","6 Cycle Mind","","platinum"
"44067","Dip It Low","Christina Milian","","platinum"
"8459","Direction","Slapshock","","platinum"
"8957","Director's Cut","Kamikaze","","platinum"
"7096","Dirrty","Christina Aguilera","","platinum"
"11606","Dirty Dancer","Enrique Iglesias","","platinum"
"7105","Disco Fever","Vic Sotto","","platinum"
"8266","Disco Inferno","The Trampps","","platinum"
"9420","Disconnection Notice","Pupil","","platinum"
"6189","Discotheque","U2","","platinum"
"6926","Disease","Matchbox 20","","platinum"
"11328","Disney","Tanya Markova","","platinum"
"9376","Disposable (Irreplaceable)","Tagalog Version","","platinum"
"9377","Disturbia","Rihanna","","platinum"
"1180","Dito Ba","Kuh Ledesma","","platinum"
"1217","Dito Sa Aking Mundo","Richard Reynoso","","platinum"
"4938","Dito Sa Isang Tabi","Jessa Zaragoza","","platinum"
"9500","Dito Sa Puso","Lovi Poe","","platinum"
"5140","Dito Sa Puso Ko","Jaya","","platinum"
"9568","Diva Ka","Sexbomb Girls","","platinum"
"6111","Divisoria","Juan Dela Cruz","","platinum"
"8897","Diwata","Brownman Revival","","platinum"
"6741","Diyan Sa Buhay Mo","Siakol","","platinum"
"7278","Diyos Lamang..","Cely Bautista","","platinum"
"9037","Dj Bumbay","Michael V.","","platinum"
"11390","DJ Got Us Falling In Love Again","Usher Ft. Pitbull","","platinum"
"11753","Do I Have To Cry For You","Nick Carter","","platinum"
"0288","Do I Have To Say The Words","Bryan Adams","","platinum"
"2916","Do It Again","Steely Dan","","platinum"
"6952","Do It On My Own","Whitney Houston","","platinum"
"44642","Do It Well","Jennifer Lopez","","platinum"
"0431","Do Re Mi","Julie Andrews","","platinum"
"8207","Do Something","Britney Spears","","platinum"
"2745","Do That To Me One More Time","Captain & Tennille","","platinum"
"5101","Do They Know Its Christmas Time","Band Aid","","platinum"
"11343","Do Wah Doo","Kate Nash","","platinum"
"9038","Do You Believe In Me","Eric Gadd","","platinum"
"3463","Do You Hear What I Hear","Christmas Song","","platinum"
"11437","Do You Know Me","John Mayer","","platinum"
"0043","Do You Know The Way To San Jose","Dionne Warwick","","platinum"
"1633","Do You Know Where You're Going To","Diana Ross","","platinum"
"2938","Do You Really Want To Hurt Me","Culture Club","","platinum"
"3402","Do You Remember","Phil Collins","","platinum"
"0800","Do You Think I'm Sexy","Rod Stewart","","platinum"
"3403","Do You Wanna","Modern Talking","","platinum"
"0432","Do You Wanna Dance","Mamas & The Papas","","platinum"
"44816","Do You Want To","Franz Ferdinand","","platinum"
"0052","Do You Want To Know A Secret?","Beatles","","platinum"
"8616","Dododo, Dadada","Willie Revillame","","platinum"
"5353","Does Anybody Know What Time Is It","Chicago","","platinum"
"6191","Does My Heart Beat Now","Celine Dion","","platinum"
"3098","Does Your Mother Know","Abba","","platinum"
"44888","Doesn't Mean Anything","Alicia Keys","","platinum"
"5102","Doin' The Best I Can","Elvis Presley","","platinum"
"4939","Dolor","Visayan Song","","platinum"
"6192","Domino","Kiss","","platinum"
"8258","Don Romantiko","Vhong Navarro","","platinum"
"6193","Donna","Richie Valens","","platinum"
"6194","Donna Donna","Joan Baez","","platinum"
"3099","Don't","Elvis Presley","","platinum"
"44432","Don't","Shania Twain","","platinum"
"5124","Don't Be Afraid To Love","Nonoy Zuniga","","platinum"
"3101","Don't Be Cruel","Elvis Presley","","platinum"
"44799","Don't Bother","Shakira","","platinum"
"5754","Don't Call Me Baby","Madison Avenue","","platinum"
"8377","Don't Cha","Pussy Cat Dolls","","platinum"
"8277","Don't Cha Wanna Ride","Joss Stone","","platinum"
"8153","Don't Chain My Heart","Toto","","platinum"
"6969","Don't Cry","Guns & Roses","","platinum"
"5800","Don't Cry For Me Argentina","Madonna","","platinum"
"0181","Don't Cry Joni","Conway Twitty & Joni Lee","","platinum"
"5354","Don't Cry Out Loud","Nuntida Kaewbuasai","","platinum"
"8005","Don't Cry Out Loud","Rachelle Ann Go","","platinum"
"6558","Don't Dream It's Over","Crowded House","","platinum"
"5355","Don't Dream It's Over","Crystal Gale","","platinum"
"5578","Don't Ever Go","Eddie Peregrina","","platinum"
"0739","Don't Ever Leave Me","Paul Anka","","platinum"
"1577","Don't Fade Away","Acosta & Russell","","platinum"
"8416","Don't Forget About Us","Mariah Carey","","platinum"
"2553","Don't Forget To Remember","Bee Gees","","platinum"
"9674","Don't Give Me Your Promise","Ariel Rivera","","platinum"
"9039","Don't Give Up On Us Baby","David Soul","","platinum"
"8054","Don't Give Your Love Away","Jack Jones","","platinum"
"3397","Don't Go Breakin' My Heart","Elton John","","platinum"
"11711","Don't Have To Lose","Michael Learns To Rock","","platinum"
"1338","Don't Know Much","Linda Ronstadt","","platinum"
"8051","Don't Know Much","Don Mclean","","platinum"
"1420","Don't Know What To Do","Ric Segreto","","platinum"
"3398","Don't Leave Me This Way","Thelma Houston","","platinum"
"8212","Don't Let It End","Styx","","platinum"
"4193","Don't Let Me Be Lonely","James Taylor","","platinum"
"0930","Don't Let Me Be Misunderstood","David Soul","","platinum"
"7959","Don't Let Me Be The Last To Know","Britney Spears","","platinum"
"3806","Don't Let Me Down","Beatles","","platinum"
"8228","Don't Let Me Get Me","Pink","","platinum"
"8276","Don't Lie","Black Eyed Peas","","platinum"
"5393","Don't Look Back In Anger","Oasis","","platinum"
"0641","Don't Look In My Eyes","Sam Harris","","platinum"
"0933","Don't Lose My Number","Phil Collins","","platinum"
"8269","Don't Love You No More","Craig David","","platinum"
"0032","Don't Make Me Over","Dionne Warwick","","platinum"
"8835","Don't Matter","Akon","","platinum"
"8247","Don't Phunk With My Heart","Black Eyed Peas","","platinum"
"6852","Don't Say","Paulina Rubio","","platinum"
"1260","Don't Say Goodbye","Human Nature","","platinum"
"3102","Don't Say Goodbye","Pops Fernandez","","platinum"
"6743","Don't Say Goodbye","Eddie Peregrina","","platinum"
"8853","Don't Say Goodbye","Rachelle Ann Go","","platinum"
"11411","Don't Say You Love Me","Kissy & Ericka","","platinum"
"4316","Don't Say You Love Me","The Corrs","","platinum"
"5141","Don't Say You Love Me","M2m","","platinum"
"3103","Don't Speak","No Doubt","","platinum"
"8267","Don't Stop Believin'","Journey","","platinum"
"9948","Don't Stop Moving","S Club 7","","platinum"
"8967","Don't Stop The Music","Rihanna","","platinum"
"11600","Don't Stop The Party","The Black Eyed Peas","","platinum"
"7912","Don't Take Away My Heart","Modern Talking","","platinum"
"1557","Don't Take Away..","Fra Lippo Lippi","","platinum"
"6378","Don't Tell Me","Madonna","","platinum"
"7869","Don't Tell Me","Avril Lavigne","","platinum"
"11169","Don't Tell Me That It's Over","Amy Macdonald","","platinum"
"9139","Don't Tell Me You Love Me","The Cars","","platinum"
"11256","Don't Think I Can't Love You","Jake Owen","","platinum"
"11263","Don't Think I Don't Think About It","Darius Rucker","","platinum"
"0294","Don't Think Twice","Celine Dion","","platinum"
"11540","Don't Tie Me Down","Kyla","","platinum"
"3400","Don't Turn Around","Ace Of Base","","platinum"
"11812","Don't Wanna Go Home","Jason Derulo","","platinum"
"1481","Don't Wanna Lose You","Gloria Estefan","","platinum"
"11493","Don't Want To Leave You","Scouting For Girls","","platinum"
"44647","Don't Waste Your Time","Kelly Clarkson","","platinum"
"7203","Don't Worry Be Happy","Bobby Mcferrin","","platinum"
"6388","Don't You Forget About Me","Simple Minds","","platinum"
"0051","Don't You Want Me","Human League","","platinum"
"9519","Doo Bee Doo","KC Concepcion","","platinum"
"8479","Doo Bi Doo","Kamikazee","","platinum"
"1241","Doon","Richard Reynoso","","platinum"
"1558","Doon Lang","Nonoy Zuniga","","platinum"
"1482","Doors","Michael Johnson","","platinum"
"3807","Do-Re-Mi","The Sound Of Music","","platinum"
"0613","Down By The Riverside","Mel & Lyr","","platinum"
"11253","Down The Road","Kenny Chesney","","platinum"
"11495","Down To Earth","Justin Bieber","","platinum"
"11382","Down With The Sickness","Disturbed","","platinum"
"7973","Downtown","Petula Clark","","platinum"
"6970","Dr. Jones","Aqua","","platinum"
"9040","Dragonfly","Spongecola","","platinum"
"7626","Draw Me Close","Gospel Song","","platinum"
"3407","Dream A Little Dream","Beautiful South","","platinum"
"1002","Dream About You","Stevie B.","","platinum"
"2929","Dream Baby","Glen Campbell","","platinum"
"1341","Dream Lover","Mariah Carey","","platinum"
"0336","Dream On","Nazareth","","platinum"
"1340","Dreamin'","Cliff Richard","","platinum"
"4330","Dreaming Of You","Selena","","platinum"
"11213","Dreaming With A Broken Heart","John Mayer","","platinum"
"6661","Dreams","Cranberries","","platinum"
"7982","Dreams","The Corrs","","platinum"
"9590","Drift","Cueshe","","platinum"
"9970","Drift Wood","Tevis","","platinum"
"11559","Drive","Chris Cayzer","","platinum"
"1342","Drive","The Cars","","platinum"
"7796","Drive","Incubus","","platinum"
"0419","Drive My Car","Beatles","","platinum"
"2981","Drivin' My Life","Even Steven","","platinum"
"11151","Drops Of Jupiter","Train","","platinum"
"6971","Drowning","Backstreet Boys","","platinum"
"9964","Dry Your Eyes Mate","The Streets","","platinum"
"7060","Dub I Dub","Me And My","","platinum"
"0859","Dude Looks Like A Lady","Aerosmith","","platinum"
"11214","Duffle Bag Boy","Playas Circle Ft. Lil Wayne","","platinum"
"6957","Dukha","Aegis","","platinum"
"9276","Dulce Tirah Tirah","LUA","","platinum"
"6196","Dum Dum Diddle","Abba","","platinum"
"6197","Dumb","Nirvana","","platinum"
"9675","Durian","Joey Ayala","","platinum"
"2557","Dust In The Wind","Kansas","","platinum"
"8542","Dvd X","Sandwich","","platinum"
"6182","D'yer Maker","Sheryl Crow/Unplug","","platinum"
"0504","Dying Inside To Hold You","Timmy Thomas","","platinum"
"11359","Dynamite","Taio Cruz","","platinum"
"6974","Engelbert Humperdinck Medley","Engelbert Humperdinck","","platinum"
"11570","E.T.(Remix)","Katy Perry Ft. Kanye West","","platinum"
"8913","E2y-E2y","Phylum (Barock)","","platinum"
"1661","Each Day With You","Martin Nievera","","platinum"
"9305","Eargasmic","Dice And K9","","platinum"
"9140","Early In The Morning","Jose Mari Chan","","platinum"
"9240","Early Winter","Gwen Stefani","","platinum"
"4196","Easy","Lionel Richie","","platinum"
"44800","Easy","Sugababes","","platinum"
"8102","Easy","Faith No More","","platinum"
"2911","Easy Lover","Phil Collins","","platinum"
"2723","Ebb Tide","Pat Boone","","platinum"
"2852","Ebony And Ivory","Paul Mccartney &","","platinum"
"8325","Eddie's Song","Mayonnaise","","platinum"
"2558","Edelweiss","Julie Andrews","","platinum"
"11599","Edge Of Glory","Lady Gaga","","platinum"
"11188","Eenie Meenie","Sean Kingston Ft. Justin Bieber","","platinum"
"44443","Eensy Weensy Spider","Traditional","","platinum"
"11345","Eh Eh (Nothing Else I Can Say)","Lady Gaga","","platinum"
"2999","Eight Days A Week","The Beatles","","platinum"
"5023","El Mundo","Engelbert Humperdinck","","platinum"
"5781","El Shaddai","M.Velarde","","platinum"
"3413","Eleanor Rigby","Beatles","","platinum"
"7489","Electric Blue","The Cranberries","","platinum"
"11656","Electric Youth","Debbie Gibson","","platinum"
"6859","Electrical Storm","U2","","platinum"
"0307","Elesi","RIVERMAYA","","platinum"
"11677","Elevation","U2","","platinum"
"44622","Elevator","Flo Rida & Timbaland","","platinum"
"44661","Elvis Ain't Dead","Scouting For Girls","","platinum"
"6973","Elvis Presley Medley","Elvis Presley","","platinum"
"9546","Ely Buendia","Soapdish","","platinum"
"4928","Email My Heart","Britney Spears","","platinum"
"9378","Emily","Paraluman","","platinum"
"0686","Emotion","Beegees","","platinum"
"6525","Emotion","Destiny's Child","","platinum"
"11447","Empire State Of Mind","Jay-Z ft Alicia Keys","","platinum"
"5356","End Of The Road","Boyz II Men","","platinum"
"1343","End Of The World","Carpenters","","platinum"
"2561","Endless Love","Diana Ross & Lionel Ritchie","","platinum"
"7627","Endless Love 1 Theme","Lara Morena","","platinum"
"3105","Englishman In New York","Sting","","platinum"
"8802","Englisira","Missing Filemon","","platinum"
"6860","Enola Gay","O.M.D","","platinum"
"6062","Enter Sandman","Metallica","","platinum"
"1344","Enveloped Ideas","Dawn","","platinum"
"7916","Erase, Rewind","The Cardigans","","platinum"
"6467","Errie My Love","Ray Charles","","platinum"
"5088","Escapade","Janet Jackson","","platinum"
"6559","Escape","Enrique Iglesias","","platinum"
"5875","Esem","Yano","","platinum"
"0685","Especially For You","Kylie Minogue","","platinum"
"7279","Esperanza","April Boy Regino","","platinum"
"9379","Espesyal Mamon","Meatbytes","","platinum"
"3817","Estudyante Blues","Freddie Aguilar","","platinum"
"1751","Etcetera","VST And Co.","","platinum"
"4297","Eternal Flame","Bangles","","platinum"
"8168","Eternal Flame","Atomic Kitten","","platinum"
"3108","Eternally","Victor Wood","","platinum"
"9467","Eternally","Mark Bautista","","platinum"
"7838","Eto Na","Paolo Santos","","platinum"
"9342","Eto Na Ang Summer","Callalily","","platinum"
"11144","Evacuate The Dance Floor","Cascada","","platinum"
"1560","Even If","Jam Morales","","platinum"
"8909","Even If","Sam Concepcion","","platinum"
"4197","Even Now","Barry Manilow","","platinum"
"6929","Even The Nights Are Better","Air Supply","","platinum"
"0681","Evergreen","Barbara Streisand","","platinum"
"6716","Evergreen","Westlife","","platinum"
"3826","Evergreen Tree","Cliff Richard","","platinum"
"5142","Everlasting Love","The Company","","platinum"
"6790","Everly Brothers Medley","E.Brothers","","platinum"
"9676","Eversince","Zsa Zsa Padilla","","platinum"
"8530","Eversince The World Begun","Survivor","","platinum"
"0410","Every Breath You Take","The Police","","platinum"
"3110","Every Little Thing She Does Is Magic","The Police","","platinum"
"11271","Every Mile A Memory","Dierks Bentley","","platinum"
"8285","Every Now And Then","Earth, Wind And Fire","","platinum"
"8270","Every Rose Has Its Thorn","Poison","","platinum"
"11705","Every Teardrop Is A Waterfall","Coldplay","","platinum"
"2756","Every Time You Go Away","Paul Young","","platinum"
"9900","Every Time You Turn Around","Daughtry","","platinum"
"3112","Every Woman In The World","Air Supply","","platinum"
"1004","Everybody","Madonna","","platinum"
"11308","Everybody","Keith Urban","","platinum"
"7306","Everybody","Back Street Boys","","platinum"
"8154","Everybody Dance Now","C&C Music Factory","","platinum"
"11785","Everybody Knows (We're Through)","Engelbert Humperdinck","","platinum"
"6791","Everybody Loves A Clown","The Playboys","","platinum"
"9141","Everybody Loves Somebody Sometimes","Dean Martin","","platinum"
"6410","Everybody Plays A Fool","Aaron Neville","","platinum"
"0539","Everybody Wants To Rule The World","Tears For Fears","","platinum"
"3113","Everybody's Everything","Carlos Santana","","platinum"
"8052","Everybody's Fool","Evanescence","","platinum"
"3415","Everybody's Talkin'","Harry Nilsson","","platinum"
"1483","Everyday","Agot Isidro","","platinum"
"6861","Everyday","Bon Jovi","","platinum"
"9142","Everyday","Renz Verano","","platinum"
"5441","Everyday I Love You","Boyzone","","platinum"
"8602","Everything","Michael Buble","","platinum"
"0518","Everything Counts","Depeche Mode","","platinum"
"2851","Everything I Own","Bread","","platinum"
"9778","Everything I Own","Gain Maandangal","","platinum"
"8394","Everything You Do","Christian Bautista","","platinum"
"7325","Everything You Want","Vertical Horizon","","platinum"
"11433","Everytime","Frencheska Farr","","platinum"
"5488","Everytime","A1","","platinum"
"7681","Everytime","Britney Spears","","platinum"
"5359","Everytime I Close My Eyes","Babyface","","platinum"
"1561","Everytime I See You","Fra Lippo Lippi","","platinum"
"11090","Everytime We Touch","Cascada","","platinum"
"44174","Everytime You Go Away","Paul Young","","platinum"
"6862","Everywhere","Michelle Branch","","platinum"
"3114","Everytime You Go Away","Paul Young","","platinum"
"7327","Ewan","Apo Hiking","","platinum"
"8836","Ewan","Imago","","platinum"
"3417","Exhale (Shoop Shoop Song)","Whitney Houston","","platinum"
"3116","Exodus","Bob Marley","","platinum"
"1005","Explosion","Menudo","","platinum"
"11522","Express Highway","Bloomfields","","platinum"
"1484","Eye In The Sky","Alan Parsons Project","","platinum"
"0805","Eye Of The Tiger","Survivor","","platinum"
"6863","Eyes On Me","FF8 Theme Song","","platinum"
"11532","Eyes Wide Shut","Jls Ft Tinie Tempah","","platinum"
"0317","F.L.A.M.E.S.","Jeffrey Hidalgo","","platinum"
"8383","F.U.","Bamboo","","platinum"
"11215","Face Down","The Red Jumpsuit","","platinum"
"7307","Face To Face","Peter Paul & Mary","","platinum"
"9000","Fade","Orange And Lemons","","platinum"
"3427","Fading Like A Flower","Roxette","","platinum"
"7870","Faint","Linkin Park","","platinum"
"6793","Fairshare","Ogie Alcasid","","platinum"
"9769","Fairytale","Alexander Rybak","","platinum"
"9962","Fairytale Of New York","The Pogues","","platinum"
"0862","Faith","George Michael","","platinum"
"7839","Faith In Me","Mandy Moore","","platinum"
"0466","Faithful","Go West","","platinum"
"3420","Faithfully","Journey","","platinum"
"8671","Fake, Fake, Fake","Milyo Naryo","","platinum"
"11259","Fall","Clay Walker","","platinum"
"11290","Fall","Kimberley Locke","","platinum"
"44706","Fall For You","Secondhand Serenade","","platinum"
"7841","Fall On Me","Moonstar 88","","platinum"
"8494","Fall To Pieces","Avril Lavigne","","platinum"
"1486","Fallen","Lauren Wood","","platinum"
"8149","Fallen","Janno Gibbs","","platinum"
"11489","Fallin'","Sarah Geronimo","","platinum"
"44544","Fallin'","Alicia Keys","","platinum"
"44884","Fallin' For You","Colbie Caillat","","platinum"
"9580","Falling Away","Miguel Escueta","","platinum"
"44333","Falling Down","Avril Lavigne","","platinum"
"11322","Falling In Love At A Coffee Shop","Landon Pigg","","platinum"
"7294","Fame","Irene Cara","","platinum"
"0729","Fame And Fortune","Elvis Presley","","platinum"
"7842","Family Affair","Mary J. Blige","","platinum"
"8557","Famous Last Words","My Chemical Romance","","platinum"
"7303","Fantasy","Earth, Wind & Fire","","platinum"
"44757","Far Away","Nickelback","","platinum"
"6975","Farewell","Raymond Lauchengco","","platinum"
"1345","Farmer In The Dell","Kevin Crate","","platinum"
"11347","Fashion","Lady Gaga","","platinum"
"5791","Fast Car","Tracy Chapman","","platinum"
"0243","Father And Son","Cat Stevens","","platinum"
"4312","Father And Son","Boyzone","","platinum"
"11038","Fearless","Taylor Swift","","platinum"
"11293","February Song","Josh Groban","","platinum"
"7490","Feel","Robbie Williams","","platinum"
"8233","Feel Good Inc.","Gorillaz","","platinum"
"0225","Feel Like Making Love","Roberta Flack","","platinum"
"0949","Feeling All Right","Joe Cocker","","platinum"
"8978","Feeling Lang","Agressive Audio","","platinum"
"2563","Feelings","Morris Albert","","platinum"
"44603","Feels Like Tonight","Daughtry","","platinum"
"8672","Felicidad","Visayan Song","","platinum"
"6065","Feliz Navidad","Jose Feliciano","","platinum"
"44569","Fergalicious","Black Eyed Peas","","platinum"
"3117","Fernando","Abba","","platinum"
"1006","Fever","Elvis Presley","","platinum"
"3118","Fields Of Gold","Sting","","platinum"
"11360","Fifteen","Taylor Swift","","platinum"
"11341","Fight For This Love","Cheryl Cole","","platinum"
"8219","Fighter","Christina Aguilera","","platinum"
"7960","Fill Me In","Craig David","","platinum"
"0919","Final Countdown","Europe","","platinum"
"8171","Final Distance","Utada Hikaru","","platinum"
"44674","Finally","Fergie","","platinum"
"7871","Find My Way Back","Michelle Branch","","platinum"
"11313","Find Out Who Your Friends Are","Tracy Lawrence","","platinum"
"9677","Find The Child Hiding In You","Gino Padilla","","platinum"
"11337","Find Your Love","Drake","","platinum"
"0642","Finding Out The Hard Way","Cynthia Rhodes","","platinum"
"11637","Fire","Solenn Heussaff","","platinum"
"9800","Fire","2NE1","","platinum"
"2883","Fire & Rain","James Taylor","","platinum"
"9543","Fire And Ice","Poison","","platinum"
"11357","Fire Burning","Sean Kingston","","platinum"
"11356","Fire With Fire","Scissor Sisters","","platinum"
"11140","Fireflies","Owl City","","platinum"
"11273","Fireflies","Faith Hill","","platinum"
"9678","Firewoman","Hungry Young Poets","","platinum"
"11383","Firework","Katy Perry","","platinum"
"9041","First Day Funk","Parokya Ni Edgar","","platinum"
"1753","First Kiss","Nina","","platinum"
"1253","First Love","The Seekers","","platinum"
"8044","First Love","Utada Hikaru","","platinum"
"11658","First Love Never Dies","White Lies","","platinum"
"9144","First Love Never Dies","Boyfriends","","platinum"
"0549","First Of May","Bee Gees","","platinum"
"8488","First Of Summer","Urbandub","","platinum"
"0727","First Time","Styx","","platinum"
"3831","Five Hundred Miles","Peter Paul & Mary","","platinum"
"1348","Fixing A Broken Heart","Indecent Obsession","","platinum"
"3425","Fixing A Hole","The Beatles","","platinum"
"9944","Flash (Flash Gordon Theme)","Queen","","platinum"
"2685","Flash Dance (What A Feelin)","Irene Cara","","platinum"
"44499","Fly","Hilary Duff","","platinum"
"11665","Fly Away","Lenny Kravitz","","platinum"
"4458","Fly Away","John Denver","","platinum"
"7918","Fly Butterfly Fly","Kids Song","","platinum"
"4459","Fly Like An Eagle","Steve Miller Band","","platinum"
"2565","Fly Me To The Moon","Brenda Lee","","platinum"
"11468","Fly With Me","Duncan Ramos","","platinum"
"11734","Fly With Me","Jonas Brothers","","platinum"
"4977","Flying Without Wings","Westlife","","platinum"
"44599","Follow Me","Uncle Kracker","","platinum"
"6745","Follow Me","John Denver","","platinum"
"9042","Follow The Leader","Soca Boys","","platinum"
"9635","Follow Your Dreams","Sheryn Regis","","platinum"
"7261","Fool Again","Westlife","","platinum"
"2742","Foolish Beat","Debbie Gibson","","platinum"
"9146","Foolish Games","Jewel","","platinum"
"0226","Foolish Heart","Steve Perry","","platinum"
"11242","Foolish Heart","Nina","","platinum"
"4460","Fool's Parade","Tom Petty","","platinum"
"7491","Fools Rush In","Rick Nelson","","platinum"
"0669","Footloose","Kenny Loggins","","platinum"
"9679","For All Of My Life","Mymp","","platinum"
"0501","For All We Know","Carpenters","","platinum"
"4941","For Baby","John Denver","","platinum"
"0996","For Better Or Worst","Debbie Gibson","","platinum"
"4461","For Every Man A Woman","Frank Sinatra","","platinum"
"3121","For Mama","Matt Monroe","","platinum"
"4462","For Me And My Gal","Traditional","","platinum"
"0863","For My Lady","Moody Blues","","platinum"
"0865","For Once In My Life","Tony Bennet","","platinum"
"3334","For The Benefit Of Mr. Kite","The Beatles","","platinum"
"0331","For The First Time","Kenny Loggins","","platinum"
"11450","For The First Time","The Script","","platinum"
"2566","For The Good Times","Kris Kristofferson","","platinum"
"0864","For The Peace Of All Mankind","Albert Hammond","","platinum"
"7492","For The Rest Of My Life","Louie Heredia","","platinum"
"1007","For You","Takahashi Mariko","","platinum"
"8611","For You","The Calling","","platinum"
"0332","For You I Will","Monica","","platinum"
"6561","For Your Babies","Simply Red","","platinum"
"2957","For Your Eyes Only","Sheena Easton","","platinum"
"2974","For Your Love","Ed Townsend","","platinum"
"8367","Forbidden Love","Madonna","","platinum"
"11659","Forever","Damage","","platinum"
"1543","Forever","Rex Smith","","platinum"
"44671","Forever","Chris Brown","","platinum"
"9533","Forever","Kenny Loggins","","platinum"
"11455","Forever And A Day","Nelly Rowland ft","","platinum"
"8362","Forever And A Day","Michael Learns To Rock","","platinum"
"6112","Forever As One","Vengaboys","","platinum"
"6976","Forever Blue","Cacal Velasquez","","platinum"
"7073","Forever Is Not Enough","Sarah Geronimo","","platinum"
"1429","Forever More","Chris De Burgh","","platinum"
"1565","Forever Young","Alphaville","","platinum"
"11795","Forevermore","Side A","","platinum"
"9043","Forevermore","Regine Velasquez","","platinum"
"11563","Forget You","Cee Lo Green","","platinum"
"44831","Forgive Me","Leona Lewis","","platinum"
"6746","Forgiven Not Forgotten","The Corrs","","platinum"
"8881","Four In The Morning","Gwen Stefani","","platinum"
"9289","Four Minutes","Madonna Ft Justin","","platinum"
"3833","Four Strong Winds","Neil Young","","platinum"
"3431","Fragile","Sting","","platinum"
"5240","Fraulein","Victor Wood","","platinum"
"6524","Freak On A Leash","Korn","","platinum"
"6977","Free","Lighthouse Family","","platinum"
"9738","Free","Jed Madela","","platinum"
"7493","Free Again","Jack Jones","","platinum"
"3123","Free As A Bird","The Beatles","","platinum"
"7920","Free Love","Depeche Mode","","platinum"
"11614","Friday","Rebecca Black","","platinum"
"8271","Friday I'm In Love","The Cure","","platinum"
"7494","Friend","Mike Francis","","platinum"
"1487","Friend Of Mine","Odette Quesada","","platinum"
"1540","Friends","Nancy Zuniga","","platinum"
"8786","Friendster","Moonstar 88","","platinum"
"1697","From A Distance","Bette Midler","","platinum"
"0348","From Russia With Love","Frank Sinatra","","platinum"
"6931","From The Bottom Of My Broken Heart","Britney Spears","","platinum"
"4467","From The Heart","Dianne","","platinum"
"8195","From The Start","Rachelle Ann Go","","platinum"
"4289","From This Moment","Shania Twain","","platinum"
"0022","Frosty The Snowman","Christmas Song","","platinum"
"5362","Frozen","Madonna","","platinum"
"9680","Full Of Love","Ella Mae Saison","","platinum"
"0829","Fun Fun Fun","Beach Boys","","platinum"
"0571","Funky Town","Lipps Inc.","","platinum"
"5960","Funny Familiar","Tom Jones","","platinum"
"9588","Fx","Pedicab","","platinum"
"11180","Gaan","Archipelago","","platinum"
"1157","Gaano Kadalas Ang Minsan","Basil Valdez","","platinum"
"6066","Gaano Kita Kamahal","Pilita Corrales","","platinum"
"0094","Gaano Ko Ikaw Kamahal","Celeste Legaspi","","platinum"
"11639","Gaano Ko Ikaw Kamahal","Itchyworms","","platinum"
"11052","Gabay","Callalily","","platinum"
"0493","Gabay Mo Ako","Rey Valera","","platinum"
"1459","Gabing Payapa","Traditional","","platinum"
"9480","Gagambino","Dennis Trillo","","platinum"
"11069","Galing Ng Pinoy","Yeng Constantino","","platinum"
"1613","Gambler","David Benoit","","platinum"
"9147","Game Face","Jay R","","platinum"
"7961","Game Of Love","Santana","","platinum"
"15066","Gangnam Style","Psy","","platinum"
"4262","Gangsta's Paradise","Coolio","","platinum"
"9148","Ganyan Ka Lang Ok Na Sa Akin","J Brothers","","platinum"
"5363","Ganyan Pala Ang Magmahal","April Boy Regino","","platinum"
"0111","Ganyan Talaga Ang Pag-ibig","Daddy Yankee","","platinum"
"8235","Gasolina","Daddy Yankee","","platinum"
"7106","Gaya Ng Dati","Gary V.","","platinum"
"8248","Gemini","Spongecola","","platinum"
"6978","Genie In A Bottle","Christina Aguilera","","platinum"
"0442","Georgia On My Mind","Ray Charles","","platinum"
"8583","Georgy Porgy","Toto","","platinum"
"0421","Get Back","Beatles","","platinum"
"7381","Get Busy","Sean Paul","","platinum"
"4943","Get Down","Backstreet Boys","","platinum"
"7922","Get Down On It","Kool And The Gang","","platinum"
"0668","Get Here","Oleta Adams","","platinum"
"11216","Get It Shawty","Lloyd","","platinum"
"44450","Get Jiggy Wit It","Will Smith","","platinum"
"8196","Get Me","MYMP","","platinum"
"5143","Get On Your Feet","Gloria Estefan","","platinum"
"6933","Get Over You","Sophie Bextor","","platinum"
"8173","Get Right","Jennifer Lopez","","platinum"
"8514","Get The Party Started","Pink","","platinum"
"8368","Get Together","Madonna","","platinum"
"44822","Get Your Way","Jamie Cullum","","platinum"
"11292","Gettin' You Home","Chris Young","","platinum"
"3129","Getting To Know Each Other","Gerard Kenny","","platinum"
"1370","Getting To Know You","The King And I","","platinum"
"3437","Ghost Busters","Ray Parker","","platinum"
"9901","Ghost Of Me","Daughtry","","platinum"
"44416","Ghostbusters","Ray Parker Jr.","","platinum"
"8914","Git Fingers","Birock","","platinum"
"8915","Git Kumot Kumot","Birock","","platinum"
"11617","Gigil","Sheng Belmonte","","platinum"
"8673","Gihidlaw Na Intawon Ako","Max Surban","","platinum"
"8184","Giling Giling","Tuesday","","platinum"
"6979","Giliw","Regine Velasquez","","platinum"
"1430","Giliw Ko","Renz Verano","","platinum"
"2712","Gimme Gimme Gimme","Abba","","platinum"
"44046","Gimme More","Britney Spears","","platinum"
"5583","Giniginaw Ako","Jessa Zaragoza","","platinum"
"1221","Gintong Alaala","Marissa","","platinum"
"3130","Gintong Araw","Bing Rodrigo","","platinum"
"8674","Gipangit Ko Ikaw","Visayan Song","","platinum"
"1009","Girl","Immaculate","","platinum"
"5584","Girl","The Beatles","","platinum"
"11717","Girl Be Mine","Francis M.","","platinum"
"2568","Girl From Ipanema","Astrud Gilberto","","platinum"
"5585","Girl In The Mirror","Britney Spears","","platinum"
"5541","Girl On TV","Lfo","","platinum"
"8581","Girlfriend","Avril Lavigne","","platinum"
"44734","Girls","Sugababes","","platinum"
"1656","Girls Girls Girls","Elvis Presley","","platinum"
"4474","Girls Just Want To Have Fun","Cyndi Lauper","","platinum"
"6747","Gising Na","Parokya Ni Edgar","","platinum"
"11832","Gisingin Ang Puso","Liezel Garcia","","platinum"
"8505","Gitara","Parokya Ni Edgar","","platinum"
"3304","Give A Little Bit","Supertramp","","platinum"
"9380","Give It To Me","Madonna","","platinum"
"44132","Give It Up","Kc & The Sunshine","","platinum"
"6980","Give Love On Christmas Day","Jackson 5","","platinum"
"1196","Give Me A Chance","Ric Segreto","","platinum"
"6748","Give Me A Sign","Eddie Peregrina","","platinum"
"11799","Give Me Everything","Pitbull Ft Ne-Yo","","platinum"
"9895","Give Me One Reason","Tracy Chapman","","platinum"
"0487","Give Me The Night","The Dawn","","platinum"
"1475","Give My Regards To Broadway","Lisa Minelli","","platinum"
"0831","Give Peace A Chance","John Lennon","","platinum"
"11109","Gives You Hell","All American Rejects","","platinum"
"0844","Glory Days","Bruce Springsteen","","platinum"
"0215","Glory Of Love","Peter Cetera","","platinum"
"0705","Go Away Little Girl","Tony Bennet","","platinum"
"4476","Go Tell It On The Mountain","Traditional","","platinum"
"8268","Go The Distance","Michael Bolton","","platinum"
"3447","Go West","Pet Shop Boys","","platinum"
"0159","God Bless USA","J. Ford","","platinum"
"11506","God Gave Me You","Bryan White","","platinum"
"7367","God Is Good","Don Moen","","platinum"
"11302","God Love Her","Toby Keith","","platinum"
"6204","God Of Thunder","Kiss","","platinum"
"3131","God Only Knows","Beach Boys","","platinum"
"6205","God Rest Ye Merry Gentlemen","Christmas Song","","platinum"
"2881","Goin' Out Of My Head","Frank Sinatra","","platinum"
"11636","Goin Where The Wind Blows","Mr. Big","","platinum"
"11399","Going Nowhere","Hilera","","platinum"
"4479","Going To The Cournty","Steve Miller","","platinum"
"44693","Going Under","Evanescence","","platinum"
"1010","Gold","Spandau Ballet","","platinum"
"3441","Gold Dust Woman","Stevie Nicks","","platinum"
"9893","Gone Too Soon","Michael Jackson","","platinum"
"8211","Gonna Get Your Love","Sister Sledge","","platinum"
"0422","Good Day Sunshine","Beatles","","platinum"
"1433","Good Enough","Cyndi Lauper","","platinum"
"0397","Good Golly Miss Molly","Little Richard","","platinum"
"44860","Good Life","Kanye West & T-Pain","","platinum"
"3445","Good Morning","The Beatles","","platinum"
"3443","Good Times Bad Times","Led Zeppelin","","platinum"
"1011","Good To Be Back","Natalie Cole","","platinum"
"4203","Good Vibrations","The Beach Boys","","platinum"
"9150","Goodboy Ang Bait Mo Naman","Blakdyak","","platinum"
"0015","Goodbye","Air Supply","","platinum"
"4308","Goodbye","Spice Girls","","platinum"
"44562","Goodbye Earl","Dixie Chicks","","platinum"
"11693","Goodbye Girl","Bread","","platinum"
"8873","Goodbye Girl","Martin Nievera","","platinum"
"1051","Goodbye Is Not Forever","Ella Mae Saison","","platinum"
"1651","Goodbye To Love","The Carpenters","","platinum"
"7695","Goodbye To You","Michelle Branch","","platinum"
"2844","Goodbye Yellow Brick Road","Elton John","","platinum"
"8396","Goodbye's Not Forever","Erik Santos","","platinum"
"1512","Goodnight Girl","Wet Wet Wet","","platinum"
"4482","Goodnight Tonight","Wings","","platinum"
"0868","Got My Mind Set On You","George Harrison","","platinum"
"5241","Got To Believe In Magic","David Pomeranz","","platinum"
"0423","Got To Get You Into My Life","Beatles","","platinum"
"6935","Got To Have You","F4 (Jerry Yan)","","platinum"
"11071","Gotta Be","Nickelback","","platinum"
"11916","Gotta Be You","One Direction","","platinum"
"44748","Gotta Find You","Joe Jonas","","platinum"
"8958","Gotta Go My Own Way","Nikki Gil","","platinum"
"8578","Grabe","Craeons","","platinum"
"9483","Grace","Kitchie Nadal","","platinum"
"44447","Graduation (Friends Forever)","Vitamin C","","platinum"
"0867","Graduation Tears","Chelsea Khan","","platinum"
"9739","Grateful","Julianne","","platinum"
"9926","Greased Lightnin'","Grease Movie Ost","","platinum"
"0443","Great Balls Of Fire","Jerry Lee Lewis","","platinum"
"2910","Great Pretender","The Platters","","platinum"
"44803","Greatest Day","Take That","","platinum"
"3449","Greatest Love Of All","Whitney Houston","","platinum"
"2571","Green Fields","The Brothers Four","","platinum"
"0382","Green Green Grass Of Home","Tom Jones","","platinum"
"11476","Grenade","Bruno Mars","","platinum"
"11217","Grillz","Nelly ft Paul Wall","","platinum"
"0008","Groovin'","Young Rascals","","platinum"
"1352","Groovy Kind Of Love","Phil Collins","","platinum"
"11487","Grow Old With You","Adam Sandler","","platinum"
"8068","Growing Up","Gary V.","","platinum"
"6067","Guantanamera","Julio Iglesias","","platinum"
"8675","Gugma","Visayan Song","","platinum"
"8806","Gugmang Giatay","Ambassador","","platinum"
"8676","Gugmang Nagpahilayo","Visayan Song","","platinum"
"7495","Guhit Ng Palad","Imelda Papin","","platinum"
"9250","Guillotine","Urbandub","","platinum"
"7702","Guilty","Blue","","platinum"
"9569","Guitar Adik","Manabela","","platinum"
"3451","Guitar Man","Bread","","platinum"
"9046","Gulong Ng Palad","Jerome Salas","","platinum"
"9395","Gumising","Delara","","platinum"
"1122","Gusto Kita","Gino Padilla","","platinum"
"8069","Gusto Ko Ang Nota","Aleck Bovick","","platinum"
"9815","Gusto Ko Lamang Sa Buhay","Itchyworms","","platinum"
"11048","Gusto Ko Lang Ng Girlfriend","Eevee","","platinum"
"9682","Gusto Ko Ng Lumigaya","Pops Fernandez","","platinum"
"9540","Gusto Na Kita","6 Cycle Mind","","platinum"
"4486","Guys And Dolls","Frank Sinatra","","platinum"
"11045","Gypsy","Shakira","","platinum"
"3454","Gypsy","Stevie Nicks","","platinum"
"9301","Habambuhay","Yeng Constantino","","platinum"
"5961","Habang Atin Ang Gabi","South Border","","platinum"
"11722","Habang Buhay","Bbs Ft Kean Cipriano","","platinum"
"9152","Habang Buhay","Renz Verano","","platinum"
"6794","Habang Buhay Kitang Mamahalin","Marilyn Reynes","","platinum"
"9151","Habang Buhay Ko","Eddie Peregrina","","platinum"
"1488","Habang May Buhay","After Image","","platinum"
"5876","Habang May Buhay","Traditional","","platinum"
"9153","Habang May Panahon","Imelda Papin","","platinum"
"5715","Habo Cong Itaram Na","Bicolano","","platinum"
"8979","Habo Habo","Missing Filemon","","platinum"
"1353","Hagkan","Sharon Cuneta","","platinum"
"1296","Hahabol-Habol","Mabuhay Singers","","platinum"
"3136","Hahanapin Ko","Anthony Castillo","","platinum"
"4945","Hain Ang Utlanan","Willie Garte","","platinum"
"5144","Halaga","Parokya Ni Edgar","","platinum"
"9154","Halata","Marco Sison","","platinum"
"7727","Half A World Away","Rem","","platinum"
"11025","Half Crazy","Freestyle","","platinum"
"1645","Half Crazy","Johnny Gill","","platinum"
"11167","Half Of My Heart","John Mayer Ft. Taylor","","platinum"
"9988","Half The World Away","Oasis","","platinum"
"7382","Half-Life","Duncan Sheik","","platinum"
"11736","Halik","Kamikazee","","platinum"
"7280","Halik","Aegis","","platinum"
"9555","Halik Ni Hudas","Wolfgang","","platinum"
"8210","Hallelujah","Bamboo","","platinum"
"9757","Halo","Beyonce","","platinum"
"7873","Halukay Ube","Sexbomb Girls","","platinum"
"1012","Hand In My Pocket","Alanis Morissette","","platinum"
"9416","Handa","Miguel Escueta","","platinum"
"8837","Handang Maghintay","Nikki Gil","","platinum"
"44695","Handlebars","Flobots","","platinum"
"3137","Handog","Florante","","platinum"
"9614","Handog Ng Pilipino Sa Mundo","Various Artists","","platinum"
"9155","Hands","Jewel","","platinum"
"9683","Hands Of Time","Gino Padilla","","platinum"
"7901","Hands To Heaven","Christian Bautista","","platinum"
"0224","Handyman","James Taylor","","platinum"
"7925","Hanep Sexy","Joey De Leon","","platinum"
"5294","Hang On","Gary Valenciano","","platinum"
"6864","Hanggang","Wency Cornejo","","platinum"
"9591","Hanggang","Gerald Santos","","platinum"
"11467","Hanggang Dito Na Lang","Frio","","platinum"
"4947","Hanggang Kailan","Martin Nievera","","platinum"
"8260","Hanggang Kailan","Orange And Lemons","","platinum"
"9047","Hanggang Kailan","Sarah Geronimo","","platinum"
"8249","Hanggang Langit","Martin Nievera","","platinum"
"9048","Hanggang May Kailanman","Carol Banawa","","platinum"
"5916","Hanggang Ngayon","Ogie & Regine","","platinum"
"6702","Hanggang Ngayon","Kyla","","platinum"
"7074","Hanggang Ngayon","Martin Nievera","","platinum"
"0131","Hanggang Ngayo'y Ikaw Pa Rin","Jaya","","platinum"
"8318","Hanggang Ngiti Na Lang","Ranier Castillo","","platinum"
"11394","Hanggang Sa Dulo Ng Aking Buhay","April Boy Regino Feat.","","platinum"
"9819","Hanggang Sa Dulo Ng Walang Hanggan","Basil Valdez","","platinum"
"7772","Hanggang Sa Kailan Man","Martin Nievera","","platinum"
"11009","Hanggang Sa Muli","Kenyo","","platinum"
"7813","Hanggang Saan, Hanggang Kailan","Ogie Alcasid","","platinum"
"9997","Hanggang Tingin","Kamikazee","","platinum"
"8537","Hanging By A Moment","Lifehouse","","platinum"
"11475","Hanging Habagat","Champ","","platinum"
"11329","Hangover","Sugarfree","","platinum"
"8792","Haplos","Shamrock","","platinum"
"11792","Happy","Michael Jackson","","platinum"
"44861","Happy","Leona Lewis","","platinum"
"1676","Happy Birthday Sweet Sixteen","Paul Anka","","platinum"
"2651","Happy Birthday To You","Traditional","","platinum"
"9684","Happy Christmas","Noel Cabangon","","platinum"
"3457","Happy Christmas (War Is Over)","John Lennon","","platinum"
"2666","Happy New Year","Abba","","platinum"
"5145","Happy,Happy Birthday","Beerhouse Gang","","platinum"
"3139","Harana","Parokya Ni Edgar","","platinum"
"6564","Harana","Regine Velasquez","","platinum"
"8677","Harana Ng Aswang","Big 3 Sullivans","","platinum"
"8347","Harapin Ang Liwanag","The Dawn","","platinum"
"9156","Harbor Lights","The Platters","","platinum"
"44466","Hard Days Night","Beatles","","platinum"
"7909","Hard Habit To Break","Chicago","","platinum"
"3140","Hard Headed Woman","Elvis Presley","","platinum"
"3141","Hard To Believe","Eraserheads","","platinum"
"8275","Hard To Handle","Black Crowes","","platinum"
"2574","Hard To Say I'm Sorry","Chicago","","platinum"
"8119","Harder To Breathe","Maroon 5","","platinum"
"8150","Hari Ng Sablay","Sugar Free","","platinum"
"11723","Hari Ng Tondo","Gloc 9","","platinum"
"11034","Harinawa","Hale","","platinum"
"8678","Haring Solomon","Sulivan","","platinum"
"0021","Hark The Herald Angels Sing","Christmas Song","","platinum"
"5027","Hasta Manana","Abba","","platinum"
"11016","Hatak","The Dawn","","platinum"
"8321","Hataw Na","Gary V.","","platinum"
"44837","Hate (I Really Don't Like You)","Plain White T's","","platinum"
"9990","Hate That I Love You","Rihanna","","platinum"
"11472","Haunted","Taylor Swift","","platinum"
"9157","Have A Good Time","Jolina Magdangal","","platinum"
"44771","Have A Nice Day","Bon Jovi","","platinum"
"0169","Have I Told You Lately","Rod Stewart","","platinum"
"44425","Have You Ever","S Club 7","","platinum"
"6936","Have You Ever Loved","S Club 7","","platinum"
"3142","Have You Ever Really Loved A Woman","Bryan Adams","","platinum"
"7291","Have You Ever Seen The Rain","Ccr","","platinum"
"2967","Have Yourself A Merry Little Christmas","Carpenters","","platinum"
"9791","Haven't Stopped Loving You","Janno Gibbs","","platinum"
"11091","Haven't Met You Yet","Michael Buble","","platinum"
"11683","Having You Near Me","Air Supply","","platinum"
"2704","Hawaiian Wedding Song","Andy Williams","","platinum"
"8525","Hawak Kamay","Yeng Constantino","","platinum"
"8989","Hawak Mo Aking Kamay","Mocha","","platinum"
"7496","Hawak Mo Ang Panahon","Basil Valdez","","platinum"
"7603","Hawakan Nong Mabuti","Masculados","","platinum"
"11015","Hay Buhay","Sugarfree","","platinum"
"9832","Hay Naku","Silent Sanctuary","","platinum"
"9158","Hayaang Ibigin Lang Kita","Bing Rodrigo","","platinum"
"5717","Hayop Na Combo","Blakdyak","","platinum"
"5364","Hazard","Richard Marx","","platinum"
"2827","He Ain't Heavy He's My Brother","Hollies","","platinum"
"5412","He Knows You Know","Marillion","","platinum"
"9159","He Opens A Window","Ivy Violan","","platinum"
"7389","He Wasn't Man Enough","Toni Braxton","","platinum"
"4362","Head Over Feet","Alanis Morissette","","platinum"
"0541","Head Over Heals","Tears For Fears","","platinum"
"11429","Head Over Heels","The Go Go's","","platinum"
"7328","Head To Toe","Lisa Lisa & ...","","platinum"
"44845","Headlines","The Spice Girls","","platinum"
"9160","Heal Our Land","Jamie Rivera","","platinum"
"2748","Heal The World","Michael Jackson","","platinum"
"11839","Healing","Jed Madela","","platinum"
"9417","Hear My Heart","Nikki Gil","","platinum"
"0970","Heart And Soul","Huey Lewis","","platinum"
"5821","Heart Attack","Olivia Newton John","","platinum"
"4495","Heart Full Of Soul","The Yardbirds","","platinum"
"7209","Heart Of Glass","Blondie","","platinum"
"2720","Heart Of Gold","Neil Young","","platinum"
"0567","Heart Of Mine","Bobby Caldwell","","platinum"
"9049","Heart Of Mine","Janno Gibbs","","platinum"
"3462","Heart Shaped Box","Nirvana","","platinum"
"11786","Heart To Heart","Kenny Loggins And","","platinum"
"9486","Heart To Heart","Kyla","","platinum"
"11827","Heartache","Justin Bieber","","platinum"
"0843","Heartache Tonight","Eagles","","platinum"
"4949","Heartache Tonight","Lani Misalucha","","platinum"
"9586","Heartbreak","Six Part Invention","","platinum"
"0395","Heartbreak Hotel","Elvis Presley","","platinum"
"9636","Heartbreak Song","Kim Chiu","","platinum"
"11362","Heartbreak Warfare","John Mayer","","platinum"
"44875","Heartbreaker","Will.I.Am Feat. Cheryl","","platinum"
"44785","Heartless","Kanye West","","platinum"
"11526","Hearts And I","Robbie Williams","","platinum"
"11065","Hearts On Fire","Hammer Fall","","platinum"
"1489","Heaven","Bryan Adams","","platinum"
"9162","Heaven","Nina","","platinum"
"9367","Heaven","Warrant","","platinum"
"5586","Heaven By Your Side","A1","","platinum"
"4344","Heaven Knows","Rick Price","","platinum"
"11218","Heaven Sent","Keyshia Cole","","platinum"
"9161","Heavenly","Anthony Castelo","","platinum"
"1672","Heavenly Angel","Menudo","","platinum"
"8234","Helena","My Chemical Romance","","platinum"
"4205","Hello","Lionel Richie","","platinum"
"7969","Hello Again","Neil Diamond","","platinum"
"2577","Hello Dolly","Louis Armstrong","","platinum"
"0813","Hello Goodbye","The Beatles","","platinum"
"0394","Hello I Love You","Doors","","platinum"
"6206","Hello It's Me","Todd Rundgren","","platinum"
"0710","Hello Mary Lou","The Executives","","platinum"
"2964","Help","Beatles","","platinum"
"2578","Help Me Make It Through The Night","Kris Kristofferson","","platinum"
"1616","Help Yourself","Tom Jones","","platinum"
"9389","Hep Hep Hooray","Willie Revillame","","platinum"
"11110","Her Diamonds","Rob Thomas","","platinum"
"1170","Here And Now","Jose Mari Chan","","platinum"
"3464","Here Comes Santa Claus","Various Artist","","platinum"
"7122","Here Comes The Hotstepper","Ini Kamoze","","platinum"
"1013","Here Comes The Rain Again","Eurythmics","","platinum"
"0424","Here Comes The Sun","Beatles","","platinum"
"5104","Here For You","Fire House","","platinum"
"44760","Here I Am","Renee Sandstrom","","platinum"
"4498","Here I Am","Air Supply","","platinum"
"8402","Here I Am Again","Rachelle Ann Go","","platinum"
"0842","Here I Go Again","White Snake","","platinum"
"7450","Here In My Heart","Plus One","","platinum"
"5296","Here In My Life","Zsa Zsa Padilla","","platinum"
"3002","Here There And Everywhere","The Beatles","","platinum"
"7730","Here Today Gone Tomorrow","Ray Conniff","","platinum"
"8388","Here Tonight","Hale","","platinum"
"1491","Here We Are","Gloria Estefan","","platinum"
"6930","Here We Are","F4 (Ken Zu)","","platinum"
"6413","Here We Are You & I","Jose Mari Chan","","platinum"
"11384","Here We Go Again","Norah Jones And Ray","","platinum"
"8374","Here Without You","3 Doors Down","","platinum"
"2821","Here You Come Again","Dolly Parton","","platinum"
"11353","Hero","Nickelback","","platinum"
"1356","Hero","Mariah Carey","","platinum"
"5962","Hero","Enrique Iglesias","","platinum"
"9501","Hero","Miguel","","platinum"
"7053","Hero Of The Day","Metallica","","platinum"
"5963","Hesus","Aegis","","platinum"
"5587","Heto Ako","Michael Laygo","","platinum"
"9271","Heto Na","Concrete Sam","","platinum"
"0599","Heto Na Naman","Ryan Cayabyab","","platinum"
"1052","Heto Naman Ako","Miguel Vera","","platinum"
"5964","Hey","Fatima Rainey","","platinum"
"7926","Hey","Julio Iglesias","","platinum"
"5297","Hey Boy","Judy Ann Santos","","platinum"
"11724","Hey Daydreamer","Somedaydream","","platinum"
"3853","Hey Diddle Diddle","Various","","platinum"
"1053","Hey It's Me","Jamie Rivera","","platinum"
"2579","Hey Jude","The Beatles","","platinum"
"3854","Hey Little Girl","Dee Clark","","platinum"
"8838","Hey Look At The Sun","Siti","","platinum"
"8088","Hey Mama","Black Eyed Peas","","platinum"
"7687","Hey Sexy Lady","Shaggy","","platinum"
"9243","Hey There Delilah","Plain White T's","","platinum"
"4275","Hey Tonight","Ccr","","platinum"
"7809","Hey Ya","Outkast","","platinum"
"11181","Hey, Soul Sister","Train","","platinum"
"8679","Hibok Hibok","Sullivan","","platinum"
"3856","Hickory Dickory Dock","Various","","platinum"
"8576","Hide And Seek","Hale","","platinum"
"9907","Higante","Ely Buendia And Francis","","platinum"
"11092","High","James Blunt","","platinum"
"5105","High","Lighthouse Family","","platinum"
"8257","High","Speaks","","platinum"
"1629","High Hopes","Frank Sinatra","","platinum"
"1357","High School Life","Sharon Cuneta","","platinum"
"11446","Higher","Taio Cruz ft. Kylie","","platinum"
"11451","Higher","The Saturdays","","platinum"
"6981","Higher","Creed","","platinum"
"9579","Highway","Kitchie Nadal","","platinum"
"9821","Highway Star","Deep Purple","","platinum"
"9615","Higpit Ng Yakap","Patricia Javier","","platinum"
"8680","Higugma","Visayan Song","","platinum"
"9928","Hi-Ho Silver Lining","Jeff Beck","","platinum"
"9164","Hikaw Ni Lolo","Lito Camo","","platinum"
"11001","Hiling","Silent Sanctuary","","platinum"
"8623","Hiling","Jay-R Siaboc","","platinum"
"8803","Hilot","Scrambled Eggs","","platinum"
"9494","Hilot","Jay-R Siaboc","","platinum"
"5965","Himala","Rivermaya","","platinum"
"8812","Himala","Yeng Constantino","","platinum"
"9406","Himig Ng Pag-ibig","Yeng Constantino","","platinum"
"1458","Himig Pasko","Apo Hiking Society","","platinum"
"8046","Hinahanap Ng Puso","Gloc 9","","platinum"
"6565","Hinahanap-Hanap Kita","Regine Velasquez","","platinum"
"9050","Hindi Ako Bakla","Michael V.","","platinum"
"0546","Hindi Ako Iiyak","The Flippers","","platinum"
"1216","Hindi Ako Laruan","Mimi Baylon","","platinum"
"9594","Hindi Ako Susuko","Rivermaya","","platinum"
"0492","Hindi Kita Iwan","Rey Valera","","platinum"
"1274","Hindi Kita Malimutan","Nonoy Zuniga","","platinum"
"5718","Hindi Ma Pwedeng Mahalin","Girl Talk","","platinum"
"7600","Hindi Ko Akalain","Vit & Co.","","platinum"
"1197","Hindi Ko Kaya","Richard Reynoso","","platinum"
"8409","Hindi Ko Kayang Iwan Ka","Sheryn Regis","","platinum"
"9051","Hindi Ko Na Kayang Masaktan Ka","Ogie Alcasid & Regine","","platinum"
"9685","Hindi Lang Sana Sa Pangarap","Rachel Alejandro","","platinum"
"6566","Hindi Magbabago","Randy Santiago","","platinum"
"9870","Hindi Mo Ba Alam","Siakol","","platinum"
"11499","Hindi Na Bale","Bugoy Drilon","","platinum"
"6844","Hindi Na Bale","Jessa Zaragoza","","platinum"
"9578","Hindi Na Sana","Zelle","","platinum"
"9165","Hindi Pa Pala Ikaw","Pops Fernandez","","platinum"
"8839","Hintay","Soapdish","","platinum"
"9766","Hintay","Callalily","","platinum"
"5687","Hinumdumi","Visayan Song","","platinum"
"1715","Hip To Be Square","Huey Lewis","","platinum"
"8467","Hips Don't Lie","Shakira","","platinum"
"7419","Hiram","Zsa Zsa Padilla","","platinum"
"9307","Hiram","Session Road","","platinum"
"6750","Hit Me With Your Best Shot","Pat Benatar","","platinum"
"6865","Hitchin' A Ride","Greenday","","platinum"
"11040","Hitik Sa Bunga","Brownman Revival","","platinum"
"0117","Hiwaga Ng Pag-Ibig","Bing Rodrigo","","platinum"
"11536","Hold It Against Me","Britney Spears","","platinum"
"4502","Hold Me","Menudo","","platinum"
"9052","Hold Me In Your Arms","Regine Velasquez","","platinum"
"1230","Hold Me Once Again","Cristy Garhatlian","","platinum"
"2924","Hold Me Thrill Me","Johnny Mathis","","platinum"
"11494","Hold My Hand","Michael Jackson ft","","platinum"
"11150","Hold On","Michael Buble","","platinum"
"8546","Hold On","Shamrock","","platinum"
"9686","Hold On","Side A","","platinum"
"11721","Hold On 'Til The Night","Greyson Chance","","platinum"
"11761","Hold On To The Night","Richard Marx","","platinum"
"0216","Hold The Line","Toto","","platinum"
"9286","Hold You Down","Jennifer Lopez Ft. Fat","","platinum"
"0972","Holding Back The Years","Simply Red","","platinum"
"8531","Holding Out For A Hero","Bonnie Tyler","","platinum"
"8319","Hole In The Head","Sugababes","","platinum"
"0870","Holiday","Madonna","","platinum"
"8291","Hollaback Girl","Gwen Stefani","","platinum"
"11310","Holler Back","The Lost Trailers","","platinum"
"11349","Hollywood","Marina And The","","platinum"
"11351","Hollywood","Michael Buble","","platinum"
"11806","Hollywood","Jojo","","platinum"
"7383","Hollywood","Madonna","","platinum"
"8884","Hombre","Sexbomb Girls","","platinum"
"15029","Home","Philip Philips","","platinum"
"44632","Home","Blake Shelton","","platinum"
"8840","Home","Chris Daughtry","","platinum"
"9443","Home","Aiza Seguerra","","platinum"
"44698","Homecoming","Kanye West","","platinum"
"11128","Homeless","Leona Lewis","","platinum"
"11681","Hometown Glory","Adele","","platinum"
"0407","Homeward Bound","Simon & Garfunkel","","platinum"
"6415","Honestly","Harem Scarem","","platinum"
"7210","Honestly","Billy Joel","","platinum"
"44725","Honey","Erykah Badu","","platinum"
"6068","Honey Pie","The Beatles","","platinum"
"0309","Honey, My Love So Sweet","April Boys","","platinum"
"0441","Honky Tonk Women","The Rolling Stones","","platinum"
"3011","Hooked On A Feeling","BJ Thomas","","platinum"
"11835","Hope Is A River","Sean Kingston ft.","","platinum"
"4206","Hope You're Feeling Better","Santana","","platinum"
"7927","Hopeless Romantic","The Company","","platinum"
"3146","Hopelessly Devoted","Olivia Newton John","","platinum"
"4507","Horny","Mousse T","","platinum"
"8952","Hot","Avril Lavigne","","platinum"
"9429","Hot And Cold","Katy Perry","","platinum"
"7371","Hot Babes","Viva Hotbabes","","platinum"
"5394","Hot Legs","Rod Stewart","","platinum"
"44731","Hot N' Cold","Katy Perry","","platinum"
"8329","Hot Na Hot","Barako Boys","","platinum"
"3858","Hot Stuff","Donna Summers","","platinum"
"2581","Hotel California","Eagles","","platinum"
"0832","Hound Dog","Elvis Presley","","platinum"
"0414","House Of The Rising Sun","Animals","","platinum"
"0153","How Am I Supposed To Live Without You","Laura Branigan","","platinum"
"2848","How Am I Supposed To Live Without You","Michael Bolton","","platinum"
"11303","How 'Bout Them Cowgirls","George Strait","","platinum"
"0797","How Can I Be Sure","","","platinum"
"11813","How Can I Fall","Jed Madela","","platinum"
"6866","How Can I Fall","Breathe","","platinum"
"8018","How Can I Forget You","Nexus","","platinum"
"2654","How Can I Tell Her","Lobo","","platinum"
"0239","How Can I Tell You","Cat Stevens","","platinum"
"5245","How Can You Mend A Broken Heart","Bee Gees","","platinum"
"0338","How Could An Angel Break My Heart","Toni Braxton","","platinum"
"11070","How Could I","Paraluman","","platinum"
"6416","How Could You Leave","Regine Velasquez","","platinum"
"8145","How Could You Say You Love Me","Sarah Geronimo","","platinum"
"2840","How Deep Is Your Love","Beegees","","platinum"
"7845","How Did I Fall In Love","Backstreet Boys","","platinum"
"1465","How Did You Know","Chiqui Pineda","","platinum"
"8048","How Did You Know","Gary V.","","platinum"
"0339","How Do I Live","Trisha Yearwood","","platinum"
"4511","How Do You Do","Per Gessle","","platinum"
"1014","How Do You Keep The Music Playing","James Ingram","","platinum"
"11111","How Do You Sleep","Jesse McCartney","","platinum"
"6113","How Do You Want Me To Love You","911","","platinum"
"0033","How High The Moon","Jerry Vale","","platinum"
"0345","How Many Hours","Michael Learns..","","platinum"
"4514","How Many People","","","platinum"
"1665","How Much Is That Doggie In The Window","Freddie Fender","","platinum"
"9166","How Soon","Matt Monroe","","platinum"
"0706","How Sweet It Is","James Taylor","","platinum"
"11818","How To Love","Lil Wayne","","platinum"
"8556","How To Save A Life","The Fray","","platinum"
"4515","How Was I To Know","","","platinum"
"4207","How Will I Know","Whitney Houston","","platinum"
"44584","How You Remind Me","Nickelback","","platinum"
"0476","However Which Way","Introvoys","","platinum"
"4951","Hudas Ka","Mae Rivera","","platinum"
"8615","Huling Hiling","Gagong Rapper","","platinum"
"11994","Huling Sayaw","Kamikazee Feat. Kyla","","platinum"
"6937","Hulog Ka Ng Langit","Lianne Loren","","platinum"
"8959","Hulog Ng Langit","Sofie","","platinum"
"0269","Human","Human League","","platinum"
"11112","Human","The Killers","","platinum"
"9531","Human","M.Y.M.P.","","platinum"
"7874","Human Nature","Kyla","","platinum"
"9993","Human Nature","Billy Crawford","","platinum"
"5490","Humarap Ka Ng Parang","Andrew E.","","platinum"
"8273","Hung Up","Madonna","","platinum"
"6385","Hungry Like A Wolf","Duran Duran","","platinum"
"7384","Hunter","Dido","","platinum"
"8536","Hurt","Christina Aguilera","","platinum"
"44651","Hurt Again","Mary J. Blige","","platinum"
"0589","Hurting Each Other","Carpenters","","platinum"
"5298","Hurting Inside","Foj","","platinum"
"11129","Hush Hush","Pussycat Dolls","","platinum"
"11049","Hush Hush; Hush Hush","Pussycat Dolls","","platinum"
"4518","Hush Little Baby","","","platinum"
"9460","Huwag Ka Lang Magpapa Boogie","Willie Revillame","","platinum"
"9167","Huwag Ka Nang Lumuha","Bing Rodrigo","","platinum"
"5966","Huwag Ka Ng Babalik","Roselle","","platinum"
"9251","Huwag Ka Ng Umiyak","True Faith","","platinum"
"7775","Huwag Kang Lalayo","Aiza Seguerra","","platinum"
"11201","Huwag Kang Malakot","Eraserheads","","platinum"
"7109","Huwag Limutin","Keynotes Chorale","","platinum"
11649,Huwag Mo Na Munang Sabihin,Siti,,platinum
9053,Huwag Mo Nang Itanong,M.Y.M.P.,,platinum
5590,Huwag Mo Ng Itanong,Eraserheads,,platinum
9687,Huwag Mong Itatanong,Toni Daya,,platinum
11725,Huwag Mong Iwan Ang Puso,Aiza Seguerra,,platinum
6372,Huwag Na Huwag,Tagerine,,platinum
1534,Huwag Na Lang Kaya,True Faith,,platinum
5719,Huwag Naman,Nerrisa,,platinum
8387,I,6 Cycle Mind,,platinum
8280,I Alone,Live,,platinum
8155,I Always Get Caught...,Dionne Warwick,,platinum
8164,I Am But A Small Voice,Leah Salonga,,platinum
11616,I Am The Best,2ne1,,platinum
4519,I Am What I Am,La Cage Aux Folles,,platinum
0707,I Am Woman,Helen Reddy,,platinum
5591,I Believe,Tom Jones,,platinum
9740,I Believe,Amee Hidalgo,,platinum
8346,I Believe (Sassy Girl),Jimmy Bondoc,,platinum
4345,I Believe I Can Fly,R. Kelly,,platinum
1325,I Believe In Dreams,Janno Gibbs,,platinum
8172,I Believe In The Thing...,The Darkness,,platinum
1124,I Believe In You,Don Williams,,platinum
8128,I Believe In You,Kylie Minogue,,platinum
9168,I Believe In You,Jessa Zaragoza,,platinum
9915,I Bet You Look Good On The Dance Floor,Arctic Monkeys,,platinum
11113,I Call It Love,Lionel Richie,,platinum
5003,I Can,Donna Mikee Regine,,platinum
0871,I Can Dream About You,Dan Hartman,,platinum
1015,I Can Love You Like,All-4-One,,platinum
0708,I Can See Clearly Now,Hothouse Flowers,,platinum
8375,I Can Wait Forever,Air Supply,,platinum
1700,I Can't Be With You,Cranberries,,platinum
7921,I Can't Dance,Genesis,,platinum
5967,I Can't Find The Words,David Gates,,platinum
7497,I Can't Get Over You,Lionel Richie,,platinum
8512,I Can't Let Go,Air Supply,,platinum
9169,I Can't Live Without,Imelda Papin,,platinum
0550,I Can't See Nobody,Bee Gees,,platinum
2582,I Can't Stop Lovin You,Ray Charles,,platinum
5592,I Can't Tell You Goodbye,Helen Reddy,,platinum
2830,I Can't Tell You Why,The Eagles,,platinum
8448,I Care,Rachel Ann Go,,platinum
0689,I Could Easily Fall In Love,Cliff Richard,,platinum
0340,I Could Fall In Love With You,Selena,,platinum
0715,I Could Have Danced All Night,Paula Mesina,,platinum
9995,I Could Not Ask For More,Edwin McCain,,platinum
5823,I Cross My Heart,George Strait,,platinum
3472,I Dig Rock And Roll,Peter Paul And Mary,,platinum
5147,I Do,98 Degrees,,platinum
7846,I Do,Lisa Loeb,,platinum
2943,I Do I Do I Do,Abba,,platinum
6114,I Do Love You,Eddie Peregrina,,platinum
11114,I Do Not Hook Up,Kelly Clarkson,,platinum
7498,I Don't Wanna Lose Your Love,Roselle Nava,,platinum
8317,I Dont Care,Ricky Martin,,platinum
9863,I Don't Care,2ne1,,platinum
9949,I Don't Feel Like Dancing,Scissors Sisters,,platinum
11731,I Don't Have The Heart,James Ingram,,platinum
9833,I Don't Have The Heart,Kyla,,platinum
2808,I Don't Know How To...,Helen Reddy,,platinum
9961,I Don't Like Mondays,The Boomtown,,platinum
2690,I Don't Like To Sleep Alone,Paul Anka,,platinum
1339,I Don't Mean A Thing,Sharon Cuneta,,platinum
8146,I Don't Wanna Be Your Friend,Nina,,platinum
3152,I Don't Wanna Go On...,Elton John,,platinum
8161,I Don't Wanna Lose You,The Spinners,,platinum
11787,I Don't Wanna Lose Your Love,John O'banion,,platinum
2815,I Don't Wanna Talk About It,Rod Stewart,,platinum
5443,I Don't Wanna Wait,Paula Cole,,platinum
5361,I Don't Want To,Toni Braxton,,platinum
11046,I Don't Want To Fall,Juris,,platinum
4523,I Don't Want To Miss A Thing,Aerosmith,,platinum
7300,I Don't Want To Spoil The Party,The Beatles,,platinum
5593,I Don't Want You To Go,Lani Hall,,platinum
9809,I Don't Want You To Go,Kyla,,platinum
9688,I Dream Of Christmas,Ariel Rivera,,platinum
4323,I Drive Myself Crazy,NSync,,platinum
11707,I Fall Over Again,Dan Hill,,platinum
2944,I Feel Fine,The Beatles,,platinum
5917,I Feel For You,Chaka Khan,,platinum
44574,I Feel Good,James Brown,,platinum
3473,I Feel Love,Donna Summer,,platinum
0709,I Feel The Earth Move,Carole King,,platinum
5751,I Finally Found Someone,Adams & Streisand,,platinum
4524,I Found Someone,Michael Bolton,,platinum
4208,I Get A Kick,Frank Sinatra,,platinum
3155,I Get Around,Beach Boys,,platinum
44363,I Get Lost,Eric Clapton,,platinum
7629,I Give My Life To You,Praise Song,,platinum
0341,I Go Crazy,Barry Manilow,,platinum
44669,I Got It From My Mama,Will.I.Am,,platinum
4526,I Got You,James,,platinum
7451,I Got You Babe,Sonny & Cher,,platinum
2886,I Got You Under My Skin,,,platinum
44848,I Gotta Feeling,Black Eyed Peas,,platinum
5935,I Hab Hands,Max Surban,,platinum
2831,I Hate Everything About You,Joan Jett,,platinum
7928,I Hate Everything About You,Ugly Kid Joe,,platinum
44759,I Hate This Part,Pussycat Dolls,,platinum
3404,I Have A Dream,Abba,,platinum
0680,I Have Nothing,Whitney Houston,,platinum
8529,I Have You,Carpenters,,platinum
3157,I Heard It Through The Grapevine,Marvin Gaye,,platinum
6115,I Honestly Love You,Olivia Newton John,,platinum
2589,I Just Called To Say I Love You,Stevie Wonder,,platinum
0170,I Just Can't Stop Loving You,Michael Jackson,,platinum
3366,I Just Can't Wait To Be A King,Lion King Theme,,platinum
5880,I Just Didn't Know..,Nicky Holland,,platinum
2682,I Just Fall In Love Again,Anne Murray,,platinum
3158,I Kept On Loving You,R. Carpenter,,platinum
9383,I Kissed A Girl,Katy Perry,,platinum
4317,I Knew I Loved You,Savage Garden,,platinum
44859,I Know,Jay-Z and Pharrell,,platinum
8251,I Know,Yasmien Kurdi,,platinum
9172,I Know,Tom Jones,,platinum
4528,I Know Him So Well,Whitney Houston,,platinum
44868,I Know You Want Me,Pitbull,,platinum
5491,I Lay My Love On You,Westlife,,platinum
2787,I Left My Heart In San Francisco,Frank Sinatra,,platinum
2583,I Like Chopin,Gazebo,,platinum
11340,I Like It,Enrique Iglesias ft,,platinum
9985,I Like You So Much Better When You're Naked,Ida Maria,,platinum
8026,I Live For Your Love,Natalie Cole,,platinum
6569,I Live My Life For You,Firehouse,,platinum
6568,I Live To Know You,Darlene Zscech,,platinum
4529,I Love A Rainy Night,Eddie Rabbit,,platinum
5444,I Love All The Way,Jannie Frickie,,platinum
2942,I Love How You Love Me,Paris Sisters,,platinum
8027,I Love Paris Every Moment,Frank Sinatra,,platinum
0004,I Love Rock And Roll,Joan Jett,,platinum
7075,I Love Rock 'N Roll,Britney Spears,,platinum
3163,I Love The Night Life,Alicia Bridge,,platinum
4326,I Love The Way You Love Me,Boyzone,,platinum
11438,I Love You,Willie Revillame,,platinum
11954,I Love You,2NE1,,platinum
3869,I Love You,Celine Dion,,platinum
8796,I Love You 1 2 3,Mom's Cake,,platinum
6379,I Love You All The Way,Janie Frickie,,platinum
1569,I Love You And..,Jam Morales,,platinum
0035,I Love You For Sentimental Reasons,Linda Ronstadt,,platinum
11330,I Love You Girl,Xlr8,,platinum
6570,I Love You Goodbye,Celine Dion,,platinum
9689,I Love You Goodbye,Nina,,platinum
5969,I Love You Na Lang Sa Tago,Aegis,,platinum
3870,I Love You-You Love Me,Koreana,,platinum
6210,I Love Your Smile,Shanice,,platinum
11219,I Luv It,Young Jeezy,,platinum
0979,I Made It Through The Rain,Barry Manilow,,platinum
9834,I Miss You So Much,Kyla,,platinum
1309,I Need To Be In Love,The Carpenters,,platinum
7691,I Need To Be Next To You,Leigh Nash,,platinum
0561,I Need You,America,,platinum
7680,I Need You,Leann Rimes,,platinum
8113,I Need You,3T,,platinum
1229,I Need You Back,R. Lauchengco,,platinum
11061,I Never Cry,Iya Villana,,platinum
5253,I Never Cry,Alice Cooper,,platinum
7499,I Never Dreamed Someone Like You,Cathy Irving,,platinum
4530,I Never Loved A Man,Aretha Franklin,,platinum
7983,I Never Loved You Anyway,Corrs,,platinum
0046,I Only Have Eyes For You,Art Garfunkel,,platinum
2846,I Only Wanna Be With You,Dusty Springfield,,platinum
9930,I Predict A Riot,Kaiser Chiefs,,platinum
9173,I Promise You,Ogie Alcasid,,platinum
2863,I Put A Spell On You,CCR,,platinum
2584,I Really Don't Want To Know,Elvis Presley,,platinum
0537,I Remember The Boy,Joey Albert,,platinum
11393,I Remember The Girl,Christian Bautista,,platinum
8028,I Remember You,Skidrow,,platinum
44796,I Said Never Again,Rachel Stevens,,platinum
44639,I Saw God Today,George Strait,,platinum
2771,I Saw Her Standing There,The Beatles,,platinum
3483,I Saw Mommy Kissing Santa Claus,Christmas Song,,platinum
3482,I Saw Three Chips,Christmas Song,,platinum
0873,I Second That Emotion,Smokey Robinson,,platinum
3161,I Shot The Sheriff,Bob Marley,,platinum
9932,I Should Be So Lucky,Kylie Minogue,,platinum
3003,I Should Have,,,platinum
2699,I Started A Joke,Bee Gees,,platinum
9575,I Stay In Love,Mariah Carey,,platinum
8364,I Still,Backstreet Boys,,platinum
5119,I Still Believe,Mariah Carey,,platinum
9616,I Still Believe In Love,Jaya,,platinum
8475,I Still Believe In Loving You,Sarah Geronimo,,platinum
4210,I Still Haven't Found What I'm..,U2,,platinum
44645,I Still Miss You,Keith Anderson,,platinum
44387,I Surrender,Laura Pausini,,platinum
0596,I Swear,All 4 One,,platinum
3165,I Thank You,Sam And Dave,,platinum
7500,I Think I Love You,Partridge Family,,platinum
8029,I Think I'm In Love,Piolo Pascual,,platinum
9637,I Think I'm In Love,Kuh Ledesma,,platinum
5148,I Think I'm In Love With You,Jessica Simpson,,platinum
11379,I Told You So,Randy Travis,,platinum
6655,I Truly Love You,F4,,platinum
44398,I Try,Macy Gray,,platinum
5799,I Turn To You,Cristina Aguilera,,platinum
0872,I Understand,Herman's Hermit,,platinum
9954,I Wanna Be Adored,Stone Roses,,platinum
44540,I Wanna Be Bad,Willa Ford,,platinum
5149,I Wanna Be With You,Mandy Moore,,platinum
1363,I Wanna Be Your Lover,Cascades,,platinum
1668,I Wanna Dance,Mtr,,platinum
0271,I Wanna Do It With You,Barry Manilow,,platinum
11597,I Wanna Go,Britney Spears,,platinum
0406,I Wanna Hold Your Hand,Beatles,,platinum
9054,I Wanna Know What Love Is,Sarah Geronimo,,platinum
9308,I Wanna Love You,Akon Ft. Snoop Dogg,,platinum
7648,I Wanna Play Bey Blade,Sooper Babes,,platinum
7211,I Wanna Wake Up With You,Boris Gardner,,platinum
44762,I Want It All,Sharpay And Ryan,,platinum
7308,I Want It That Way,Backstreet Boys,,platinum
7372,I Want To Be More Like You,Eugene Greco,,platinum
0573,I Want To Break Free,Queen,,platinum
0005,I Want To Dance With Somebody,Whitney Houston,,platinum
5445,I Want To Give,Perry Como,,platinum
1350,I Want To Give It All,Air Supply,,platinum
0874,I Want To Know What Love Is,Foreigner,,platinum
11077,I Want To Know What Love Is,Mariah Carey,,platinum
5301,I Want To Spend My Lifetime Loving You,Tina Arena And Mark,,platinum
3872,I Want To Walk You Home,Fats Domino,,platinum
0775,I Want You,Elvis Presley,,platinum
8031,I Want You,Savage Garden,,platinum
3167,I Want You Back,F. Perren,,platinum
7309,I Want You For My Self,Another Level,,platinum
5885,I Was Born To Love You,Eric Carmen,,platinum
8032,I Was Born To Make You,Britney Spears,,platinum
5446,I Was Looking For Someone,Leif Garret,,platinum
3487,I Was Made For Loving You,Kiss,,platinum
2873,I Went To Your Wedding,Patti Page,,platinum
1421,I Whistle A Happy..,The King And I,,platinum
2905,I Who Have Nothing,Tom Jones,,platinum
2947,I Will,The Beatles,,platinum
11740,I Will Always Love You,Kenny Rogers,,platinum
3168,I Will Always Love You,Whitney Houston,,platinum
8852,I Will Always Love You,Rachelle Ann Go,,platinum
0342,I Will Be Here,Steven Chapman,,platinum
9617,I Will Be Here,Gary V.,,platinum
0508,I Will Be Here For You,Michael W. Smith,,platinum
7618,I Will Be There,Kyla,,platinum
4536,I Will Be Waiting,Lisa Stansfield,,platinum
7373,I Will Bless The Lord,Daniel Gardner,,platinum
6389,I Will Carry Upon The Lord,K Corales,,platinum
0184,I Will Follow Him,Petula Clark,,platinum
9174,I Will Give My Love,Cristy Mendoza,,platinum
6581,I Will Love Again,Lara Fabian,,platinum
4273,I Will Survive,Gloria Gaynor,,platinum
9973,I Will Take You Forever,Christopher Cross,,platinum
0471,I Wish The Phone Would Ring,Expose,,platinum
8904,I Wish You Love,Kyla,,platinum
11949,I Won't Give Up,Jason Mraz,,platinum
9309,I Won't Go Home Without You,Maroon 5,,platinum
1538,I Won't Hold You Back,Toto,,platinum
0065,I Won't Last A Day Without You,Carpenters,,platinum
4538,I Won't Send Roses,Mack & Mabel,,platinum
0343,I Wouldn't Be Here,Belinda Carlisle,,platinum
0415,I Write The Song,Barry Manilow,,platinum
9448,I'll Be Loving You Longtime,Mariah Carey ft. T.I.,,platinum
9253,I've Fallen In Love,Sam Milby,,platinum
11793,Iba Ka Na Pala Ngayon,Mike Luis,,platinum
7616,Iba Ka Sa Lahat,Roel Cortez,,platinum
0311,Ibang-Iba Ka Na,Renz Verano,,platinum
5447,Ibaon Mo,Selina Sevilla,,platinum
1265,Ibig Kong Magtapat,,,platinum
9511,Ibigay Mo Baby,Willie Revillame,,platinum
5150,Ibigay Mo Na,Jessa Zaragoza,,platinum
7212,Ibigin Mo Mahal,Sessionist,,platinum
8945,Ibog Ibog,Mantequilla,,platinum
9175,Ibulong Mo Sa Hangin,Claire Dela Fuente,,platinum
7875,Ibulong Sa Hangin,Sarah Geronimo,,platinum
0645,Ice Ice Baby,Vanilla Ice,,platinum
6211,Icicle,The Cranberries,,platinum
44708,I'd Lie,Taylor Swift,,platinum
0034,I'd Like To Teach The World To Sing,New Seekers,,platinum
2655,I'd Love You To Want Me,Lobo,,platinum
6480,I'd Rather,Luther Vandross,,platinum
11712,I'd Really Love To See You Tonight,England Dan & John Ford,,platinum
9176,I'd Still Say Yes,Climax,,platinum
9853,Idlip,Imago,,platinum
2688,If,Bread,,platinum
5004,If,Nelson Del Castillo,,platinum
8295,If,Rivermaya,,platinum
4549,If All The Raindrops,Traditional,,platinum
8033,If Ever You're In My Arms,Peabo Bryson,,platinum
5299,If Ever You're In My Arms Again,Peabo Bryson,,platinum
11093,If Everyone Cared,Nickelback,,platinum
8151,If I Ain't Got You,Alicia Keys,,platinum
8933,If I Believe,Jinky Vidal,,platinum
6571,If I Can Dream,Elvis Presley,,platinum
5425,If I Can't Have You,Bee Gees,,platinum
5303,If I Could,Jonathan Davis,,platinum
44415,If I Could Turn Back The Hands Of Time,R. Kelly,,platinum
44345,If I Could Turn Back Time,Cher,,platinum
11368,If I Die Young,The Band Perry,,platinum
0570,If I Ever Loose My Faith..,Sting,,platinum
3004,If I Fell,The Beatles,,platinum
11062,If I Give You My Heart,Toni Gonzaga,,platinum
44335,If I Had 1,000,000,Barenaked Ladies,,platinum
6424,If I Had Hammer,Peter Paul & Mary,,platinum
8624,If I Keep My Heart Out Of Sight,Nikki Gil,,platinum
4551,If I Let You Go,Backstreet Boys,,platinum
0876,If I Needed You,D. Williams,,platinum
44678,If I Never See Your Face Again,Maroon 5 Feat.,,platinum
5448,If I Never Sing Another Song,Matt Monro,,platinum
4552,If I Said You Have A Beautiful,,,platinum
9177,If I Should Love Again,Barry Manilow,,platinum
1579,If I Sing You A Love Song,Bonnie Tyler,,platinum
9979,If I Were A Boy,Beyonce Knowles,,platinum
1030,If I'm Not In Love With You,Kathy Troccoli,,platinum
4544,If It Makes You Happy,Sheryl Crow,,platinum
6425,If Life Is So Short,The Moffatts,,platinum
1493,If Looks Could Kill,Heart,,platinum
0016,If Love Is Blind,Tiffany,,platinum
1050,If The Feeling Is Gone,Ella May Saison,,platinum
9055,If The Feeling Is Gone,Kyla,,platinum
2891,If There Was Any Other Way,Celine Dion,,platinum
0973,If This Is It,Huey Lewis,,platinum
0560,If This Is Love,Melissa Manchester,,platinum
11220,If Today Was Your Last Day,Nickelback,,platinum
0953,If Tomorrow Never Comes,Garth Brooks,,platinum
6117,If Tomorrow Never Comes,Ronan Keating,,platinum
1172,If We Can Have More Time,Jose Mari Chan,,platinum
11146,If We Ever Meet Again,Timbaland Ft Katy Perry,,platinum
8790,If We Fall In Love,Yeng & Jr,,platinum
0559,If We Hold On Together,Diana Ross,,platinum
5596,If We Try,Aiza Seguerra,,platinum
4213,If You Asked Me To,Celine Dion,,platinum
11561,If You Can Afford Me,Katy Perry,,platinum
7685,If You Come Back,Blue,,platinum
44658,If You Didn't Love Me,Phil Stacey,,platinum
4306,If You Had My Love,Jennifer Lopez,,platinum
0926,If You Leave,Me Now,,platinum
4347,If You Leave Me Now,Chicago,,platinum
3878,If You Love Me,Branda Lee,,platinum
4214,If You Love Somebody Set Them Free,Sting,,platinum
1016,If You Remember Me,Barry Manilow,,platinum
9755,If You Seek Amy,Britney Spears,,platinum
0553,If You Walk Away,David Pomeranz,,platinum
8403,If You Walk Away,Rahcelle Ann Go,,platinum
6512,If Your Heart's Not In It,Westlife,,platinum
11297,If You're Going Through Hell,Rodney Atkins,,platinum
5449,If You're Gone,Matchbox,,platinum
7501,If You're Happy,Nursery Rhymes,,platinum
6825,If You're Heart's Not,Westlife,,platinum
11791,If You're Not Here,Menudo,,platinum
6572,If You're Not The One,Daniel Beddingfield,,platinum
9592,If You're Not The One,Dianne Elise,,platinum
11255,If You're Reading This,Tim Mcgraw,,platinum
9475,Igiling Giling,Willie Revillame,,platinum
44867,Ignorance,Paramore,,platinum
5248,Ihilak,Visayan,,platinum
9690,Ihip Ng Hangin,The Company,,platinum
7776,Ibigin Kita,J. Advincula,,platinum
4955,Iingatan Ka,Carol Banawa,,platinum
1125,Iisa Pa Lamang,Joey Albert,,platinum
8399,Iiisang Bangka,The Dawn,,platinum
6212,Iisang Damdamin,Louie Heredia,,platinum
9178,Iiwan Ba Ako,Jessa Zaragoza,,platinum
5879,Iiiyak Ka Rin,Amel Pineda,,platinum
5249,Ikaduhang Bathala,Visayan Sng,,platinum
5250,Ikakasal Ka Na,Jessa Zaragoza,,platinum
9179,Ikakasal Ka Na Pala,Eva Eugenio,,platinum
9180,Ikakasal Na Ang Aking Mahal,Isabel Granada,,platinum
6213,Ikaw,Freddie Aguilar,,platinum
7434,Ikaw,Carmela Cuneta,,platinum
8548,Ikaw,Breinan Espartinez,,platinum
8960,Ikaw,Sarah Geronimo,,platinum
9396,Ikaw,Gerald Santos,,platinum
9436,Ikaw,Ronnie Liang,,platinum
1499,Ikaw Ang Aking Mahal,Vst & Co.,,platinum
9252,Ikaw Ang Aking Pangarap,Martin Nievera,,platinum
9691,Ikaw Ang Aking Pangarap,Sarah Geronimo,,platinum
6819,Ikaw Ang Bigay,Sharon Cuneta,,platinum
5597,Ikaw Ang Buhay,Kundiman,,platinum
9181,Ikaw Ang Buhay Ko,L.A Lopez,,platinum
9182,Ikaw Ang Idol Ko,Cinderella,,platinum
8515,Ikaw Ang Iibigin Ko,Josh Garcia,,platinum
9692,Ikaw Ang Kailangan Ko,Anna Fegi,,platinum
1369,Ikaw Ang Lahat Sa Akin,M.Nievera,,platinum
9183,Ikaw Ang Lahat Sa Aking Buhay,E.Peregrina,,platinum
5824,Ikaw Ang Ligaya Ko,Ric Manrique,,platinum
9184,Ikaw Ang Mahal Ko,Eddie Peregrina,,platinum
5151,Ikaw Ang Ms. Universe Ng Buhay Ko,Hotdog,,platinum
9570,Ikaw Ang Musika,Tres,,platinum
9185,Ikaw Ang Pag-Asa,Renz Verano,,platinum
9860,Ikaw Ang Pag-Ibig,La Diva,,platinum
9186,Ikaw Ang Simula,P.Fernandez,,platinum
5688,Ikaw At Ako,Diwata,,platinum
9693,Ikaw At Ako Parin,Rica Arambulo,,platinum
1059,Ikaw At Ako Sa Daigdig,J. Abalos,,platinum
1166,Ikaw Ay Akin,,,platinum
9188,Ikaw Ay Nagbago,E.Peregrina,,platinum
3171,Ikaw Ay Nasaan,Bert Dominic,,platinum
1745,Ikaw Lamang,Ogie Alcasid,,platinum
8465,Ikaw Lamang,Janno & Jaya,,platinum
8586,Ikaw Lamang,Silent Sanctuary,,platinum
9056,Ikaw Lamang,Gary Valenciano,,platinum
9871,Ikaw Lamang,Zsa Zsa Padilla,,platinum
7605,Ikaw Lamang Ang Buhay Ko,Ogie Alcasid,,platinum
7609,Ikaw Lamang Giliw,April Boy Regino,,platinum
8162,Ikaw Lamang Mahal,April Boy,,platinum
7929,Ikaw Lamang Para Sa'kin,Janet,,platinum
5881,Ikaw Lang,Tony Lambino,,platinum
7123,Ikaw Lang,Smokey Mountain,,platinum
9190,Ikaw Lang,Chad Borja,,platinum
11200,Ikaw Lang (Endless Love),Rachelle Ann Go,,platinum
9597,Ikaw Lang Ang Iibigin,Lambert,,platinum
9872,Ikaw Lang Ang Iibigin,Jessa Zaragoza,,platinum
9189,Ikaw Lang Ang Iibigin Kailan Man,Jay R.,,platinum
0319,Ikaw Lang Ang Mahal,Donna Cruz,,platinum
1137,Ikaw Lang Ang Mamahalin,Joey Albert,,platinum
1056,Ikaw Lang At Ako,Jessa Zaragoza,,platinum
9005,Ikaw Lang At Ako,Janno Gibbs,,platinum
9057,Ikaw Lang Pala,Divo,,platinum
6867,Ikaw Lang Pala (Qing Fei Te Yi),Michael John,,platinum
9330,Ikaw Lang Talaga,Yeng Constantino,,platinum
9796,Ikaw Na Nga,Willie Revillame,,platinum
8015,Ikaw Nga,South Border,,platinum
5882,Ikaw Pa Lamang,Rodel Naval,,platinum
1361,Ikaw Pa Rin,Ted Ito,,platinum
9026,Ikaw Pa Rin,Aicelle Santos,,platinum
9741,Ikaw Pa Rin,Piolo Pascual,,platinum
9770,Ikaw Pa Rin,Letter Day Story,,platinum
1747,Ikaw Pa Rin Pala,Ogie Alcasid,,platinum
1057,Ikaw Pala Ang Minamahal,John Melo,,platinum
9191,Ikaw Pala 'Yon,Donna Cruz,,platinum
7610,Ikaw Parin Pala,Ogie Alcasid,,platinum
5825,Ikaw Sana,Ogie Alcasid,,platinum
8681,Ikaw Ug Ako,Visayan Song,,platinum
0318,Ikay Mahal Pa Rin,Rockstar,,platinum
9058,Ikot, Giling, Kembot,The Bodies,,platinum
9192,Ilagay Mo Kid,Hagibis,,platinum
6427,Ilang Taon Akong Umasa,Renz Verano,,platinum
1469,I'll Always Love You,Michael Johnson,,platinum
6939,I'll Be,Edwin Mccain,,platinum
8841,I'll Be Alright,Sarah Geronimo,,platinum
9618,I'll Be Around,Jed Madela,,platinum
3005,I'll Be Back,The Beatles,,platinum
44487,I'll Be Home For Christmas,Christmas,,platinum
4540,I'll Be Over You,Toto,,platinum
6685,I'll Be Saturday Night,Bon Jovi,,platinum
0264,I'll Be Seeing You,Barry Manilow,,platinum
0875,I'll Be There,Michael Jackson,,platinum
11182,I'll Be There,Xlr8,,platinum
15001,I'll Be There,Julie Ann San Jose,,platinum
4215,I'll Be There,Jackson 5,,platinum
5450,I'll Be There,Solid Harmonie,,platinum
6417,I'll Be There,Mariah Carey,,platinum
8614,I'll Be There,Escape Club,,platinum
9474,I'll Be There,Sarah Geronimo,,platinum
1550,I'll Be There For You,Martin Nievera,,platinum
44478,I'll Be There For You,Bon Jovi,,platinum
4953,I'll Be There For You,The Moffatts,,platinum
8872,I'll Be There For You,Bon Jovi,,platinum
8365,I'll Be Yours Forever,Ogie Alcasid,,platinum
4954,I'll Do Anything For Love,Meatloaf,,platinum
1105,I'll Face Tomorrow,Marco Sison,,platinum
2948,I'll Follow The Sun,The Beatles,,platinum
1504,I'll Make Love To You,Boys Ii Men,,platinum
3875,I'll Meet You At Midnight,Smokie,,platinum
0347,I'll Never Break Your Heart,Backstreet Boys,,platinum
0672,I'll Never Fall In Love,Mary Carpenter,,platinum
6573,I'll Never Fall In Love Again,Matt Monroe,,platinum
0470,I'll Never Get Over You,Expose,,platinum
9781,I'll Never Get Over You,Karylle,,platinum
5822,I'll Never Go,Nexxus,,platinum
9059,I'll Never Go,Erik Santos,,platinum
0616,I'll Never Let You Go,Joanne Lorenzana,,platinum
0057,I'll Never Love This Way Again,Dionne Warwick,,platinum
9214,I'll Never Say Goodbye,Nonoy Zuniga,,platinum
5599,I'll Say Goodbye For The Two Of Us,Expose,,platinum
0697,I'll Stand By You,C. Taylor,,platinum
0974,I'll Supply The Love,Toto,,platinum
6071,Ilocana,Ilocano Folk Song,,platinum
8682,Ilo-Ilo Ang Banwa Ko,Ilocano Song,,platinum
0185,I'm A Believer,Neil Diamonds,,platinum
4216,I'm A Fool To Care,Ray Charles,,platinum
5970,I'm A Slave For You,Britney Spears,,platinum
6118,I'm All About You,Aaron Carter,,platinum
8204,I'm Already There,Lonestar,,platinum
0679,I'm Coming Home,Sentimental Collection,,platinum
6418,I'm Every Woman,Whitney Houston,,platinum
11221,I'm Feeling You,Carlos Santana,,platinum
7602,I'm Going To Heaven,Nina,,platinum
3876,I'm Gonna Be A Wheel,Fats Domino,,platinum
0337,I'm Gonna Be Around,Michael Learns...,,platinum
6574,I'm Gonna Come Back,Michael Learns To,,platinum
6575,I'm Gonna Getcha Good,Shania Twain,,platinum
6419,I'm Gonna Make U Love Me,Supremes,,platinum
6420,I'm Gonna Miss You,Aaron Carter,,platinum
3877,I'm Happy Just To Dance With You,Beatles,,platinum
11222,I'm In Love With A Girl,Gavin DeGraw,,platinum
0736,I'm In The Mood,Ce Ce Peniston,,platinum
11811,I'm Into You,Jennifer Lopez Ft. Lil,,platinum
44171,I'm Just A Girl,No Doubt,,platinum
5533,I'm Like A Bird,Nelly Furtado,,platinum
2949,I'm Looking Through You,The Beatles,,platinum
6576,I'm Missing You,Meja,,platinum
9397,I'm Missing You,Bea Alonzo,,platinum
9891,I'm Never Gonna Give You Up,Frank Stallone And,,platinum
1568,I'm Not A Fool Anymore,Freddie Fender,,platinum
5971,I'm Not A Girl Not Yet A Woman,Britney Spears,,platinum
0217,I'm Not In Love,10cc,,platinum
3560,I'm Not Saying A Word,Blues Brothers,,platinum
0416,I'm On Fire,Bruce Springsteen,,platinum
6578,I'm Over You,Martin Mccutcheon,,platinum
2990,I'm So Excited,Pointer Sisters,,platinum
0186,I'm Sorry,Brenda Lee,,platinum
5492,I'm Sorry,Jamie Rivera,,platinum
7847,I'm Sorry,Moonstar 88,,platinum
7930,I'm Sorry,Bituin Escalante,,platinum
3172,I'm Sorry My Love,Rockstar 2,,platinum
11279,I'm Still A Guy,Brad Paisley,,platinum
1650,I'm Still Not Over You,Richard Carpenter,,platinum
7394,I'm Still Remembering,The Cranberries,,platinum
2820,I'm Still Standing,Elton John & Bernie,,platinum
0478,I'm Too Sexy,Right Said Fred,,platinum
7964,I'm Walking,Fats Domino,,platinum
6577,I'm With You,Avril Lavigne,,platinum
5152,I'm Your Angel,Celine Dion,,platinum
4217,I'm Your Baby Tonight,Babyface,,platinum
9428,I'm Yours,Jason Mraz,,platinum
7778,Imaginary,Evanescence,,platinum
2587,Imagine,John Lennon,,platinum
8683,Imatak Ti Salaykam,Ilocano Song,,platinum
9193,Imelda Papin Medley,Imelda Papin,,platinum
11638,Imma Be,Black Eyed Peas,,platinum
3476,Immigrant Song,Led Zeppelin,,platinum
5106,Immortality,Celine Dion,,platinum
8684,Imo Na Ako,Visayan Song,,platinum
9433,Imposible,KC Concepcion,,platinum
5451,Impossible Dream,Matt Monroe,,platinum
9502,Impulsive,M.Y.M.P.,,platinum
9194,In A Wink Of An Eye,Dingdong Avanzado,,platinum
8571,In Between Days,The Cure,,platinum
9939,In Bloom,Nirvana,,platinum
11266,In Color,Jamey Johnson,,platinum
9195,In Despair,Victor Wood,,platinum
11116,In God's Hands,Nelly Furtado,,platinum
9196,In Love,Rico J Puno,,platinum
5153,In Love With You,Regine & Jacky,,platinum
44726,In My Arms,Kylie Minogue,,platinum
44733,In My Arms,Plumb,,platinum
5366,In My Dreams,Reo Speedwagon,,platinum
11688,In My Life,Ariel Rivera,,platinum
2950,In My Life,The Beatles,,platinum
6796,In My Life Medley,Aiza Seguerra,,platinum
9197,In My Little Room,Eddie Peregrina,,platinum
6869,In My Place,Cold Play,,platinum
8014,In Or Out,Sandara Park,,platinum
3324,In The Army Now,,,platinum
44694,In The Ayer,Flo Rida & Will.I.Am,,platinum
9198,In The Battles,Basil Valdez,,platinum
5972,In The End,Linkin Park,,platinum
0460,In The Ghetto,Elvis Presley,,platinum
1017,In The Groove,Madonna,,platinum
2878,In The Midnight Hour,Wilson Pocket,,platinum
0563,In The Morning,The Bee Gees,,platinum
9946,In The Morning,Razorlight,,platinum
8356,In The Name Of Love,Yasmien Kurdi,,platinum
5792,In The Navy,Village People,,platinum
6993,In The Navy Ymca Medley,Village People,,platinum
1655,In The Still Of The Night,Five Satins,,platinum
5402,In The Stone,Earth, Wind & Fire,,platinum
3479,In The Summer Time,Duongo Jerry,,platinum
0959,In These Arms,Jon Bon Jovi,,platinum
9199,In This Heart,Ella Mae Saison,,platinum
3481,In Too Deep,Phil Collins,,platinum
11237,In Your Eyes,Rachelle Ann Go,,platinum
4263,In Your Eyes,George Benson,,platinum
6119,In Your Eyes,Kylie Minogue,,platinum
7121,In Your Hands,M. Sison,,platinum
9200,Ina,Freddie Aguilar,,platinum
0097,Inaamin Ko Na,April Boy Regino,,platinum
5601,Inamorata,Victor Wood,,platinum
5973,Inano Ni Kuwan,Mae Rivera,,platinum
8208,Incomplete,Backstreet Boys,,platinum
7502,Indaclub,50 Cents,,platinum
6908,Inday,Emil Losenda,,platinum
8813,Inday,Bisrock,,platinum
3174,Inday Ng Buhay Ko,Victor Wood,,platinum
9201,Inday Ng Buhay Ko,Freddie Aguilar,,platinum
8685,Inday Sa Balitaw,Visayan Song,,platinum
5777,Independent Woman,Destiny's Child,,platinum
9560,Ing Malsintang Beria,Arti Sta. Rita,,platinum
8814,Ing Sugarol,Totoy Bato,,platinum
7797,Ingat Ka,Claudine Barreto,,platinum
9414,Ingat Ka,Silent Sanctuary,,platinum
8926,Inihaw (Hagupit),Siakol,,platinum
9532,Iniibig Kita,Kitchie Nadal,,platinum
9742,Iniibig Kita,Jed Madela,,platinum
1211,Iniibig Ko Ang Iniibig Mo,Imelda Papin,,platinum
7617,Iniibig Na Kita,Roel Cortez,,platinum
9894,Init Sa Magdamag,Nonoy Zuniga,,platinum
8142,Iniwan,Erik Santos,,platinum
9060,Iniwan Mo,Vina Morales,,platinum
4219,Inner City Blues,Marvin Gaye,,platinum
44265,Insatiable,Darren Hayes,,platinum
7453,Insensitive,Jann Arden,,platinum
7633,Inside Of My Guitar,Ken Zhu,,platinum
9812,Insomnia,Craig David,,platinum
6481,Inspector Mills,America,,platinum
8353,Instant Ayos,Rejoice Commercial,,platinum
11759,International Love,Pitbull Ft. Chris Brown,,platinum
8492,Interstate Love Song,STP,,platinum
5494,Intimacy,The Corrs,,platinum
44150,Into The Groove,Madonna,,platinum
4220,Into The Night,BB King,,platinum
9241,Into The Night,Chad Kroeger Ft.,,platinum
3453,Into The Wide Open,Tom Petty,,platinum
44364,Into You,Fabulous Ft. Ashanti,,platinum
7779,Intuition,Jewel,,platinum
5304,Inuman Na,Parokya Ni Edgar,,platinum
8440,Invincible,Christian Bautista,,platinum
11223,Invisible,Ashlee Simpson,,platinum
44709,Invisible,Taylor Swift,,platinum
0945,Invisible Touch,Genesis,,platinum
9484,Invitation,Kjwan,,platinum
8686,Ipa-Ay Ko,Ilocano Song,,platinum
1068,Ipaglalaban Ko,Freddie Aguilar,,platinum
1275,Ipagpatawad Mo,Vst&Co.,,platinum
4319,Iris,Goo Goo Dolls,,platinum
1018,Ironic,Alanis Morissette,,platinum
8561,Irreplaceable,Beyonce,,platinum
5974,Irresistible,The Corrs,,platinum
44344,Is Anybody Going To San Antone,Charley Pride,,platinum
8462,Is It Any Wonder?,Keane,,platinum
5305,Is It Okay If I Call You Mine,PAUL Mccrane,,platinum
7454,Is It Over,Ronnie Milsap,,platinum
9694,Is It Over Now,Nina,,platinum
0459,Is This Love,White Snake,,platinum
4221,Is This Love,Bob Marley,,platinum
9969,Is This The Way To Amarillo,Tony Christie,,platinum
4223,Isalnd Girl,B. Taupin, Elton John,,platinum
11466,Isama Mo Ako,Frencheska Farr,,platinum
0469,Isang Babalikan Isang Iwiwanan,Cristy Mendoza,,platinum
8521,Isang Bandila,Rivermaya,,platinum
1282,Isang Damdamin,L.Heredia,,platinum
7113,Isang Harana,Jil,,platinum
11821,Isang Katulad Mo,Aj Tabaldo Ft Bernie Ann,,platinum
1207,Isang Lahi,Antony Castelo,,platinum
3175,Isang Lahi,Regine Velasquez,,platinum
0104,Isang Linggong Pag-Ibig,Imelda Papin,,platinum
9006,Isang Pangarap Lamang,True Faith,,platinum
0119,Isang Tanong, Isang Sagot,Donna Cruz,,platinum
9638,Isang Ulit Man Lang,Lani Misalucha,,platinum
1060,Isa't Isa'y Mahal,April Boys,,platinum
8177,I-Shoot Mo,Sexballs,,platinum
8961,Isipin,Miguel Escueta,,platinum
0222,Isipin Mo,Jet Pangan,,platinum
9007,Iskul Bukol,The Bloomfields,,platinum
9171,Iskul Bukol,Tito Vic And Joey,,platinum
2791,Island Girl,Elton John & Bernie,,platinum
0053,Island In The Stream,Rogers & Paron,,platinum
44041,Isn't It A Wonder,Boyzone,,platinum
3484,Isn't She Lovely,Stevie Wonder,,platinum
8807,Istambay,Enchi,,platinum
9561,Istorya Ng Raffy,Totoy Bato,,platinum
8020,Isumbong Ko Ikaw Sa Langit,Visayan Song,,platinum
8021,Iswing Mo Ako,Vst & Co,,platinum
5604,It Came Upon A Midnight Clear,Various,,platinum
9366,It Can Only Get Better,Charisse Pempengco,,platinum
3177,It Don't Matter To Me,Bread,,platinum
8022,It Don't Mean A Thing,Duke Ellington,,platinum
11117,It Ends Tonight,All American Rejects,,platinum
0310,It Hurts Me More,Rockstar2,,platinum
11728,It Hurts When Love Fails,Nelson Del Castillo,,platinum
2788,It Might Be You,Stephen Bishop,,platinum
0636,It Must Have Been Love,Roxette,,platinum
3363,It Never Rains In Southern California,Albert Hammond,,platinum
0506,It Only Reminds Me..,Rick Price,,platinum
5975,It Seems Only Yesterday,Sharon Cuneta,,platinum
3178,It Takes Two,Sylvia Moy,,platinum
5543,It Wasn't Me,Shaggy,,platinum
11729,It Will Rain,Bruno Mars,,platinum
8081,It Won't Be Long,Beatles,,platinum
8087,Itaas Ang Kamay,Awit Pambata,,platinum
11067,Itaga Mo Sa Bato,Juris,,platinum
8564,Itaktak Mo,Joey De Leon,,platinum
1273,Itanggi Mo,,,platinum
6120,Itanggi Pa,JackieCaJca,,platinum
0137,Itanong Mo Sa Mga Bata,Asin,,platinum
6762,Ito And Trip,Parokya Ni Edgar,,platinum
11497,Ito Ang Pangako Ko,Nyoy Volante,,platinum
1580,It's A Heartache,Bonnie Tyler,,platinum
3179,It's A Miracle,Barry Manilow,,platinum
3623,It's A Small World,Disney Theme,,platinum
4562,It's All Coming Back To Me Now,Celine Dion,,platinum
4563,It's Alright,Annie Lennox,,platinum
8496,It's Been A While,Stained,,platinum
0037,It's Beginning To Look Like Christmas,Bing Crosby,,platinum
3436,It's Getting Better,The Beatles,,platinum
3180,It's Going To Take Sometime,Carpenters,,platinum
6483,It's Gonna Be Love,Mandy Moore,,platinum
4969,It's Gonna Be Me,Nsync,,platinum
11730,It's Gonna Make Sense,Michael Learns To,,platinum
11305,It's Good To Be Us,Bucky Covington,,platinum
3485,It's I His Kiss,Cher,,platinum
0036,It's Impossible,Perry Como,,platinum
9919,It's In His Kiss (The Shoop Shoop Song),Cher,,platinum
8229,It's Like That,Mariah Carey,,platinum
4926,It's My Life,Bon Jovi,,platinum
3554,It's My Party,Leslie Gore,,platinum
0718,It's My Turn,Diana Ross,,platinum
7503,It's Not For Me To Say,Johnny Mathis,,platinum
44617,It's Not My Time,3 Doors Down,,platinum
8886,It's Not Over,Daughtry,,platinum
0659,It's Not Unusual,Tom Jones,,platinum
4224,It's Now Or Never,Elvis Presley,,platinum
6870,It's Ok,Atomic Kitten,,platinum
5403,It's Only A Paper Moon,Nat King Cole,,platinum
0458,It's Only Love,The Beatles,,platinum
5452,It's Over Now,Ultra Nate',,platinum
6382,It's Over Now,Joey Albert,,platinum
6428,It's Probably Me,Sting,,platinum
3302,It's Raining Again,Supertramp,,platinum
7336,It's Raining In My Heart,Lee Towers,,platinum
7504,It's Raining Men,Gerri Halliwell,,platinum
4564,"It's Raining, It's Pouring",Traditional,,platinum
1529,It's Sad To Belong,Dan & Coley,,platinum
2750,It's So Easy,Linda Ronstadt,,platinum
6214,It's Still Rock & Roll To Me,Billy Joel,,platinum
7966,It's Tearing Up My Heart,N Sync,,platinum
1019,It's The Lover,Tiffany,,platinum
8167,It's The Same Old Song,The Supremes,,platinum
5453,It's Time To Cry,Paul Anka,,platinum
0977,It's Too Late,Carol King,,platinum
9619,It's You I Cannot Do Without,Jaya,,platinum
4565,It's Your Love,S. Sm,,platinum
8012,Itsumo,Dice & K9,,platinum
4567,Itsy Bitsy Spider,Traditional,,platinum
0038,Itsy Bitsy Teenie Weenie,Brian Hyland,,platinum
9458,Itulog Na,Chubibo,,platinum
11473,Ituloy Mo Lang,Siakol,,platinum
1690,I've Been Away,Oliver,,platinum
2585,I've Been Away Too Long,George Baker,,platinum
3181,I've Been Loving You,Isaac Hayes,,platinum
0283,I've Been Waiting For You,Guys Next Door,,platinum
8187,I've Fallen For You,Jamie Rivera,,platinum
1351,I've Got A Crush On You,Frank Sinatra,,platinum
2921,I've Got The Music In Me,Kki Dee Band,,platinum
6580,I've Got You,Martin Mccutcheon,,platinum
5049,I've Got You Under My Skin,Cole Porter,,platinum
0077,I've Gotta Get A Message To You,Bee Gees,,platinum
6422,I've Just Seen A Face,The Beatles,,platinum
5071,I've Never Been To Me,Charlene,,platinum
1749,Iwanan Mo Na S'ya,Parokya Ni Edgar,,platinum
8990,Iyugyog Mo,Willie Revillame,,platinum
4573,Jack And Jill,Traditional,,platinum
2925,Jada,B. Carleton,,platinum
5772,Jaded,Aerosmith,,platinum
44780,Jai Ho (You Are My Destiny),A.R. Rahman & Pussycat,,platinum
0399,Jailhouse Rock,Elvis Presley,,platinum
2717,Jambalaya,Carpenters,,platinum
3184,Jammin',Bob Marley,,platinum
0384,Jane,Jefferson Starship,,platinum
6665,Jannie's Got A Gun,Aerosmith,,platinum
14001,Jansori,The Nuts,,platinum
1061,Japayuki,,,platinum
11702,Jars Of Heart,Christina Perri,,platinum
6216,Jazz Police,Leonard Cohen,,platinum
6941,Jealous,Nina,,platinum
0280,Jealous Guy,John Lennon,,platinum
8352,Jeepney,Spongecola,,platinum
8460,Jeepney,Kala,,platinum
3185,Jeepney Driver,April Boys,,platinum
11413,Jeepney Love Story,Yeng Constantino,,platinum
11171,Jejemon (Buster Phunk Mix),Blank Tape,,platinum
4574,Jennifer Eccles,The Hollies,,platinum
6871,Jenny From The Block,Jennifer Lopez,,platinum
44177,Jeremy,Pearl Jam,,platinum
3496,Jesus Christ Superstar,Jesus Christ Superstar,,platinum
44412,Jesus He Knows Me,Phil Collins,,platinum
8878,Jesus Take The Wheel,Carrie Underwood,,platinum
0826,Jet,Paul McCartney,,platinum
4575,Jet Airliner,Paul Pena,,platinum
2705,Jhonny Guitar,Peggy Lee,,platinum
0058,Jingle Bell Rock,Christmas Song,,platinum
2667,Jingle Bells,Christmas Song,,platinum
3186,Jingo,Santana,,platinum
6218,Joan Of Arc,O.M.D,,platinum
11280,Johnny & June,Heidi Newfield,,platinum
0935,Johnny B Good,Chuck Berry,,platinum
11250,Johnny Cash,Jason Aldean,,platinum
9061,Joke Joke Joke,Willie Revillame,,platinum
5723,Joke Lang,Sharon Cuneta,,platinum
8238,Jopay,Mayonaise,,platinum
3500,Josie,Stelly Dan,,platinum
9892,Journey,Leah Salonga,,platinum
0059,Joy To The World,Three Dog Night,,platinum
6429,Jubilee Song,Jaime Rivera,,platinum
11629,Judas,Lady Gaga,,platinum
3904,July Morning,Uriah Heep,,platinum
5689,Jumbo,Ruffa Maeaquinto,,platinum
7700,Jumbo Hotdog,Masculados,,platinum
7987,Jump,Van Halen,,platinum
8420,Jump,Madonna,,platinum
0014,Jumping Jack Flash,Rolling Stones,,platinum
11131,Jungle Drum,Emiliana Torrini,,platinum
4578,Junior's Farm,Wings,,platinum
44650,Just,Mark Ronson Feat. Alex,,platinum
6220,Just A Boy,Kiss,,platinum
44714,Just A Dream,Carrie Underwood,,platinum
9639,Just A Minute,Rachel Alejandro,,platinum
9065,Just A Smile,Barbie Almalbis,,platinum
7392,Just A Smile Away,Luke Mijares,,platinum
5367,Just A Song Before I Go,Crosby Still,,platinum
0765,Just A Touch Of Love,C&C Music Factory,,platinum
6430,Just Another Day Without You,John Secada,,platinum
5154,Just Another Woman In Love,Anne Murray,,platinum
1680,Just As I Am,Air Supply,,platinum
7849,Just Breath,Faith Hill,,platinum
4580,Just Came Back,Collin James,,platinum
11544,Just Can't Get Enough,Black Eyed Peas,,platinum
5752,Just Can't Get Enough,Depeche Mode,,platinum
9640,Just Can't Say,Yeng Constantino,,platinum
9520,Just Dance,Lady Gaga,,platinum
8366,Just Feel Better,Santana & Steve Tyler,,platinum
44728,Just Fine,Mary J. Blige,,platinum
6222,Just For The Record,Marillion,,platinum
6075,Just For You,Lionel Richie,,platinum
11118,Just Go,Lionel Richie feat. Akon,,platinum
11664,Just Got Lucky,Jo Boxers,,platinum
8871,Just Like A Pill,Pink,,platinum
11224,Just Might (Make Me Believe),Sugarland,,platinum
1710,Just Once,James Ingram,,platinum
3565,Just One Of Those Things,Cole Porter,,platinum
7505,Just Say I Love Him,Timi Yuro,,platinum
9695,Just Say You Love Me,Pops Fernandez,,platinum
7606,Just Smile Away,Luke Mijares,,platinum
9542,Just Stand Up,Various Artist,,platinum
11490,Just Take My Heart,Mr. Big,,platinum
7506,Just Tell Her Jim Said Hello,Elvis Presley,,platinum
11735,Just Tell Me You Love Me,England Dan And John,,platinum
11781,Just The Two Of Us,Al Green,,platinum
0690,Just The Way You Are,Billy Joel,,platinum
11418,Just The Way You Are,Bruno Mars,,platinum
44761,Just Wanna Be With You,Ryan Kelsi Troy And,,platinum
8281,Just Want You To Know,Backstreet Boys,,platinum
2590,Just When I Needed You Most,R. Vanwarmer,,platinum
8687,Kaanugon,Visayan Song,,platinum
5155,Kaba,Tootsie Guevara,,platinum
8071,Kabataan Para Sa Kinabukasan,Francis M.,,platinum
9066,Kabataang Pinoy,Itchyworms,,platinum
8563,Kabet,Gagong Rapper Ft.,,platinum
5978,Kabilugan Ng Buwan,Apo Hiking Society,,platinum
1285,Kadingding Sa Balitaw,Mabuhay Singers,,platinum
8946,Kagat Labi,Joey Deleon,,platinum
6484,Kahapon,Rachel Alejandro,,platinum
1063,Kahapon Lamang,Sharon Cuneta,,platinum
6224,Kahapong Nagdaan,April Boy Regino,,platinum
8916,Kahayag,Bisrock,,platinum
5254,Kahibulungan,Visayan Song,,platinum
1162,Kahit Ako'y Lupa,,,platinum
5724,Kahit Ako'y Mahirap Lang,Gary Granada,,platinum
7213,Kahit Anong Oras,Ricky Garcia,,platinum
1065,Kahit Bata Pa,,,platinum
6485,Kahit Di Mo Pansin,Jolina Magdangal,,platinum
11650,Kahit Di Mo Sabihin,Juris,,platinum
5098,Kahit Gaano Kalaki,Alynna,,platinum
9620,Kahit Habang Buhay,Smokey Mountain,,platinum
9202,Kahit Ilang Umaga,Jessa Zaragoza,,platinum
9203,Kahit Iniwan Mo,Boyfriends,,platinum
6826,Kahit Isang Saglit,Martin Nievera,,platinum
6486,Kahit Kaibigan Lang,Antoinette Taus,,platinum
5725,Kahit Kailan,Southborder,,platinum
0299,Kahit Konting Awa,Nora Aunor,,platinum
5726,Kahit Konting Pagtingin,Ric Segreto,,platinum
9204,Kahit Kunwari Lang,Renz Verano,,platinum
5606,Kahit Limutin Mo,Diomedes Maturan,,platinum
9205,Kahit Magbago Pa,Yoyoy Villame,,platinum
9492,Kahit Mahal Mo Ay Iba,Sarah Geronimo,,platinum
7634,Kahit Mahirap Lang,April Boys,,platinum
5674,Kahit Man Lang Sa Pangarap,Vina Morales,,platinum
0475,Kahit Maputi Na Ang Buhok Ko,Sharon Cuneta,,platinum
9470,Kahit Maputi Na Ang Buhok Ko,Richard Poon,,platinum
11530,Kahit May Mahal Ka Nang Iba,Mark Bautista,,platinum
1206,Kahit May Mahal Ka Nang Iba,Wendell,,platinum
9873,Kahit Minsan Lang,Lilet,,platinum
11085,Kahit Na,Kiss Jane,,platinum
6582,Kahit Na,Zsazsa Padilla,,platinum
7214,Kahit Na,Dj Alvaro,,platinum
7284,Kahit Na,Ogie Alcasid,,platinum
9835,Kahit Na,X-Crew,,platinum
1299,Kahit Na Magtiis,Pilita Corrales,,platinum
9206,Kahit Na Mahirap Lang,April Boys,,platinum
7635,Kahit Na Mayroon,Raine,,platinum
7455,Kahit Na Pangit Ka,DJ Alvaro,,platinum
9207,Kahit Nasaan,Boyfriends,,platinum
8253,Kahit Pa,Hale,,platinum
9208,Kahit Sa Panaginip Lang,Bing Rodrigo,,platinum
8003,Kahit Sandali,Jennilyn Mercado,,platinum
1291,Kahit Sino,Richard Reynoso,,platinum
6666,Kahit Sino (Laban O Bawi),Sexbomb Girls,,platinum
1366,Kahit Wala Ka Na,Rey Valera,,platinum
11535,Kahit Walang Sabihin,Rico Blanco,,platinum
1496,Kaibigan,Introvoys,,platinum
7990,Kaibigan,Chiqui Pineda,,platinum
7608,Kaibigan Kasama Mo Ako,Apo Hiking Society,,platinum
1198,Kaibigan Lang Pala,Lilet,,platinum
7932,Kaibigang Tunay,R. Reynoso,,platinum
1497,Kailan,Eraserheads,,platinum
8034,Kailan,Smokey Mountain,,platinum
9430,Kailan,Bamboo,,platinum
9477,Kailan,Calsada,,platinum
7689,Kailan Ka Darating,Wency Cornejo,,platinum
9067,Kailan Kaya,Christian Bautista,,platinum
9209,Kailan Kaya,April Boy,,platinum
9696,Kailan Kaya,Sheryn Regis,,platinum
7690,Kailan Kita Mamahalin,Anna Fegi,,platinum
6373,Kailan Man (Here I Am),Renz Verano,,platinum
5157,Kailan Pa,Jessa Zaragoza,,platinum
5828,Kailan Pa Man,Reginne Velasquez,,platinum
8136,Kailan Pa Ma'y Ikaw,Christian Bautista,,platinum
7658,Kailangan I-Memorize,Sooper Babes,,platinum
6522,Kailangan Kita,Piolo Pascual,,platinum
9210,Kailangan Ko,Imelda Papin,,platinum
5158,Kailangan Ko'y Ikaw,Regine Velasquez,,platinum
1225,Kailangan Malaman Mo,Apo,,platinum
1498,Kailanman,Introvoys,,platinum
6583,Kailanpaman,Kevin Roy,,platinum
9211,Kakaba Kaba,Pops Fernandez,,platinum
8617,Kakalog Kalog,Willie Revillame,,platinum
7933,Kakapraning,Kenji,,platinum
9836,Kakayanin Ko Ba,Ariel Rivera,,platinum
8478,Kalabit Penge,Wally And Jose,,platinum
5160,Kalaro Lamang,Jessa Zaragoza,,platinum
11083,Kalayaan,Bamboo,,platinum
8490,Kaleidoscope World,Francis Magalona,,platinum
11007,Kalesa,Hale,,platinum
8688,Kalidan,Ilocano Song,,platinum
9212,Kaligayahan Mo'y Kaligayahan Ko Rin,Imelda Papin,,platinum
9213,Kaligayahan Na Pansamantala,Eva Eugenio,,platinum
6584,Kaligayahan Natin,Regine Velasquez,,platinum
9068,Kaligayahan Natin,Tribe Of Levi,,platinum
8689,Kalisud,Visayan Song,,platinum
5006,Kaliwete,Eraserheads,,platinum
8917,Kalooy (Lubot),Bisrock,,platinum
8804,Kamagayan,Missing Felimon,,platinum
9277,Kamandag,First Circle,,platinum
5727,Kami Po'y Paskuhan,Christmas Song,,platinum
8690,Kaming Mga Pardista,Visayan Song,,platinum
0591,Kampana Ng Simbahan,Leo Valdez,,platinum
9069,Kampanerang Kuba,,,platinum
9008,Kamusta,Missing Filemon,,platinum
5008,Kanino Ba,Carol Banawa,,platinum
11439,Kanlungan,Willie Revillame,,platinum
6942,Kanlungan,Noel Cabangon,,platinum
3501,Kansas City,Fats Domino,,platinum
6225,Kanto,Siakol,,platinum
8691,Kanunay Blues,Milyo Naryo,,platinum
5256,Kapag Ako Ay Nagmahal,Jolina Magdangal,,platinum
5608,Kapag Nag-Utos Ang Puso,Imelda Papin,,platinum
7619,Kapag Puso Ang Nag-Usap,Aiza Seguerra,,platinum
5728,Kapag Puso'y Sinugatan,,,platinum
9840,Kapag Tumibok Ang Puso,Donna Cruz,,platinum
1138,Kapalaran,Rico J. Puno,,platinum
0133,Kapaligiran,Asin,,platinum
0138,Kapantay Ay Langit,,,platinum
1179,Kapatid,Rico J. Puno,,platinum
8896,Kapayapaan,Tropical Depression,,platinum
11757,Kapitan,Paraluman,,platinum
8035,Kapuso,7th Coral Group,,platinum
8558,Karma,Alicia Keys,,platinum
2794,Karma Chameleon,Culture Club,,platinum
8692,Karon,Visayan Song,,platinum
8693,Karyo,Sullivans,,platinum
0102,Kasalanan,Orient Pearl,,platinum
9905,Kasalanan,6 Cyclemind Ft. Gloc 9,,platinum
1064,Kasalanan Ba?,Men Oppose,,platinum
9294,Kasalanan Ba?,Guji Lorenzaa,,platinum
8379,Kasalanan Ko Ba,Neo Colors,,platinum
9743,Kasalanan Ko Ba,Mark Bautista,,platinum
9571,Kasano Ti Maglipat,Ilocano Song,,platinum
1368,Kasi Naman,Ella Del Rosario,,platinum
9070,Kasinungalingan,Janno Gibbs,,platinum
0121,Kastilyong Buhangin,Basil Valdez,,platinum
5981,Katarungan,Freddie Aguilar,,platinum
5534,Katawan,Hagibis,,platinum
8694,Katuday,Ilocano Song,,platinum
8695,Kausa Nabasa Ang Tubig,Visayan Song,,platinum
8696,Kawar Ni Ayat,Ilocano Song,,platinum
6121,Kawawang Cowboy,Fred Panopio,,platinum
5729,Kawawang Puso,Amel Ignacio,,platinum
8698,Kay Langit Ang Gugma Ko,Visayan Song,,platinum
3187,Kay Lupit Mo Pag-Ibig,Victor Wood,,platinum
1218,Kay Palad Mo,Jamie Rivera,,platinum
1199,Kay Tagal,Rachel Alejandro,,platinum
11679,Kay Tagal Kitang Hinintay,Sponge Cola,,platinum
9874,Kaya Ko Ba,Rachel Alejandro,,platinum
11465,Kaya Mo,Protein Shake,,platinum
9837,Kaya Mo Bang Ibalik,Jennylyn Mercado,,platinum
6122,Kaya Pala,Pops Fernandez,,platinum
8697,Kayahum Sa Yamug,Visayan Song,,platinum
7992,Kayganda Ng Ating Musika,Hadjie Alejandro,,platinum
3502,Kayleigh,Marillion,,platinum
7611,Kayo Na Pala,Ogie Alcasid,,platinum
9972,Keep Believing,Aaron Carter,,platinum
8533,Keep Holding On,Avril Lavigne,,platinum
1020,Keep On Loving You,REO Speedwagon,,platinum
7391,Keep On Loving You (Wo Nan Go),Renz Verano,,platinum
0649,Keep On Walkin',Ce Ce Peniston,,platinum
0473,Keep This Love Alive,Tom Scott,,platinum
11684,Keeping The Love Alive,Air Supply,,platinum
9427,Keeps Getting Better,Christina Aguilera,,platinum
8793,Kembot,Ud4,,platinum
8794,Kering-Keri,Kim Chiu,,platinum
2931,Kids Says The Damdest Thing,Tammy Wynette,,platinum
7879,Kikay,Viva Hotbabes,,platinum
8147,Kiliti,D' Bodies,,platinum
9950,Killer,Seal,,platinum
3504,Killer Queen,Queen,,platinum
3505,Killing Me Softly,Fugees,,platinum
0189,Killing Me Softly With His Song,Roberta Flack,,platinum
8699,Kinahanglan Pa Ba,Visayan Song,,platinum
6228,Kind Of A Hush,Herman's Hermits,,platinum
5161,King And Queen Of Hearts,David Pomeranz,,platinum
6432,King Creole,Elvis Presley,,platinum
7980,King Of Pain,Alanis M.,,platinum
2814,King Of The Road,Roger Miller,,platinum
5162,Kisapmata,Rivermaya,,platinum
0544,Kiss,Tom Jones,,platinum
9864,Kiss,Sandara Park Ft CL,,platinum
2591,Kiss And Goodbye,Manhattans,,platinum
6585,Kiss From A Rose,Seal,,platinum
7613,Kiss Kiss,VST & Company,,platinum
4281,Kiss Me,Sixpence None The Richer,,platinum
5257,Kiss Me Goodbye,Ray Conniff Singers,,platinum
1571,Kiss Me Quick,Elvis Presley,,platinum
5455,Kiss Of Life,Bee Gees,,platinum
7612,Kiss Sabay Hug,Sexbomb Girls,,platinum
8334,Kitchie Nadal,Kitchie Nadal,,platinum
8133,KLSP,Sponge Cola,,platinum
0878,Knife,Rockwell,,platinum
0714,Knock On Wood,Eddie Floyd,,platinum
2679,Knock Three Times,Dawn,,platinum
44887,Knock You Down,Keri Hilson feat. Kanye West,,platinum
0879,Knockin' On Heaven's Door,Guns N' Roses,,platinum
8421,Knocks Me Off My Feet,Stevie Wonder,,platinum
2960,Knowing Me Knowing You,Abba,,platinum
0372,Kokomo,Beach Boys,,platinum
7799,Kryptonite,3 Doors Down,,platinum
9009,Kugihan,Scrambled Eggs,,platinum
11648,Kulang Ako Kung Wala Ka,Erik Santos,,platinum
5610,Kulang Pa Ba?,Marilyn Reynes,,platinum
1174,Kulang Sa Pansin,Rachel Alejandro,,platinum
8700,Kulot Ang Buhok,Sullivans,,platinum
7614,Kumot At Unan,APO Hiking Society,,platinum
9760,Kumot At Unan,Richard Poon,,platinum
1581,Kumusta Ka,Willy Cruz,,platinum
6229,Kumusta Ka,Rey Valera,,platinum
5611,Kumusta Ka Aking Mahal,Freddie Aguilar,,platinum
6469,Kumusta Mga Kaibigan,Wency Cornejo,,platinum
6487,Kundi Ikaw,Geneva Cruz,,platinum
9438,Kundiman,Silent Sanctuary,,platinum
9572,Kung Akin Ang Mundo,Erik Santos,,platinum
1066,Kung Akin Lang,Ivy Violan,,platinum
8701,Kung Ako Ay Lasing,Sullivans,,platinum
6845,Kung Ako Ba Siya,Piolo Pascual,,platinum
6489,Kung Ako Lang Sana,Bituin Escalante,,platinum
9697,Kung Ako Lang Sana,Chad Borja,,platinum
7507,Kung Ako'y Ibig Muli,Anna Dizon,,platinum
1176,Kung Ako'y Iwan Mo,Basil Valdez,,platinum
0543,Kung Alam Ko Lang,Toni Daya,,platinum
0320,Kung Alam Mo Lang,Joanne Lorenzana,,platinum
8554,Kung Ayaw Mo Na Sa Akin,Sugarfree,,platinum
7076,Kung Di Rin Lang Ikaw,True Faith,,platinum
9786,Kung Di Rin Lang Ikaw,Sitti,,platinum
6490,Kung Ikaw Lang Ako,Imelda Papin,,platinum
9744,Kung Iniibig Ka Niya,Laarni Lozada,,platinum
0499,Kung Kailangan Mo Ako,Rey Valera,,platinum
8962,Kung Kaya Ko,Toni Gonzaga,,platinum
9838,Kung Kaya Ko Lang,Callalily,,platinum
1234,Kung Kita'y Kapiling,Cely Bautista,,platinum
9284,Kung Ligaya Ka,Boyfriends,,platinum
9621,Kung Maaalala Mo,Eric Santos,,platinum
1187,Kung Maging Ulila,Norma Lapuz,,platinum
5163,Kung Mahal Mo Ako,Renz Verano,,platinum
7880,Kung Mahal Mo S'ya,Jay R,,platinum
1379,Kung Maibabalik Ko Lang,Regine Velasquez,,platinum
8477,Kung Malaya Lang Ako,Kris Lawrence,,platinum
9573,Kung Mamahalin Mo Lang Ako,Janno Gibbs,,platinum
0300,Kung Matapos Nang Lahat,Louie Heredia,,platinum
6827,Kung Mawawala Ka,Ogie Alcasid,,platinum
7241,Kung Okey Lang Sa Yo,True Faith,,platinum
7934,Kung Papiliin,Sarah Geronimo,,platinum
8991,Kung Para Sa'yo,Willie Revillame,,platinum
0321,Kung Pwede Lang Sana,White Lies,,platinum
9811,Kung Pwede Lang Sana,Bugoy Drilon,,platinum
9434,Kung Sakali,Ogie Alcasid,,platinum
1213,Kung Sakali Man,Rachel Alejandro,,platinum
5830,Kung Sakaling Ika'y Lalayo,J. Brothers,,platinum
6820,Kung Sino Pang..,Marilyn Reynes,,platinum
11505,Kung Siya Ang Mahal,Sarah Geronimo,,platinum
1232,Kung Talagang Mahal Mo Ako,Cely Bautista,,platinum
0486,Kung Tayo'y Magkakalayo,Rey Valera,,platinum
11420,Kung Wala Ka,Nikki Gil,,platinum
8360,Kung Wala Ka,Hale,,platinum
5615,Kung Wala Na,Jaya,,platinum
11127,Kung Wala Na Nga,6Cyclemind Feat. Yeng,,platinum
9274,Kung Wala Na Nga,Danita,,platinum
1067,Kung Walang Ikaw,Ivy Violan,,platinum
11741,Kunin Mo Na Ang Lahat Sa Akin,Angeline Quinto,,platinum
4963,Kunin Mo Na Ang Lahat Sa Akin,Fourmula,,platinum
8843,Kunwari Lang Ba,Yasmien Kurdi,,platinum
6123,Kupas Na Larawan,Ric Manrique,,platinum
8055,Kuratsoy,Max Surban,,platinum
8992,Kusgan,Scrambled Eggs,,platinum
8702,Kutis Sa Hambog,Max Surban,,platinum
9254,Kutsara Tinidor,Scrambled Eggs,,platinum
8072,Kuya Wag Po,Tuesday,,platinum
8252,Kwarto,Sugar Free,,platinum
8567,L.O.V.E.,Ashley Simpson,,platinum
9010,L.Q.,Mantequilla,,platinum
2593,La Bamba,Richie Valens,,platinum
1500,La Isla Bonita,Madonna,,platinum
8191,La La,Ashley Simpson,,platinum
5055,La La La Means I Love You,Swing Out Sister,,platinum
9698,Lab Na Lab Kita,Fathr & Sons,,platinum
5009,Labanan Natin Ang Tukso,J. Brothers,,platinum
5617,Labi Sa Labi,Mystica,,platinum
1779,Labs Kita,April Boys,,platinum
11270,Ladies Love Country Boys,Trace Adkins,,platinum
0615,Lady,Kenny Rogers,,platinum
4585,Lady Down On Love,Randy Owen,,platinum
6232,Lady In Black,Uriah Heep,,platinum
1582,Lady In Red,Chris De Burgh,,platinum
6233,Lady Is A Tramp,Frank Sinatra,,platinum
3508,Lady Jane,Rolling Stones,,platinum
2432,Lady Laura,R.Carlos,,platinum
0011,Lady Lay,Groscolas Pierre,,platinum
0231,Lady Love,Lou Rawls,,platinum
0426,Lady Madonna,Beatles,,platinum
5766,Lady Marmalade,All Saints,,platinum
6234,Lady Of The Night,Engelbert Humperdinck,,platinum
11469,Lagi,Kiss Jane,,platinum
8385,Lagi Mo Na Lang Akong Dinededma,Rocksteddy,,platinum
0139,Lagim,Siakol,,platinum
6491,Laging Ikaw Pa Rin,Roselle Nava,,platinum
9699,Laging Mayroong Bukas,Pat Castillo,,platinum
1109,Laging Naroon Ka,Jaya,,platinum
4964,Laging Tapat,Jolina Magdangal,,platinum
6703,Lagkaw,Verni Gonzales,,platinum
6872,Lagot Ka,Masculados,,platinum
6873,Laguna,Sampaguita,,platinum
9856,Lahat Ng 'Yan,Bugoy Drilon,,platinum
7733,Lahat Sa Aking Nobya,Jerovi-Bo Aquasin,,platinum
9658,Lahing Pinoy,Manny Pacquiao,,platinum
11400,Lakad,Sandwich,,platinum
5495,Lakas Tama,Siakol,,platinum
3511,Lake Of Fire,Nirvana,,platinum
0120,Laki Sa Layaw,Mike Hanopol,,platinum
0122,Laklak,Teeth,,platinum
7508,Lalabas Sana Ako,Selina Sevilla,,platinum
8703,Lalaguipenak,Ilocano Song,,platinum
5618,Lalaki Ka Lang,Mystica,,platinum
5699,Lambada,Klima,,platinum
9574,Lambingan,Kontagious,,platinum
11086,Lamok,Escabeche,,platinum
9398,Lampa (Ika'y Mag-ingat),Miss Ganda,,platinum
9700,Lampas Langit,Father & Sons,,platinum
7935,Lana,Roy Orbison,,platinum
6237,Land Of Confusion,Genesis,,platinum
11547,Landi,Hansom,,platinum
8620,Lando,Gloc 9 Feat Francis M,,platinum
3512,Landslide,Fleetwood Mac,,platinum
8704,Langgonisa,Sullivans,,platinum
3189,Langis At Tubig,Sharon Cuneta,,platinum
9011,Langit,Missing Filemon,,platinum
1453,Langit Na Naman,Donna,,platinum
9285,Langit Na Naman,Hotdog,,platinum
7735,Langit Sa Lupa,Egay Monsalvo,,platinum
8705,Langit Ug Yuta,Visayan Song,,platinum
9992,Lapit,Yeng Constantino,,platinum
5166,Larawang Kupas,Jerome Abalos,,platinum
5795,Larger Than Life,Backstreet Boys,,platinum
0881,Last Christmas,Wham,,platinum
9845,Last Dance,Donna Summers,,platinum
9656,Last Days On A Cruise Ship,Bamboo,,platinum
7509,Last Flight Out,Plus One,,platinum
11810,Last Forever,Iyaz,,platinum
11601,Last Friday Night (T.G.I.F.),Katy Perry,,platinum
9270,Last Look,Chicosci,,platinum
7638,Last Love Song,Heart Evangelista,,platinum
11119,Last Name,Carrie Underwood,,platinum
11137,Last Request,Paolo Nutini,,platinum
6240,Last Thing On My Mind,Steps,,platinum
0883,Last Waltz,Engelbert Humperdinck,,platinum
9255,Lastikman,Parokya Ni Edgar,,platinum
5260,Lately,Stevie Wonder,,platinum
6874,Later,Fra Lippo Lippi,,platinum
9302,Laugh And Cry,Acel Bisa,,platinum
4587,Laughing,Guess Who,,platinum
9839,Laughter All The Time,Gary V.,,platinum
2940,Laughter In The Rain,Neil Sedaka,,platinum
3384,Laverne And Shirley,Theme Song,,platinum
6241,Lay All Your Love On Me,Abba,,platinum
3190,Lay Down Sally,Eric Clapton,,platinum
9408,Laya,Imago,,platinum
0812,Layla,Eric Clapton,,platinum
0191,Le Freak,Chic,,platinum
1150,Lead Me Lord,Gary Valenciano,,platinum
0385,Lead Me On,Al Green,,platinum
0741,Leader Of The Band,Dan Fogelberg,,platinum
0474,Lean On Me,Michael Bolton,,platinum
9432,Leap Of Faith,Hale,,platinum
11680,Learn To Fly,A1,,platinum
44105,Learn To Fly,Foo Fighters,,platinum
9978,Leave Right Now,Will Young,,platinum
11295,Leave The Pieces,The Wreckers,,platinum
11094,Leavin',Jesse McCartney,,platinum
3498,Leaving On A Jet Plane,John Denver,,platinum
5496,Leaving Yesterday Behind,Keno,,platinum
8134,Leaving You,Session Road,,platinum
0937,Legs,Aegis,,platinum
3513,Lemon Tree,Fools Garden,,platinum
11657,Les Bicyclettes De Belsize,Engelbert Humperdinck,,platinum
9841,Leslie,Rocksteddy,,platinum
6243,Lessons Of Love,Level 42,,platinum
4593,Let 'Em In,Paul McCartney,,platinum
4595,Let Her Cry,Hootie And The Blowfish,,platinum
2595,Let It Be,Beatles,,platinum
2596,Let It Be Me,Everly Bros.,,platinum
0389,Let It Grow,Eric Clapton,,platinum
4596,Let It Shine,,,platinum
0041,Let It Snow,Christmas Song,,platinum
6076,Let Me Be,Cascades,,platinum
7115,Let Me Be,Aero,,platinum
4226,Let Me Be The One,Carpenters,,platinum
6946,Let Me Be The One,Jimmy Bondoc,,platinum
2597,Let Me Be There,Olivia Newton John,,platinum
0040,Let Me Call You Sweetheart,P. Boon,,platinum
11733,Let Me Love You,Jed Madela,,platinum
8226,Let Me Love You,Mario,,platinum
9701,Let Me Love You,Tribe Of Levi,,platinum
4597,Let Me Roll It,Paul McCartney,,platinum
0039,Let Me Try Again,Frank Sinatra,,platinum
4227,Let The Good Times Roll,Ray Charles,,platinum
1128,Let The Love Begin,Gino Padilla,,platinum
9975,Let The Pain Remain,Side A,,platinum
44794,Let There Be Love,Oasis,,platinum
3191,Let Your Love Go,,,platinum
44029,Let's Get It Started,Black Eyed Peas,,platinum
5167,Let's Get Loud,Jennifer Lopez,,platinum
3192,Let's Groove,Earth, Wind, Fire,,platinum
5456,Let's Make A Night To Remember,Bryan Adams,,platinum
1021,Let's Take All Night,Barry Manilow,,platinum
2691,Let's Twist Again,Chubby Checker,,platinum
4599,Letting Go,Paul McCartney,,platinum
7784,Liar,Sandara P.,,platinum
8808,Liar Evil,Aggressive Audio,,platinum
6668,Libreng-Libre,Masculados,,platinum
5262,Life,Des'ree,,platinum
9902,Life After You,Daughtry,,platinum
6124,Life In Mono,Mono,,platinum
44815,Life In Technicolour 2,Coldplay,,platinum
4600,Life Is A Flower,Bergg,,platinum
11324,Life Is A Highway,Rascal Flatts,,platinum
7254,Life Is A Rollercoaster,Ronan Keating,,platinum
11010,Lifeline,Kjwan,,platinum
9071,Life's A Joke,The Speaks,,platinum
5982,Lift Up Your Hand,Basil Valdez,,platinum
4601,Lifted,,,platinum
11552,Ligaw,Ney Dimaculangan,,platinum
1190,Ligaw Tingin,Leah Navarro,,platinum
9491,Ligawan Stage,Rivermaya,,platinum
1373,Ligaya,Eraserheads,,platinum
1178,Ligaya Ng Buhay Ko,,,platinum
0552,Light And Shade,Fra Lippo Lippi,,platinum
15010,Light In The Dark,David DiMuzio,,platinum
0809,Light My Fire,Doors,,platinum
9459,Light On,David Cook,,platinum
8932,Light Years,Bamboo,,platinum
11625,Lighters,Bad Meets Evil Ft. Bruno,,platinum
8203,Lightning Crashes,Live,,platinum
8370,Lihim,Orange And Lemons,,platinum
9862,Lihim,Zelle,,platinum
7736,Lihim Kang Mahal,Nikki Valdez,,platinum
11225,Like A Boy,Ciara,,platinum
11419,Like A G6,Far East Movement,,platinum
9937,Like A Prayer,Madonna,,platinum
5886,Like A Rose,A1,,platinum
2598,Like A Virgin,Madonna,,platinum
11184,Like An Eskimo,Slapshock,,platinum
44430,Like Glue,Sean Paul,,platinum
7375,Like I Love You,Justin Timberlake,,platinum
44618,Like You'll Never See Me Again,Alicia Keys,,platinum
7758,Limang Dipang Tao,Barbie's Cradle,,platinum
2912,Limbo Rock,Chubby Checker,,platinum
9767,Limutin Na Lang,Christian Bautista,,platinum
2099,Linda,Miguel Bose,,platinum
11481,Linda Blair,Tanya Markova,,platinum
0223,Line To Heaven,Introvoys,,platinum
6670,Linger,Cranberries,,platinum
8310,Lintik,Brownman Revival,,platinum
6586,Lio Sing Yi,F4,,platinum
44442,Lion Sleeps Tonight,The Tokens,,platinum
8560,Lips Of An Angel,Hinder,,platinum
2770,Lipstick On Your Collar,Connie Francis,,platinum
5497,Liquid Dreams,O-Town,,platinum
8706,Liso,Visayan Song,,platinum
8601,Listen,Beyonce,,platinum
4603,Listen To Me,Buddy Holly,,platinum
0192,Listen To The Music,Doobie Brothers,,platinum
0827,Listen To What The Man Said,Paul McCartney,,platinum
1705,Listen To Your Heart,Roxette,,platinum
3517,Lithium,Nirvana,,platinum
8568,Lithium,Evanescence,,platinum
4604,Little Bo Peep,Traditional,,platinum
0193,Little Darlin',Maurice Williams,,platinum
3195,Little Deuce Coupe,,,platinum
1699,Little Devil,Neil Sedaka,,platinum
5983,Little Green Apples,Various Artist,,platinum
6125,Little Honda,Beach Boys,,platinum
5619,Little Indian Five Six,Roy George,,platinum
5026,Little Old Lady From Pasadena,Jan And Dean,,platinum
7936,Little Past Little Rock,Leanne Rimes,,platinum
0884,Little Wing,Sting,,platinum
9231,Little Wonders,Rob Thomas,,platinum
3518,Live And Let Die,Guns & Roses,,platinum
0732,Live To Tell,Madonna,,platinum
44764,Live Your Life,T.I. Feat. Rihanna,,platinum
4276,Livin' La Vida Loca,Ricky Martin,,platinum
2757,Livin' On A Prayer,Bon Jovi,,platinum
44010,Livin' On The Edge,Aerosmith,,platinum
11251,Living For The Night,George Strait,,platinum
4606,Living In A World,,,platinum
3318,Living In America,Neil Diamond,,platinum
0885,Living In The Past,Jethro Tull,,platinum
4608,Living In The U.S.A.,Steve Miller Band,,platinum
0882,Living Next Door To Alice,Smokie,,platinum
5454,Living On A Jet Plane,Jet Pangan Group,,platinum
8073,Living The Dream,Jennylyn Mercado,,platinum
8215,Living To Love You,Sarah Connor,,platinum
11331,Liwanag,Julianne,,platinum
11432,Liwanag,Callalily,,platinum
8129,Liwanag Sa Dilim,Rivermaya,,platinum
8707,LKK,Milyonaryo,,platinum
3928,Load Out & Stay,Jackson Brown,,platinum
6587,Loaded,Ricky Martin,,platinum
2123,Lobo,Dulce,,platinum
3929,Locomotion,Osbourne,,platinum
44393,Locomotion,Little Eva,,platinum
0444,Lodi,CCR,,platinum
3520,Lola,The Kinks,,platinum
44626,Lollipop,Lil Wayne & Static Major,,platinum
5620,Lollipop,Aqua,,platinum
9822,Lollipop,2NE1 & Big Bang,,platinum
9897,London,Lily Allen,,platinum
1374,London Bridge,Various,,platinum
4609,London Town,Paul Mccartney,,platinum
11534,Lonely,2ne1,,platinum
9315,Lonely,Akon,,platinum
11800,Lonely Again,Ne-Yo,,platinum
4228,Lonely Boy,Paul Anka,,platinum
0253,Lonely Is The Night,Air Supply,,platinum
11502,Lonely Night,Princess Velasco,,platinum
8301,Lonely No More,Rob Thomas,,platinum
6245,Lonesome Loser,Little River Band,,platinum
4611,Lonesome Tears,Buddy Holly,,platinum
7785,Lonestart,Norah Jones,,platinum
6434,Long And Winding Road,Luther Vandross,,platinum
2865,Long Cool Woman,The Hollies,,platinum
1127,Long Hair,Weedd,,platinum
6246,Long Live Rock,The Who,,platinum
8597,Long Long Time,Linda Ronstadt,,platinum
44696,Long Road To Ruin,Foo Fighters,,platinum
6435,Long Tall Sally,The Beatles,,platinum
6248,Long Time,Boston,,platinum
11309,Long Trip Alone,Dierks Bentley,,platinum
3931,Longer,Dan Fogelberg,,platinum
1501,Looby Loo,Traditional,,platinum
11095,Look After You,The Fray,,platinum
4612,Look At Me,Buddy Holly,,platinum
11549,Look At Me Now,Chris Brown Ft Lil Wayne,,platinum
1585,Look In Her Eyes,Gary Valenciano,,platinum
6249,Look Of Love,Burt Bacharach,,platinum
8053,Look What You've Done,Jet,,platinum
0418,Lookin' Out My Back,Ccr,,platinum
0886,Looking For Love,Johnny Lee,,platinum
5918,Looking Through The Eyes Of Love,Melissa Manchester,,platinum
3197,Looks Like We Made It,Barry Manilow,,platinum
8245,Loose My Breath,Destiny's Child,,platinum
5498,Lorena,Renz Verano,,platinum
6374,Lorena,Willie Garte,,platinum
44079,Lose My Breathe,Destiny'd Child,,platinum
3524,Losing My Religion,REM,,platinum
44773,Lost,Coldplay,,platinum
9237,Lost,Michael Buble,,platinum
44686,Lost Highway,Bon Jovi,,platinum
0743,Lost In Emotion,Lisa Lisa,,platinum
0742,Lost In Love,Air Supply,,platinum
11666,Lost In Space,Lighthouse Family,,platinum
1707,Lost In Your Eyes,Debbie Gibson,,platinum
11226,Lost Without U,Robin Thicke,,platinum
3525,Lost Without Your Love,Bread,,platinum
11699,Louder,Charice,,platinum
2599,Love,John Lennon,,platinum
7937,Love Ain't,Take That,,platinum
8037,Love And Marriage,Frank Sinatra,,platinum
44386,Love At First Sight,Kylie Minogue,,platinum
9598,Love Bug,Jonas Brothers,,platinum
4229,Love Can Move Mountains,Celine Dion,,platinum
9072,Love Can't Lie,Sarah Geronimo,,platinum
5286,Love Don't Cost A Thing,Jennifer Lopez,,platinum
11120,Love Drunk,Boys Like Girls,,platinum
9772,Love Games,Lady Gaga,,platinum
5499,Love Gives, Love Takes,The Corrs,,platinum
5426,Love Her Madly,Doors,,platinum
8815,Love Hug,Bisrock,,platinum
0371,Love Hurts,Nazareth,,platinum
3514,Love Hurts & You Are Everything,,,platinum
44666,Love In This Club,Usher Feat. Young Jeezy,,platinum
44811,Love Is A Losing Game,Amy Winehouse,,platinum
2600,Love Is A Many Splendored Thing,Andy Williams,,platinum
4615,Love Is A Stranger,Annie Lennox,,platinum
3198,Love Is A Wonderful Thing,Michael Bolton,,platinum
1503,Love Is All Around,Wet Wet Wet,,platinum
8844,Love Is All I Need,Yasmien Kurdi,,platinum
5168,Love Is All That Matters,Eric Carmen,,platinum
0401,Love Is Blue,Al Martino,,platinum
8963,Love Is Contagious,Nina,,platinum
6920,Love Is For Singing,Apo Hiking Society,,platinum
44707,Love Is Free,Sheryl Crow,,platinum
3499,Love Is In The Air,John Paul Young,,platinum
0279,Love Is Love,Culture Club,,platinum
0229,Love Is Real,John Lennon,,platinum
11745,Love Is The Answer,England Dan & John Ford,,platinum
8359,Love Ko 'To,Kitchie Nadal,,platinum
9702,Love Letter,Kitchie Nadal,,platinum
44798,Love Light,Robbie Williams,,platinum
44629,Love Like This,Natasha Bedingfield,,platinum
44781,Love Love Love,James Blunt,,platinum
1737,Love Makes No Promises,Ce Ce Peniston,,platinum
11421,Love Me,Justin Bieber,,platinum
1586,Love Me,Elvis Presley,,platinum
6589,Love Me,Martin McCutcheon,,platinum
9817,Love Me,Michael Cretu,,platinum
0408,Love Me Do,Beatles,,platinum
1022,Love Me For A Reason,Boyzone,,platinum
11815,Love Me For What I Am,Lobo,,platinum
5337,Love Me For What I Am,The Carpenters,,platinum
11277,Love Me If You Can,Toby Keith,,platinum
8389,Love Me Now Hate Me Soon,Cueshe',,platinum
2601,Love Me Tender,Elvis Presley,,platinum
0682,Love Me Tonight,Tom Jones,,platinum
2678,Love Me With All Of Your Heart,Engelbert Humperdinck,,platinum
9820,Love Me With All Of Your Heart,Engelbert Humperdinck,,platinum
8198,Love Moves In Mysterious Ways,Nina,,platinum
9368,Love Of A Lifetime,Firehouse,,platinum
11746,Love Of My Life,Jim Brickman,,platinum
3933,Love Of My Life,Queen,,platinum
5170,Love Of My Life,South Border,,platinum
9073,Love Of My Life,Rachelle Ann Go,,platinum
0400,Love On The Rocks,Neil Diamond,,platinum
2907,Love Potion No.9,The Searchers,,platinum
44697,Love Remains The Same,Gavin Rossdale,,platinum
44814,Love Sex Magic,Ciara & Justin,,platinum
11424,Love Shack,B-52's,,platinum
5458,Love Somebody,Rick Springfield,,platinum
44590,Love Song,Sara Bareilles,,platinum
9318,Love Song,Nancy Jane,,platinum
2602,Love Story,Andy Williams,,platinum
44843,Love Story,Taylor Swift,,platinum
0290,Love Takes Time,Mariah Carey,,platinum
8593,Love Team,Itchyworms,,platinum
44397,Love The One You're With,Luther Vandross,,platinum
11338,Love The Way You Lie,Eminem ft Rihanna,,platinum
6588,Love To See You Cry,Enrique Iglesias,,platinum
4364,Love Will Keep Us Alive,Eagles,,platinum
0978,Love Will Keep Us Together,Neil Sedaka,,platinum
11176,Love Will Keep Us Together,Sarah Geronimo,,platinum
3200,Love Will Lead You Back,Taylor Dayne,,platinum
11749,Love Will Never Lie,Michael Learns To,,platinum
9782,Love Will Set Us Free,The Dawn,,platinum
1588,Love Without Time,Nonoy Zuniga,,platinum
11260,Love You,Jack Ingram,,platinum
11667,Love You Down,Inoj,,platinum
11647,Love You Like A Love Song,Selena Gomez,,platinum
11527,Love You More,Jls,,platinum
11254,Love Your Love The Most,Eric Church,,platinum
6252,Lovers Moon,Glenn Frey,,platinum
6436,Love's Been Good To Me,Frank Sinatra,,platinum
4618,Love's Made A Fool Of You,Buddy Holly,,platinum
9703,Love's So Beautiful,Noel Cabangon,,platinum
6590,Love's Terrain,F4,,platinum
2885,Lovesick Blues,Jimmy Buffet,,platinum
6951,Lovin' You,Nina,,platinum
9622,Loving,Gabby Eigenman,,platinum
6253,Loving You,Minnie Riperton,,platinum
11825,Loving You Tonight,Andrew Allen,,platinum
8286,Low,Kelly Clarkson,,platinum
9359,Low,Flo Rida Ft. T-Pain,,platinum
9362,Low (Bisaya),Bisaya Version,,platinum
6254,Low Man's Lyric,Metallica,,platinum
0887,Lucille,Little Richard,,platinum
4620,Luck Be A Lady,Frank Sinatra,,platinum
11096,Lucky,Jason Mraz feat. Colbie,,platinum
6982,Lucky,Britney Spears,,platinum
1375,Lucky Guy,Cascades,,platinum
7975,Lucky Lips,Ruth Brown,,platinum
4343,Lucky Love,Ace Of Base,,platinum
9966,Lucky Man,The Verve,,platinum
0578,Lucky One,Amy Grant,,platinum
6671,Lucky Star,Madonna,,platinum
0163,Lucy In The Sky With Diamonds,The Beatles,,platinum
5171,Luha,Aegis,,platinum
6592,Lui Sing Yi,F4,,platinum
9001,Luisita,Bisrockluisita Reyna,,platinum
6437,Luka,Suzanne Vega,,platinum
9875,Lumang Simbahan,Traditional,,platinum
7077,Lumang Tugtugin,Apo,,platinum
11470,Lumapit,Archipelago,,platinum
0177,Lumayo Ka Man,Rodel Naval,,platinum
9074,Lumilipad,Ogie Alcasid,,platinum
9576,Lumiliwanag,Moonstar 88,,platinum
8194,Lumingon Ka Lang,Sarah Geronimo,,platinum
5172,Lumuluha,Isabel Granada,,platinum
0268,Lunatic,Gazebo,,platinum
8135,Lunes,Sponge Cola,,platinum
8845,Lunod,Danita,,platinum
3202,Lupa,Asin,,platinum
5502,Lupaypay,Ruffa Mae Quinto,,platinum
8816,Lupin (Lupin Ost),Janno Gibbs,,platinum
5504,Lutong Bahay,Parokya Ni Edgar,,platinum
44641,Luv,Janet Jackson,,platinum
44778,Luxurious,Gwen Stefani,,platinum
6256,Lying Eyes,Eagles,,platinum
1281,Maalaala Mo Kaya,Carmen Soriano,,platinum
9876,Maalala Mo Pa Rin,Richard Reynoso,,platinum
9842,Maalala Mo Sana,Silent Sanctuary,,platinum
9256,Maanad Raka,Scrambled Eggs,,platinum
5985,Mabuti Pa No'ng Bata,Vst & Co.,,platinum
8331,Mabuti Pa Sila,Gary Granada,,platinum
5700,Macarena,Los Del Rio,,platinum
3531,Macarthur Park,Jim Webb,,platinum
9562,Macho,Parokya Ni Edgar,,platinum
8709,Macho Dancer,Milyonaryo,,platinum
7575,Macho Gwapito,Rico J.Puno,,platinum
11678,Macho Man,Village People,,platinum
7234,Macho Papa,Masculados,,platinum
8075,Machunurin,Masculados,,platinum
9541,Mad,Neyo,,platinum
7786,Madalas Kung Minsan,Aiza Seguerra,,platinum
7576,Madelyn,April Boy,,platinum
9266,Mag-aasawa Na Ako,,,platinum
9075,Maganang Umaga,Vhong Navarro,,platinum
3203,Magandang Gabi,Nonoy Zuniga,,platinum
5505,Magasin,Eraserheads,,platinum
11050,Magbabalik Ka Pa Ba,Nikki Gil,,platinum
6752,Magbago Ka,Sampaguita,,platinum
8595,Magbalik,Callalily,,platinum
6753,Magbati Na Tayo,Marissa Sanchez,,platinum
5986,Magdalena,Freddie Aguilar,,platinum
8710,Magdumil,Visayan Song,,platinum
6127,Magellan,Yoyoy Villame,,platinum
8077,Mag-Exercise,Vhong Navarro,,platinum
3534,Maggie May,Beatles,,platinum
5987,Maghihintay Ako,Rica Peralejo,,platinum
7631,Maghihintay Ako,Carmela Cuneta,,platinum
8547,Maghihintay Ako,Regine Velasquez,,platinum
1578,Maghintay Sa Iyo,Dingdong A.,,platinum
5621,Maghihintay Sa Iyo,Jessa Zaragoza,,platinum
7423,Maghihintay Sa Iyo,Carmela Cuneta,,platinum
11486,Maghihintay Sa 'Yo,Jake Vargas,,platinum
1054,Maghintay Ka Lamang,Ted Ito,,platinum
11358,Magic,Selena Gomez,,platinum
44704,Magic,Robin Thicke,,platinum
5460,Magic,Michael Learns To,,platinum
9399,Magic,Sino Sikat,,platinum
3582,Magic Girl,Pretty Sammy,,platinum
6257,Magic Man,Heart,,platinum
0500,Maging Sino Ka Man,Rey Valera,,platinum
11177,Magkaibang Mundo,Hale,,platinum
1249,Magkakabalikan Pa Ba,Imelda Papin,,platinum
1773,Magkasuyo Buong Gabi,Rico J. Puno,,platinum
9816,Magkasuyo Buong Gabi,Regine Velasquez,,platinum
5174,Magkayakap Na Puso,Vina Morales,,platinum
8393,Magmahal Muli,Sam And Say,,platinum
6672,Magmahalan Na,Dyna Souls,,platinum
8342,Magmula Ngayon,Ogie Alcasid,,platinum
7233,Magnanakaw,Asin,,platinum
4621,Magneto And Titanium Man,Paul Mccartney,,platinum
7577,Magnifica,Vst & Co.,,platinum
7337,Magnify The Lord,Michael O'Shields,,platinum
6948,Magpakailan Man,Wency Cornejo,,platinum
7578,Magpakailan Pa Man,J.Brothers,,platinum
8964,Magsasaya,6 Cydeminds,,platinum
6673,Magsaya Ng Magsaya,Rainbows,,platinum
9076,Magtiwala Ka (Fantastikids),Shamrock,,platinum
9495,Mahagkan Kang Muli,Aiza Seguerra,,platinum
1589,Mahal,Sharon Cuneta,,platinum
7510,Mahal Ginagabi Ka Na Naman,Geraldine,,platinum
8711,Mahal Hangtud Sa,Visayan Song,,platinum
4965,Mahal Ka Sa Akin,Tootsie Guevarra,,platinum
1151,Mahal Kita,Rey Valera,,platinum
5887,Mahal Kita,Renz Verano,,platinum
8937,Mahal Kita,Gerald Santos,,platinum
11480,Mahal Kita (Di Mo Pansin),Kyla,,platinum
0326,Mahal Kita Alam Mo Ba,Rockstar,,platinum
6674,Mahal Kita Kahit Kailan,Junior,,platinum
11478,Mahal Kita Kasi,Nicole Hyala,,platinum
1590,Mahal Kita Walang Iba,Ogie Alcasid,,platinum
9877,"Mahal Kita, Mahal Mo Siya Mahal Niya Ay Iba",Sharon Cuneta,,platinum
5265,Mahal Mo Ba Ako,J.Magdangal,,platinum
1251,Mahal Mo Ba Sya,Eva Eugenio,,platinum
6438,Mahal Mo Ba'y Di Na Ako,Roselle Nava,,platinum
1378,Mahal Mo Pa Ba Ako,Sharon Cuneta,,platinum
6700,Mahal Na Mahal Kita,Aegis,,platinum
6754,Mahal Na Mahal Kita,Ransa C.,,platinum
3212,Mahal Na Mahal Na Mahal Kita,April Boy Regino,,platinum
8588,Mahal Naman Kita,Marri Nallos,,platinum
9322,Mahal Pa Rin,Sam Milby,,platinum
0482,Mahal Pa Rin Kita,Rockstar,,platinum
5175,Mahal Pa Rin Kita,Lani Misalucha,,platinum
7511,Mahal Saan Ka Nanggaling Kagabi,Imelda Papin,,platinum
8713,Mahimo Ko Ba,Visayan Song,,platinum
7405,Mahirap Ang Maging Pogi,Andrew E.,,platinum
5990,Mahirap Magmahal Ng Syota Ng Iba,Jim Paredes,,platinum
1286,Mahiwaga,Ric Manrique,,platinum
8189,Mahiwagang Puso,Karylle,,platinum
7656,Maibabalik Ko Ba,Josh Santana,,platinum
7512,Maisip Mo Lang Ako,Von Arroyo,,platinum
8437,Majika,Kitchie Nadal,,platinum
8330,Makaaasa Ka,Rivermaya,,platinum
11022,Makapiling Ka,Spongecola,,platinum
1708,Makapiling Ka Sana,Dingdong Avanzado,,platinum
1591,Make Believe,Marco Sison,,platinum
6471,Make It Easy On Me,Steps,,platinum
11008,Make It Mine,Jason Mraz,,platinum
7078,Make It Real,The Jets,,platinum
0581,Make It Right,Lisa Stansfield,,platinum
3017,Make It With You,Bread,,platinum
6984,Make Me A Love Song,L.A.Lopez,,platinum
9340,Make Me Believe,Aicelle Santos,,platinum
0888,Make Me Smile,Chicago,,platinum
0838,Make The World Go,Willie Nelson,,platinum
11484,Make You Feel My Love,Adele,,platinum
7882,Make You Mine,Nina,,platinum
3940,Make Your Own Kind Of Music,MamaCass,,platinum
8610,Makes Me Wonder,Maroon 5,,platinum
0284,Making Love,Roberta Flack,,platinum
3941,Making Love Out Of Nothing At All,Air Supply,,platinum
8340,Makita Kang Muli,Sugar Free,,platinum
8438,Makulay Na Buhay,Kitchie Nadal,,platinum
7338,Makulit,Dj Alvaro,,platinum
7675,Malaya Ka Na,Lani Misalucha,,platinum
9623,"Malayo Man, Malapit Din Ako",Bayang Barrios,,platinum
0481,Malayo Pa Ang Umaga,Rey Valera,,platinum
1283,Maligayang Pasko,Traditional,,platinum
7065,Maligayang Pasko,Siakol,,platinum
5266,Maling Akala,Chino Romero,,platinum
8250,Maling Akala,Brownman Revival,,platinum
8714,Malipajon Ang Takna,Visayan Song,,platinum
5992,Malupit Na Pag-Ibig,Victor Wood,,platinum
4290,Mama,Spice Girls,,platinum
8417,Mama,Il Divo,,platinum
9012,Mama,Mantequilla,,platinum
9503,Mama,Charice Pempengco,,platinum
8870,Mama Mia,Abba,,platinum
8078,Mamahalin,Ariel Rivera,,platinum
9624,Mamahalin,Yasmien Kurdi,,platinum
8166,Mama's Girl,Sexbomb,,platinum
3204,Mama's Pearl,,,platinum
6260,Mamasyal Sa Pilipinas,Juan Dela Cruz,,platinum
8519,Mamaw,Michael V.,,platinum
9856,Lahat Ng 'Yan,Bugoy Drilon,,platinum
7733,Lahat Sa Aking Nobya,Jerovi-Bo Aquasin,,platinum
9658,Lahing Pinoy,Manny Pacquiao,,platinum
11400,Lakad,Sandwich,,platinum
5495,Lakas Tama,Siakol,,platinum
3511,Lake Of Fire,Nirvana,,platinum
0120,Laki Sa Layaw,Mike Hanopol,,platinum
0122,Laklak,Teeth,,platinum
7508,Lalabas Sana Ako,Selina Sevilla,,platinum
8703,Lalaguipenak,Ilocano Song,,platinum
5618,Lalaki Ka Lang,Mystica,,platinum
5699,Lambada,Klima,,platinum
9574,Lambingan,Kontagious,,platinum
11086,Lamok,Escabeche,,platinum
9398,Lampa (Ika'y Mag-ingat),Miss Ganda,,platinum
9700,Lampas Langit,Father & Sons,,platinum
7935,Lana,Roy Orbison,,platinum
6237,Land Of Confusion,Genesis,,platinum
11547,Landi,Hansom,,platinum
8620,Lando,Gloc 9 Feat Francis M,,platinum
3512,Landslide,Fleetwood Mac,,platinum
8704,Langgonisa,Sullivans,,platinum
3189,Langis At Tubig,Sharon Cuneta,,platinum
9011,Langit,Missing Filemon,,platinum
1453,Langit Na Naman,Donna,,platinum
9285,Langit Na Naman,Hotdog,,platinum
7735,Langit Sa Lupa,Egay Monsalvo,,platinum
8705,Langit Ug Yuta,Visayan Song,,platinum
9992,Lapit,Yeng Constantino,,platinum
5166,Larawang Kupas,Jerome Abalos,,platinum
5795,Larger Than Life,Backstreet Boys,,platinum
0881,Last Christmas,Wham,,platinum
9845,Last Dance,Donna Summers,,platinum
9656,Last Days On A Cruise Ship,Bamboo,,platinum
7509,Last Flight Out,Plus One,,platinum
5176,Mambo No 5,Lou Bega,,platinum
4624,Mame,Play,,platinum
8188,Mamimiss Kita,Father & Son,,platinum
11763,Man Down,Rihanna,,platinum
4626,Man I Feel Like A Woman,,,platinum
0980,Man In The Mirror,Michael Jackson,,platinum
11145,Man Who Can't Be,The Script,,platinum
9854,Manalig Ka,Laarni Lozada,,platinum
9704,Mana-Mana Lang 'Yan,Gary Granada,,platinum
8358,Mananatili,Freestyle,,platinum
1648,Manang Biday,Ilocano Folk Song,,platinum
8715,Manang Nagpitakasan,Ilocano Song,,platinum
7217,Mandy,Barry Manilow,,platinum
5461,Maneater,Hall And Oates,,platinum
8565,Maneater,Nelly Furtado,,platinum
8345,Mang Jose,Parokya Ni Edgar,,platinum
9625,Manhid,Regine Velasquez,,platinum
0837,Manic Monday,Bangles,,platinum
8079,Manila,Hotdog,,platinum
9787,Manila,Sandwich,,platinum
5506,Manila Girl,Put3ska,,platinum
0322,Maniniwala Ba Ako,Roselle Nava,,platinum
6261,Maniwala Ka,Aegis,,platinum
7406,Maniwala Ka Sana,Parokya Ni Edgar,,platinum
1256,"Mano Po Ninong, Mano Po Ninang",Mabuhay Singers,,platinum
9745,Manunumbalik Lamang,Yasmien Kurdi,,platinum
9257,Manyakis Blues,Scrambled Eggs,,platinum
8846,Mapagkunwari,Faith Cuneta,,platinum
7081,Mapansin,Paolo Santos,,platinum
44491,Marble Halls,Enya,,platinum
1219,Mardy,Eddie Peregrina,,platinum
3536,Margaritaville,Jimmy Buffet,,platinum
8847,Maria Flordeluna,Sheryn Regis,,platinum
8716,Mariang Palad,Sullivans,,platinum
8717,Marietta,Visayan Song,,platinum
6439,Marimar,Thalia,,platinum
9989,Married With Children,Oasis,,platinum
11491,Marry Me,Train,,platinum
11743,Marry The Night,Lady Gaga,,platinum
11554,Marry You,Bruno Mars,,platinum
11807,Marry Your Daughter,Brian McKnight,,platinum
2175,Martha,H.Avendano,,platinum
11026,Martilyo,Gloc 9 ft Dex of LDS,,platinum
8480,Martyr Nyebera,Kamikazee,,platinum
5623,Marupok Na Sumpa,Larry Miranda,,platinum
1381,Mary Had A Little Lamb,Various,,platinum
3537,Mary's Boy Child,Harry Belafonte,,platinum
8879,Mas Gusto Mo S'ya,Andrew E.,,platinum
5178,Mas Mahal Na Kita Ngayon,Michael V.,,platinum
5087,Mas Que Nada,Sergio Mendez,,platinum
6709,Masakit,Hannah Villame,,platinum
8718,Masapol Ka Di,Visayan Song,,platinum
8242,Masaya,Bamboo,,platinum
6591,Masculados,Masculados,,platinum
5507,Maskara,Eraserheads,,platinum
9321,Maskara,Rivermaya,,platinum
0351,Massachusetts,Bee Gees,,platinum
11747,Masterpiece,Atlantic Star,,platinum
8239,Mata,Mojo Fly,,platinum
9370,Mata Ng Diyos,Wolfgang,,platinum
8719,Matag Litok Awiton,Visayan Song,,platinum
0545,Material Girl,Madonna,,platinum
8163,Matt Monroe Medley,Matt Monroe,,platinum
5267,Matud Mo,Visayan,,platinum
1171,Matud Nila,Visayan Song,,platinum
8720,Mauna Ka Bago Ako,Milyo Naryo,,platinum
6262,Maxwell's Silver Hammer,The Beatles,,platinum
9763,May 1,Archipelago,,platinum
8516,May B.O. Na Ako,Michael V.,,platinum
0108,May Bukas Pa,Rico J. Puno,,platinum
7218,May Bukas Pa,Aegis,,platinum
0173,May Crush Ako Sa'yo,Cinderella,,platinum
1072,May Gusto Ako Sa Iyo,Wendell,,platinum
7787,May Iba Pa,Aiza Seguerra,,platinum
9878,May Isa Na Namang Kumagat Sa Alikabok,Michael V.,,platinum
7082,May Kakaibang Kutob,Jason Martines,,platinum
1073,May Mahal Ka Nang Iba,Pal Villaluz,,platinum
9705,May Minamahal,Rachel Alejandro,,platinum
1593,May Pag-Asa Ba,Introvoys,,platinum
0123,May Pag-Ibig Pa,Bing Rodrigo,,platinum
11674,May Pag-Ibig Pa Ba,South Border,,platinum
1243,May Pagtingin,Wendell,,platinum
8721,May Pulis Sa Ilalim Ng Tulay,Sullivans,,platinum
6440,May Silangan Pa,Bing Rodrigo,,platinum
8627,May Tama Rin Ako,Jay-R Siaboc,,platinum
9706,May'ron Pa Ring Pag-ibig,Jaya,,platinum
7235,Maybe,King,,platinum
7657,Maybe,Neo Colours,,platinum
8008,Maybe,Sheryn Regis,,platinum
0457,Maybe Baby,Buddy Holly,,platinum
8434,Maybe It's You,Jolina Magdangal,,platinum
5268,Maybe This Time,Michael Murphy,,platinum
9784,Maybe This Time,Martin Nievera,,platinum
3207,Maybe Tomorrow,Jackson 5,,platinum
9974,Maybe You Should Know,Kenny Rogers,,platinum
6492,Mayron Sayo'y Nagmamahal,Kuh Ledesma,,platinum
3208,Mayroon Pang Pag-Asa,April Boy Regino,,platinum
8722,Maysa Abukel,Ilocano Song,,platinum
8723,Maysa Laeng,Ilocano Song,,platinum
1899,Mazatlan,Mike Laure,,platinum
11121,Me & U,Cassie,,platinum
0194,Me & You & Dog Named Boo,,,platinum
7850,Me Agains The Music,Britney Spears,,platinum
3348,Me And Bobby Mcgee,Janis Joplin,,platinum
0355,Me And Mrs. Jones,Dr. Dre,,platinum
44840,Me Love,Sean Kingston,,platinum
44549,"Me, Myself And I",Beyonce,,platinum
11618,Mean,Taylor Swift,,platinum
44880,Meet Me Halfway,Black Eyed Peas,,platinum
6755,Meet Me Halfway,Jessa Zaragoza,,platinum
11727,Megalomaniac,Incubus,,platinum
4630,Mellow Yellow,Donovan,,platinum
0352,Melody Fair,Bee Gees,,platinum
11805,Melt My Heart To Stone,Adele,,platinum
8225,Melt With You,China Crisis,,platinum
0446,Memories,Elvis Presley,,platinum
1635,Memory,Barbra Streisand,,platinum
6875,Memory,Barry Manilow,,platinum
3539,Memphis Tenessy,Johnny Rivers,,platinum
1905,Mentira Mentira,Javier Solis,,platinum
5180,Mercury Blues,Alan Jackson,,platinum
9920,Mercy,Duffy,,platinum
3209,Mercy Mercy Mercy,Marvin Gaye,,platinum
11568,Meron Akong Ano,Kamikazee,,platinum
11248,Meron Ba,Kjwan,,platinum
5624,Meron Ba?,Nikki Valdez,,platinum
1461,Merry Chistmas To You,Traditional,,platinum
0048,Merry Christmas,Carpeters,,platinum
1442,Merry Christmas Darling,The Carpenters,,platinum
4632,Merry Xmas Everybody,,,platinum
3540,Message In A Bottle,Police,,platinum
9548,Message In A Bottle,The Dawn,,platinum
7101,Meteor Rain,F4,,platinum
6080,Metoor Something Strange,,,platinum
3958,Mexican Girl,Smokie,,platinum
6797,Mga Babong,Tito, Vic & Joey,,platinum
11986,Mga Kababayan,Francis M,,platinum
8724,Mga Tipik Sa Damgo,Visayan Song,,platinum
8725,Mibalik Ako,Visayan Song,,platinum
3959,Michael Row The Boat Ashore,The Kingsmen,,platinum
2603,Michelle,The Beatles,,platinum
7059,Michico Latino,Gerri Halliwell,,platinum
5508,Mickey,Toni Basin,,platinum
9382,Midinite Special,Jeepney Joyride,,platinum
2607,Midnight Blue,E.L.O.,,platinum
0889,Midnight Confession,The Grass Roots,,platinum
4634,Midnight Hour,Wilson Pickett,,platinum
2680,Midnight Lady,Chris Norman,,platinum
0932,Midnight Rider,Allman Brothers,,platinum
9317,Migraine,Moonstar 88,,platinum
5269,Miles Away,Colin Blunston,,platinum
5993,Miles Away,Basia,,platinum
9843,Miles Away,Kuh Ledesma,,platinum
7939,Milk And Toast Honey,Roxette,,platinum
44384,Milkshake,Kelis,,platinum
4635,Millennium,Robbie Williams,,platinum
9418,Million Miles Away,Nikki Gil,,platinum
1106,Minahal Kita,Michael Laygo,,platinum
7003,Minahal Kita,Aegis,,platinum
5115,Minamahal Kita,Freddie Aguilar,,platinum
9077,Minamahal Kita,Ogie Alcasid,,platinum
8232,Minamalas,Mojofly,,platinum
6265,Mind Games,John Lennon,,platinum
6129,Mindanao,Freddie Aguilar,,platinum
11332,Mine,Taylor Swift,,platinum
8784,Mine,Kim Chiu,,platinum
1074,Minsan,Bert Dominic,,platinum
8882,Minsan,Eraserheads,,platinum
9802,Minsan,Cueshe,,platinum
1312,Minsan Isang Kahapon,Lea Salonga,,platinum
1250,Minsan Lamang,Ric Manrique,,platinum
9311,Minsan Lang,Jay-R Siaboc,,platinum
9707,Minsan Lang,Martin Nievera,,platinum
11748,Minsan Lang Kitang Iibigin,Regine Velasquez,,platinum
1303,Minsan Lang Kitang Iibigin,Ariel Rivera,,platinum
5625,Minsan Minsan,Marilyn Reynes,,platinum
1505,Minsan Pa,The Flippers,,platinum
5890,Minsan Pa,Diwata,,platinum
9078,Minsan Pa,Victor Wood,,platinum
9848,Minsan Pa,Faith Cuneta,,platinum
9708,Minsan Sa Isang Panahon,Kuh Ledesma,,platinum
7513,Minsan-Minsan,Claire,,platinum
0496,Miracle,Whitney Houston,,platinum
7884,Miracle,Christian Bautista,,platinum
5183,Mirror Mirror,M2M,,platinum
5627,Miserablism,Pet Shop Boys,,platinum
11350,Misery,Maroon 5,,platinum
44657,Misery Business,Paramore,,platinum
7085,Misis 2000,Hav It,,platinum
9996,Misis Fely Nimfa Ang Pangalan,Itchyworms,,platinum
9774,Miskol,Kerubin,,platinum
5626,Miss,Janno Gibbs,,platinum
7436,Miss Flawless,Angelica Jones,,platinum
9449,Miss Independent,Ne-yo,,platinum
8520,Miss Kita Pag Tuesday,Rj Jimenez,,platinum
1130,Miss Na Miss Kita,Father & Son,,platinum
5833,Miss Na Miss Na Kita,Lito Camo,,platinum
8582,Miss You In A Heartbeat,Def Leppard,,platinum
3211,Miss You Like Crazy,The Moffats,,platinum
4637,Miss You Much,,,platinum
3542,Missing,Everything But Girl,,platinum
5285,Missing You,Freestyle,,platinum
6593,Missing You,Diana Ross,,platinum
6594,Missing You,Backstreet Boys,,platinum
7458,Missing You,Tina Turner,,platinum
8418,Missing You,John Waite,,platinum
4638,Missionary Man,Annie Lennox,,platinum
7083,Misss Kita Kung Christmas,Aiza Seguerra,,platinum
11391,Mistake,Nickelback,,platinum
2708,Mister Lonely,Bobby Vinton,,platinum
0433,Misty,Errol Garner,,platinum
5783,Mmm Bop,Hanson,,platinum
4268,Mmm Mmm Mmm Mmm,Crash Test Dummies,,platinum
1771,Mmmm Sarap,Kamikaze,,platinum
0353,Mockin' Bird Hill,Patty Page,,platinum
5270,Modelong Charing,Blak Dyak,,platinum
5462,Moment By Moment,Yvonne,,platinum
11716,Moment Of Truth,Fm Static,,platinum
9079,Moments Of Love,Janno Gibbs & Jennilyn,,platinum
0006,Mona Lisa,Bob Guzman,,platinum
3544,Monday Monday,Mamas And Papas,,platinum
0233,Money For Nothing,Dire Strait,,platinum
3018,Money Money Money,Abba,,platinum
6083,Monica,,,platinum
3545,Monkee's,Tv Theme,,platinum
4230,Monkey,George Michael,,platinum
8290,Monkey Wrench,Foo Fighters,,platinum
9299,Monobloc,Pupil,,platinum
11352,Monsoon,Tokio Hotel,,platinum
11612,Monster,Paramore,,platinum
9960,Monster,The Automatics,,platinum
44341,Monster Mash,Bobby Picket,,platinum
2922,Montego Bay,Bobby Bloom,,platinum
7984,Mony Mony,Tomy James Shondells,,platinum
6266,Moon Age Daydream,David Bowie,,platinum
2604,Moon River,Andy Williams,,platinum
7940,Moonchild,Iron Maiden,,platinum
9773,Moondance,Michael Buble,,platinum
4640,Moondreams,Buddy Holly,,platinum
0354,Moonlight Flower,Michael Cretu,,platinum
2731,Moonlight Lady,David Bowie,,platinum
7084,Moonlight Over Paris,Paolo Santos,,platinum
3547,Moonlight Shadow,Mike Oldfield,,platinum
6267,Moonlight Swim,Elvis Presley,,platinum
2707,More,Andy Williams,,platinum
44449,More Human Than Human,White Zombie,,platinum
11276,More Than A Memory,Garth Brooks,,platinum
1025,More Than A Woman,Bee Gees,,platinum
2605,More Than I Can Say,Leo Sayer,,platinum
11751,More Than Just The Two Of Us,Sneaker,,platinum
44462,More Than That,Backstreet Boys,,platinum
7788,More Than This,Norah Jones,,platinum
6985,More Than Words,Extreme,,platinum
1024,More Than You'll Ever Know,Michael Ruff,,platinum
0516,More To Lose,Seona Dancing,,platinum
6595,More Today Than Yesterday,Spiral Staircase,,platinum
3549,Mornin',Al Jarreau,,platinum
0203,Morning After,C. Davis,,platinum
3215,Morning Has Broken,Cat Stevens,,platinum
8891,Moshi Moshi Chikiyaki,Sexbomb Girls,,platinum
6271,Most Beautiful Girl,Prince,,platinum
7334,Most Beautiful Girl,Charlie Rcih,,platinum
6272,Most Beautiful Girl In The World,Frank Sinatra,,platinum
3216,Mother Freedom,David Gates,,platinum
0850,Mother Of Mine,Jimmy Osmond,,platinum
4642,Mother-In-Law,Ernie K. Doe,,platinum
11227,Move Along,The All-American,,platinum
11596,Moves Like Jagger,Maroon 5 Feat.,,platinum
8848,Movie,Spongecola,,platinum
11238,Moving,Malay,,platinum
44737,Moving Mountains,Usher,,platinum
0735,Moving On Up,M. People,,platinum
44073,Mr Jones,Counting Crows,,platinum
4643,Mr Tambourine Man,,,platinum
2882,Mr. Bojangles,Sammy Davis Jr.,,platinum
9951,Mr. Boombastic,Shaggy,,platinum
8222,Mr. Brightside,The Killers,,platinum
7885,Mr. Clay,Bamboo,,platinum
1382,Mr. D.J.,Sharon Cuneta,,platinum
8868,Mr. Disco,Marilyn Reynes,,platinum
8039,Mr. Dream Boy,Sheryl Cruz,,platinum
11925,Mr. Know It All,Kelly Clarkson,,platinum
0178,Mr. Kupido,Sheryl Cruz,,platinum
3217,Mr. Pitiful,,,platinum
0946,Mr. Sandman,Pat Ballad,,platinum
11602,Mr. Simple,Super Junior,,platinum
1297,Mr. Songwriter,Jose Mari Chan,,platinum
6275,Mr. Speed,Kiss,,platinum
6850,Mr. Suave,Parokya Ni Edgar,,platinum
0656,Mr. Vain,Sound Tripper,,platinum
8183,Mr. Wow,Ethel Booba,,platinum
0056,Mrs. Robinson,Simon & Garfunkel,,platinum
8305,Ms. Serious,Shamrock,,platinum
8381,Much Has Been Said,Bamboo,,platinum
8928,Mukha Ng Pera,The Youth,,platinum
1107,Mula Noon Hanggang Ngayon,Lea Salonga,,platinum
1075,Mula Sa Puso,Jude Michaels,,platinum
1076,Muli,Rodel Naval,,platinum
11032,Muli,Bamboo,,platinum
11610,Muli,Ebe Dancel,,platinum
8463,Muli,Gary V./Regine V.,,platinum
9410,Muli,Janno Gibbs,,platinum
9553,Muli,Bugoy,,platinum
5994,Muli Ay Patawarin,Von Arroyo,,platinum
1467,Muli Mong Mahalin,April Boys,,platinum
11668,Muling Ibalik,First Cousin,,platinum
7632,Muling Mahiram,Anton Diva,,platinum
0126,Muling Mamahalin,Loui Heredia,,platinum
6276,Muling Nagmahal Ang Puso,Jude Michaels,,platinum
1507,Multo Sa Paningin,The Youth,,platinum
1383,Muntik Na Kitang Minahal,The Company,,platinum
5834,Muntik Na Kitang Minahal,Carol Banawa,,platinum
1596,Muntik Nang Maabot Ang Langit,True Faith,,platinum
9790,Munting Hiling,Willie Revillame,,platinum
5010,Munting Pangarap,Aegis,,platinum
6950,Murder On The Dance Floor,Sophie Bextor,,platinum
5628,Music,Madonna,,platinum
0522,Music Box,Mariah Carey,,platinum
6391,Music Of My Heart,N'sync And Gloria,,platinum
8726,Musikang Binisaya,Visayan Song,,platinum
0981,Muskrat Love,America,,platinum
1236,Must Be Heaven,C. Paner,,platinum
8202,Must Get Out,Maroon 5,,platinum
0010,Mustang Sally,Wilson Pickett,,platinum
4299,My All,Mariah Carey,,platinum
6277,My Baby Just Cares For Me,Nina Simone,,platinum
8089,My Boo,Usher Ft. Alicia Keys,,platinum
0950,My Boyfriend's Back,The Angels,,platinum
4646,My Brave Face,Paul Mccartney,,platinum
6278,My Cherie Amour,Stevie Wonder,,platinum
6596,My Confession,Richard Marx,,platinum
3218,My Elusive Dreams,Tom Jones,,platinum
11978,My Everything,Down To Mars,,platinum
5335,My Everything,98 Degrees,,platinum
9849,My Eyes Adored You,Sam Milby Feat Tori,,platinum
1485,My Fair Share,Seals & Crofts,,platinum
6279,My Fathers Eyes,Eric Clapton,,platinum
4647,My Fathers Son,,,platinum
1008,My Favorite Things,Julie Andrews,,platinum
9482,My First Broken Heart,Iya Villana,,platinum
1347,My First Day Alone,Cascades,,platinum
1532,My Funny Valentine,Chris Connors,,platinum
3555,My Generation,The Who,,platinum
5306,My Girl,Phil Collins,,platinum
6441,My Girl,The Temptations,,platinum
8435,My Girl,Sam Milby,,platinum
3219,My Girl, My Woman My Friend,Jose Mari Chan,,platinum
44082,My Guy,Diana Ross,,platinum
0255,My Happiness,Connie Francis,,platinum
44021,My Happy Ending,Avril Lavigne,,platinum
9859,My Heart Has A Mind Of Its Own,Christian Bautista,,platinum
0241,My Heart Will Go On,Celine Dion,,platinum
44165,My Hero,Foo Fighters,,platinum
0456,My Hometown,Bruce Springsteen,,platinum
8351,My Humps,Black Eyed Peas,,platinum
7688,My Immortal,Evanescence,,platinum
5995,My Kind Of Girl,Matt Monro,,platinum
7710,My Labs,Lovely,,platinum
1026,My Life,Billy Joel,,platinum
9756,My Life Would Suck Without You,Kelly Clarkson,,platinum
7715,My Little Clown,Barbie,,platinum
11262,My Little Girl,Tim Mcgraw,,platinum
2866,My Love,Paul Mccartney,,platinum
44285,My Love,Lionel Richie,,platinum
44784,My Love,Justin Timberlake,,platinum
5184,My Love,Westlife,,platinum
1618,My Love And Devotion,Perry Como,,platinum
44407,My Love Is Like..,Mya,,platinum
1608,My Love Will See You Through,Marco Sison,,platinum
44384,My Milkshake,Kelis,,platinum
4300,My Oh My,Aqua,,platinum
0897,My Old School,Steely Dan,,platinum
3553,My Only Love,,,platinum
7004,My Own Prison,Creed,,platinum
8122,My Place,Nelly,,platinum
5996,My Pledge Of Love,Judy Ann Santos,,platinum
1509,My Prayer,The Platters,,platinum
8045,My Prerogative,Britney Spears,,platinum
7005,My Sacrifice,Creed,,platinum
0091,My Sharona,The Knacks,,platinum
4649,My Shining Hour,,,platinum
5307,My Side Of Town,TRICIA Mcneal,,platinum
1597,My Special Angel,Bobby Helms,,platinum
7407,My Strongest Suit,Spice Girls,,platinum
0386,My Sweet Lady,John Denver,,platinum
6876,My Sweet Lord,George Harrison,,platinum
11737,My Tender Bear,Kamikazee,,platinum
5185,My Uncle John From Jamaica,Vengaboys,,platinum
5835,My Valentine,Jamie Rivera,,platinum
2606,My Way,Frank Sinatra,,platinum
8282,My World,Avril Lavigne,,platinum
7514,My World Keeps Getting Smaller,Neil Sedaka,,platinum
6281,Mysterious Ways,U2,,platinum
8981,Na Bitik Sa Otot,Agipo,,platinum
11377,Na Na Na,My Chemical Romance,,platinum
1254,Na Sabihin Mo,Eloisa,,platinum
5271,Naaalala,Rallion Alonzo,,platinum
9080,Naaalala Ka,Shamrock,,platinum
9422,Naaalala Ka,Shamrock,,platinum
0483,Naalala Ka,Rey Valera,,platinum
8727,Naanad Na Ako,Visayan Song,,platinum
7580,Nadevelop,Tin Amaldo,,platinum
8817,Nag Inusara,Bisrock,,platinum
7737,Nag-iisa,Rannie Raymundo,,platinum
7941,Nag-iisa,Laarni Cuevas,,platinum
5059,Nag-lisang Ikaw,Louie Heredia,,platinum
8728,Naglibog Ako,Milyo Naryo,,platinum
8729,Nagmahay Ako,Visayan Song,,platinum
9909,Nagmamahal Ako Ng Bakla,Dagtang Lason,,platinum
9029,Nagmamahal Ng Tunay,Piolo Pascual,,platinum
8730,Nagsabong Ken Akyat,Ilocano Song,,platinum
8731,Nahanaw Ka,Visayan Song,,platinum
5186,Nahanaw Na Gyud,Pilita Corales,,platinum
5187,Nahuli Kita,Jessa Zaragoza,,platinum
9481,Nahuli Mo Na Ba Ako,Itchyworms,,platinum
11624,Naiisip Mo Ba,David Dimuzio,,platinum
0124,Nais Ko,Rodel Naval,,platinum
7851,Nais Ko,Side A,,platinum
9512,Nais Ko,Lovi Poe,,platinum
8010,Nakaka,Masculados,,platinum
7738,Nakakabaliw Ka Babe,L. Lopes,,platinum
1078,Nakapagtataka,Hadji Alejandro,,platinum
7006,Nakapagtataka,Jim Paredes,,platinum
8017,Nakapagtataka,Vingo & Jimmy,,platinum
8541,Nakapagtataka,Spongecola,,platinum
8030,Nakaraang Pasko,Ariel Rivera,,platinum
8732,Naka-Table Na Kita,Milyo Naryo,,platinum
5997,Nakaw Na Pag-Ibig,Claire,,platinum
11404,Naked,Salamin,,platinum
9804,Nalilimutan Mo Na Ba,Jennylyn Mercado,,platinum
6705,Namumuro Ka Na,Lukas,,platinum
1255,Nanabik,Rea Valle,,platinum
6131,Nananabik Sa'yo,Sharon Cuneta,,platinum
11006,Nananaginip,Callalily,,platinum
9746,Nananaginip Ng Gising,Sarah Geronimo,,platinum
11415,Nandito,General Luna,,platinum
1384,Nandito Ako,Lea Salonga,,platinum
4334,Nandito Ako,Ogie Alcasid,,platinum
8436,Nandito Lang Ako,Shamrock,,platinum
7739,Nandito Lang Sa Tabi,Roman F.,,platinum
5463,Nang Dahil Sa Pag-Ibig,Tootsie Guevara,,platinum
5692,Nang Dahil Sa Pag-Ibig,Anthony Castello,,platinum
9267,Nang Dahil Sa'yo,,,platinum
7740,Nang Iwan Mo,Piolo,,platinum
4967,Nang Makapiling Ka,Jessa Zaragoza,,platinum
0303,Nang Minsan Lang,Willy Cruz,,platinum
5836,Nang Siya'y Mawalay,Rockstar 2,,platinum
9258,Nangangawit,Sugarfree,,platinum
8158,Nanggigigil,Hagibis,,platinum
5188,Nanghihinayang,Jeremiah,,platinum
11671,Napakasakit Kuya Eddie,Roel Cortez,,platinum
9709,Napamahal Ka Na,Jolina Magdangal,,platinum
5629,Napapa-Uhh,Glady's & The Boxer,,platinum
5114,Napupuyat,Freddie Aguilar,,platinum
8384,Narda,Kamikazee,,platinum
5630,Naririto Ako,Michael Laygo,,platinum
1811,Narito,Sarah Geronimo,,platinum
0323,Narito Ako,Ariel Rivera,,platinum
1385,Narito Ang Puso Ko,Miguel Vera,,platinum
7438,Narito Ang Puso Ko,Sarah Geronimo,,platinum
1813,Narito Ka Lang Pala,Lloyd Umali,,platinum
7640,Narito Lang Ako,Vina Morales,,platinum
0602,Narito Na Ang Pasko,Gino Padilla,,platinum
11057,Nariyan Ka,Juris,,platinum
5693,Nasaan Ang Liwanag,Willy Garte,,platinum
6132,Nasaan Ka,Willie Garte,,platinum
8449,Nasaan Ka,Pupil,,platinum
0100,Nasaan Ka,April Boy Regino,,platinum
7886,Nasaan Ka Na,Nyoy Volante,,platinum
9710,Nasaan Ka Paano Ko,Kuh Ledesma,,platinum
1239,Nasa'n Ka Na,Alecx,,platinum
8589,Nasa'n Ka Na,Kyla,,platinum
6715,Nasasabik Sa Iyo,Fred Panopio,,platinum
9711,Nasasaktan,Reuben Laurente,,platinum
8733,Nasursorokan,Ilocano Song,,platinum
8528,Natatawa Ako,Gabriela,,platinum
8038,Nativity In Black,Black Sabbath,,platinum
7852,Natural,S Club 7,,platinum
8050,Natutulog Ba Ang Diyos,Gary V.,,platinum
8080,Natutulog Kong Mundo,Wolfgang,,platinum
7807,Naughty Girl,Beyonce,,platinum
9582,Nawawala,6 Cyclemind,,platinum
11228,Need You Now,Lady Antebellum,,platinum
2730,Needles And Pins,Smokie Robinson,,platinum
3556,Neighbors,Australian Tv Soap Song,,platinum
6442,Neighter One Of Us,Gladys Knight,,platinum
5734,Nena,Banyuhay,,platinum
8507,Nene,Mano Mano,,platinum
6283,Neon Knights,Black Sabbath,,platinum
11186,Neon Lights (Nebula),Rico Blanco,,platinum
7321,Nerbyoso,Rivermaya,,platinum
11153,Neutron Star Collision,Muse,,platinum
11122,Never Again,Kelly Clarkson,,platinum
11385,Never Again,Nickleback,,platinum
7227,Never Be The Same Again,Mel C.,,platinum
5891,Never Been To Me,Charlene Duncan,,platinum
0892,Never Ending Story,Limahl,,platinum
6877,Never Ever,All Saints,,platinum
1079,Never Ever Say Goodbye,Nonoy Zuniga,,platinum
11135,Never Forget You,Noisettes,,platinum
9879,Never Give Up,Erik Santos And Christian,,platinum
4359,Never Gonna Give You Up,Rick Astley,,platinum
9081,Never Gonna Give You Up,Sergio Mendez,,platinum
11628,Never Gonna Leave This Bed,Maroon 5,,platinum
8156,Never Gonna Let You Go,Sergio Mendez,,platinum
5511,Never Had A Dream Cme True,Sclub7,,platinum
0665,Never Let Her Slip Away,Andew Gold,,platinum
11190,Never Let You Go,Justin Bieber,,platinum
44825,Never Miss A Beat,Kaiser Chiefs,,platinum
2857,Never My Love,Association,,platinum
6133,Never Never Never,Linda Ronstadt,,platinum
3024,Never On Sunday,Patsy Cline,,platinum
6386,Never Say Goodbye,Bon Jovi,,platinum
11097,Never Say Never,The Fray,,platinum
11191,Never Say Never,Justin Bieber Ft. Jaden,,platinum
6598,Never Surrender,Corey Hart,,platinum
0292,Never Thought,Dan Hill,,platinum
4655,Never Will I Marry,Greenwillow,,platinum
1511,New Kid In Town,Eagles,,platinum
11138,New Shoes,Paulo Nutini,,platinum
9288,New Soul,Yael Naim,,platinum
4657,New World Man,Rush,,platinum
6134,New Year,Sugababes,,platinum
3220,New Years Day,U2,,platinum
0555,New York Minig Disaster,Bee Gees,,platinum
2803,New York New York,Frank Sinatra,,platinum
6880,Next 100 Years,Bon Jovi,,platinum
1599,Next Door To Angel,Neil Sedaka,,platinum
0105,Next In Line,After Image,,platinum
11604,Next To You,Chris Brown Ft. Justin,,platinum
8993,Ngano Man,Scrambled Eggs,,platinum
9013,Ngano Man,Missing Filemon,,platinum
1177,Ngayon,Basil Valdez,,platinum
1267,Ngayon At Kailanman,,,platinum
11767,Ngayon Na,Slapshock,,platinum
9534,Ngayon, Bukas At Kailanman,Sarah Geronimo,,platinum
9712,Ngayong Pasko,Bayani Agbayani,,platinum
15007,Ngayong Wala Ka Na,Kyla,,platinum
5837,Ngayong Wala Ka Na,Ara Mina,,platinum
9713,Ngayo'y Naririto,Jay R,,platinum
8800,Ngiti,Ronnie Liang,,platinum
9465,Ngiti Lang,KC Concepcion,,platinum
1288,Ngunit Dahil Sa Yo,,,platinum
6600,Ni Yao Te Ai,F4,,platinum
7986,Nice And Slow,Usher,,platinum
2915,Nice To Be With You,Gallery,,platinum
1027,Night And Day,Frank Sinatra,,platinum
6444,Night Fever,Bee Gees,,platinum
11457,Night Is Young,Nelly Furtado,,platinum
0489,Nightbird,Kalapana,,platinum
0195,Nights In White Satin,Moody Blues,,platinum
2859,Nights On Broadway,Bee Gees,,platinum
2836,Nikita,Elton John,,platinum
9082,Nilamon Ng Gabi,The Pain Up Girls,,platinum
5272,Nilunok Kong Lahat,Selina Sevilla,,platinum
44670,Nine In The Afternoon,Panic At The Disco,,platinum
44786,Nine Million Bicycles,Katie Melua,,platinum
4658,Nineteen Hundred And Eighty Five,Paul Mccartney,,platinum
9349,No Air,Jordin Sparks,,platinum
1513,No Arms Can Ever Hold You,Chris Norman,,platinum
44801,No Can Do,Sugababes,,platinum
8734,No Dua-Dua-Empay,Ilocano Song,,platinum
44330,No Excuses,Alice In Chains,,platinum
5775,No Good For Me,The Corrs,,platinum
0748,No Limited,2Unlimited,,platinum
4659,No Matter What,Boyzone,,platinum
5100,No More,Elvis Presley,,platinum
5768,No More I Love You's,Annie Lennox,,platinum
2842,No More Lonely Nights,Paul Mccartney,,platinum
6288,No More Mr. Nice Guy,Alice Cooper,,platinum
0085,No More Rhyme,Debbie Gibson,,platinum
9242,No One,Alicia Keys,,platinum
5391,No One Can,Marillion,,platinum
7118,No One Else Comes Close,Joe,,platinum
1619,No Other Love,Jo Staford,,platinum
5998,No Other Love,Victor Wood,,platinum
1514,No Rain,Blind Melon,,platinum
5427,No Reply,The Beatles,,platinum
4284,No Scrubs,TLC,,platinum
8735,No Siakto To Ti Agayat,Ilocano Song,,platinum
0733,No Son Of Mine,Genesis,,platinum
7692,No Such Thing,John Mayer,,platinum
4661,No Sugar Tonight,Guess Who,,platinum
9813,No Surprise,Daughtry,,platinum
6290,No Tell Lover,Chicago,,platinum
4662,No Time,Guess Who,,platinum
1080,No Touch,Mike Hanopol,,platinum
2875,No Woman No Cry,Bob Marley,,platinum
44817,No You Girl's,Franz Ferdinand,,platinum
8450,Nobela,Join The Club,,platinum
9798,Nobody (English Version),Wonder Girls,,platinum
9799,Nobody (Korean Version),Wonder Girls,,platinum
2801,Nobody Does It Better,Carly Simon,,platinum
44795,Nobody Knows,Pink,,platinum
7058,Nobody Wants To Be Lonely,Ricky Martin,,platinum
5404,Nobody Wins,Elton John,,platinum
8067,Nobody's Home,Avril Lavigne,,platinum
3558,Nobody's Child,Lee Towers,,platinum
11098,Nobody's Perfect,Hannah Montana,,platinum
6291,Nobody's Wife,Amoks,,platinum
5056,Noche Buena,Marc Sison,,platinum
9626,Noon At Ngayon,Carol Banawa,,platinum
7741,Noo'y Pasko Rin,Roselle Nava,,platinum
0428,Norwegian Wood,Beatles,,platinum
0103,Nosi Balasi,Sampaguita,,platinum
6986,Nostalgic Medley,Various Artist,,platinum
44832,Not Fair,Lily Allen,,platinum
6293,Not If You Were The Last On Earth,Dandy Warhols,,platinum
11041,Not Like The Movies,KC Concepcion,,platinum
11132,Not Myself Tonight,Christina Aguilera,,platinum
11294,Not Ready To Make Nice,Dixie Chicks,,platinum
9083,Not Your Ordinary Girl,Kyla,,platinum
9844,Note To God,Charice Pempengco,,platinum
1516,Nothin' At All,Heart,,platinum
11195,Nothin' On You,B.O.B ft Bruno Mars,,platinum
44735,Nothin' To Die For,Tim McGraw,,platinum
11449,Nothing,The Script,,platinum
6601,Nothing Can Compare,Neil Solter,,platinum
1029,Nothing Can Stop Us Now,Rick Price,,platinum
0515,Nothing Compares To You,Sinead O' Connors,,platinum
5413,Nothing Else Matters,Metallica,,platinum
44787,Nothing In My Way,Keane,,platinum
8540,Nothing In This World,Paris Hilton,,platinum
7515,Nothing Really Matters,Madonna,,platinum
11320,Nothing To Die For,Tim Mcgraw,,platinum
8869,Nothing To Lose,Michael Learns To,,platinum
44110,Nothing's Gonna Change,George Benson,,platinum
0168,Nothing's Gonna Change My Love,Glenn Medeiros,,platinum
0891,Nothings Gonna Stop Us Now,Starship,,platinum
4664,Notorious,Duran Duran,,platinum
3561,November Rain,Guns & Roses,,platinum
9508,Novus Is Burning,Wolfgang,,platinum
9469,Now,M.Y.M.P.,,platinum
11780,Now And Forever,Air Supply,,platinum
6294,Now And Forever,Richard Marx,,platinum
4666,Now I Lay Me Down To Sleep,Traditional,,platinum
44745,Now Or Never,High School Musical,,platinum
8013,Now That I Have You,Sheryn And Mark,,platinum
8348,Now That You're Gone,Ella Mae Saison,,platinum
2952,Nowhere Man,The Beatles,,platinum
7704,Noypi,Bamboo,,platinum
7086,Numb,Linkin Park,,platinum
0510,Number Two,Joe,,platinum
8918,Nursing,Bisrock,,platinum
4668,O Christmas Tree,Traditional,,platinum
4670,O Holy Night,Christmas Song,,platinum
5893,O Kay Sarap Umibig,Rea Valle,,platinum
1376,O Lumapit Ka,Ella Del Rosario,,platinum
1662,O Naraniag A Bulan,Ilocano Song,,platinum
8024,O Pag-Ibig,Vhong Navarro,,platinum
8349,O.K. Na,Milk And Honey,,platinum
11634,O.M.G.,Karylle,,platinum
3562,Oakie From Muskogee,Merle Haggard,,platinum
4672,Oats, Peas, Beans And Barley Grow,Traditional,,platinum
6698,Objection,Shakira,,platinum
6602,Objection Tango,Shakira,,platinum
0816,Obladi Oblada,Beatles,,platinum
5308,Oblivious,Kaya,,platinum
11510,Obsessed,Mariah Carey,,platinum
7701,Obvious,Westlife,,platinum
1386,Ocean Deep,Cliff Richard,,platinum
0730,Ocean Of Love,H. Coleman,,platinum
2786,Octopus's Garden,The Beatles,,platinum
1681,Ode To My Family,The Cranberries,,platinum
1709,Of All The Things,Dennis Lambert,,platinum
8082,Officially Missing You,Tamia,,platinum
9880,Oh Babe,Jeremiah,,platinum
4673,Oh Boy!,Buddy Holly,,platinum
2608,Oh Carol,Neil Sedaka,,platinum
44431,Oh Carolina,Shaggy,,platinum
7289,Oh Come All,Ye Faithful,,platinum
1717,Oh Come All Ye Faithful,Traditional,,platinum
6446,Oh Giliw Ko,Zaldy,,platinum
8737,Oh Kinabuhi,Visayan Song,,platinum
0787,Oh Little Town Of Bethlehem,Christmas Song,,platinum
0196,Oh Lonesome Me,Victor Wood,,platinum
44779,Oh My God,Ida Maria,,platinum
0291,Oh My Love,John Lennon,,platinum
3988,Oh Pretty Woman,Roy Orbison,,platinum
3635,Oh Starry Night,Sailor Moon Us,,platinum
0894,Oh Susana,Various Artist,,platinum
2698,Oh! Darling,The Beatles,,platinum
4674,Oh, My Darling Clementine,Traditional,,platinum
7340,Oil Of Gladness,Patricia Woleky,,platinum
9272,Ojo Kaluguran Daka,Kapampangan,,platinum
8877,Okat Tokat,Parokya Ni Edgar Ft. Jay,,platinum
7516,Old And Wise,Alan Parsons Project,,platinum
4676,Old Brass Wagon,Traditional,,platinum
9855,Old Friend,Kyla,,platinum
3992,Old Macdonald,Traditional,,platinum
11192,Old Photographs,Jim Capaldi,,platinum
0803,Old Time Rock And Roll,Bob Seeger,,platinum
8738,Oldest Man Sa Mundo,Milyo Naryo,,platinum
6987,Oldies Medley,Various Artist,,platinum
8739,Olivia,Visayan Song,,platinum
4232,Ol'man River,Frank Sinatra,,platinum
11179,OMG,Usher Ft Will I Am,,platinum
7386,On A High,Duncan Sheik,,platinum
0786,On And On,Stephen Bishop,,platinum
1549,On Bended Kness,Boys II Men,,platinum
3007,On Broadway,Ben E. King,,platinum
6296,On My Own,Michael Mcdonald,,platinum
8777,On Ne S'aimera Plus,Larusso,,platinum
11566,On The Floor,Jennifer Lopez Ft.,,platinum
5013,On The Wings Of Love,Martin Nievera,,platinum
5839,On This Day,David Pomeranz,,platinum
0145,On Top Of Spaghetti,Traditional,,platinum
3995,Once Bitten Twice Shy,Great White,,platinum
8097,Once In A Lifetime,Freestyle,,platinum
3020,Once In A While,Dinah Shore,,platinum
0197,One,Three Dog Knight,,platinum
4233,One,U2,,platinum
7341,One,Heart Evangelista,,platinum
9589,One,Cueshe,,platinum
6882,One Body, One Soul,Ella Mae Saison,,platinum
5894,One By One,Cher,,platinum
11512,One Day,Charice,,platinum
9496,One Day,Yasmien Kurdi,,platinum
6298,One Day At A Time,Lena Martell,,platinum
9084,One Day I'll Fly Away,Randy Crawford,,platinum
9999,One Day In Your Life,Michael Jackson,,platinum
0666,One Day Soon,Tom Jones,,platinum
4678,One For My Baby,Frank Sinatra,,platinum
11426,One Friend,Dan Seals,,platinum
7119,One Hello,Randy Crawford,,platinum
11758,One Hit Combo,Parokya Ni Edgar Feat.,,platinum
44775,One I Love,David Gray,,platinum
11456,One In A Million,Neyo,,platinum
7853,One In A Million,Bosson,,platinum
5273,One In A Million You,Larry Graham,,platinum
44551,One Kiss From You,Britney Spears,,platinum
8422,One Last Breath,Creed,,platinum
0667,One Last Cry,Brian Mcknight,,platinum
6135,One Last Song,A1,,platinum
11197,One Less Lonely Girl,Justin Bieber,,platinum
9823,One Little Kiss,Sarah Geronimo,,platinum
9030,One Look,Kjwan,,platinum
6756,One Love,Blue,,platinum
9293,One Love,Ace Bisa,,platinum
5405,One Love People Get Ready,Bob Marley,,platinum
3223,One Man Parade,James Taylor,,platinum
0275,One Moment In Time,Whitney Houston,,platinum
0329,One More Chance,Madonna,,platinum
5191,One More Chance,Victor Wood,,platinum
9504,One More Chance,Piolo Pascual,,platinum
3996,One More Cup Of Coffee,BobDylan,,platinum
2739,One More Night,Phil Collins,,platinum
7974,One More Time,Real Mccoy,,platinum
2728,One More Try,George Michael,,platinum
5895,One More Try,A1,,platinum
9714,One More Try,Kuh Ledesma,,platinum
0982,One Night,Elvis Presley,,platinum
8116,One Night,The Corrs,,platinum
7887,One Of These Days,Barry Manilow,,platinum
9850,One Of These Days,Pops Fernandez,,platinum
0455,One Of These Nights,Henley Frey,,platinum
0776,One Of These Sounds,Bob And Susan,,platinum
9236,One Of Those Girls,Avril Lavigne,,platinum
4354,One Of Us,Joan Osbourne,,platinum
1031,One Shining Moment,Diana Ross,,platinum
9348,One Step At A Time,Jordin Sparks,,platinum
6676,One Step Closer,Linkin Park,,platinum
2609,One Summer Night,Jinchulyea,,platinum
5838,One Sweet Day,Mariah Carey,,platinum
11754,One Thing,One Direction,,platinum
11031,One Time,Justin Bieber,,platinum
3564,One Tin Soldier,The Original Caste,,platinum
8283,One Two Step,Ciara,,platinum
2612,One Way Ticket,Neil Sedaka,,platinum
44479,One Wild Night,Bon Jovi,,platinum
4682,One, Two, Buckle My Shoe,,,platinum
7342,Only By Grace,Integrity,,platinum
11386,Only Girl,Rihanna,,platinum
6136,Only Hope,Mandy Moore,,platinum
7517,Only I,Dianne Dela Fuente,,platinum
3225,Only In Your Heart,,,platinum
7854,Only Love,Trademark,,platinum
0324,Only Me And You,Donna Cruz,,platinum
0699,Only One Road,Celine Dion,,platinum
0232,Only Remind Me Of You,Rick Price,,platinum
3998,Only Sixteen,DrHook,,platinum
6300,Only The Beginning,Chicago,,platinum
0898,Only The Lonely,Roy Orbison,,platinum
7693,Only Time,Enya,,platinum
2670,Only Yesterday,Carpenters,,platinum
2611,Only You,Platters,,platinum
11307,Only You Can Love Me This Way,Keith Urban,,platinum
8486,Oo,Updharmadown,,platinum
7267,Oops (I Did It Again),Britney Spears,,platinum
7343,Oops Aay,Viva Hotbabes,,platinum
5464,Oops, Teka Lang,Ara Mina,,platinum
0896,Open Arms,Journey,,platinum
0744,Operator,Jim Croce,,platinum
6301,Opium,Daniel Belanger,,platinum
8892,Opm Disco Medley,Various Artist,,platinum
11211,Opposites Attract,Juris,,platinum
11823,Orange,Parokya Ni Edgar,,platinum
3226,Oras Na,Coritha,,platinum
8453,Order Taker,Paokya Ni Edgar And,,platinum
9319,Ordinary Day,Dolores O'riordan,,platinum
11755,Ordinary Song,Mark Velasco,,platinum
0660,Ordinary World,Duran Duran,,platinum
3999,Original Prankster,Offspring,,platinum
11756,Original Song,Parokya Ni Edgar,,platinum
8919,Osified,Bisrock,,platinum
7000,Otso-Otso,,,platinum
6302,Our Day Will Come,Four Seasons,,platinum
5755,Our House,Madness,,platinum
6932,Our Last Song Together,Neil Sedaka,,platinum
7888,Our Lives,The Calling,,platinum
11772,Ours,Taylor Swift,,platinum
0548,Out Here On My Own,Leslie Gore,,platinum
11289,Out Last Night,Kenny Chesney,,platinum
8120,Out Of Control,Hoobastank,,platinum
7344,Out Of Reach,Gabrielle,,platinum
1517,Out Of The Blue,Michael Learns To,,platinum
0691,Outside,George Michael,,platinum
2714,Over And Over,Nana Mouskouri,,platinum
9584,Over And Over,Hale,,platinum
9851,Over And Over,Joey Albert,,platinum
11099,Over It,Katherine McPhee,,platinum
11100,Over My Head,The Fray,,platinum
7855,Over Protected,Britney Spears,,platinum
44604,Over You,Daughtry,,platinum
8935,Overdrive,Eraserheads,,platinum
8040,Overjoyed,Sharon Cuneta,,platinum
8306,Overload,Sugababes,,platinum
0939,Owner Of A Lonely Heart,Yes,,platinum
6303,Oye Como Va,Santana,,platinum
1163,P. S. I Love You,Sharon Cuneta,,platinum
11619,P.A. Roadie Fernandez,Tanya Markova,,platinum
44323,P.I.M.P.,50 Cent,,platinum
9641,Paalam,Faith Cuneta,,platinum
1602,Paalam Na,Rachel Alejandro,,platinum
7742,Paalam Sinta,Nikki Vargas,,platinum
11401,Paano,Letter Day Story,,platinum
11643,Paano,Jovit Baldivino,,platinum
8580,Paano,Shamrock,,platinum
9521,Paano,Kris Lawrence,,platinum
9564,Paano,Manibela,,platinum
4970,Paano Ang Puso Ko,April Boy,,platinum
0142,Paano Ba Aaminin,Jessa Zaragoza,,platinum
1186,Paano Ba Ang Mangarap,Pilita Corales,,platinum
1387,Paano Ba Kita Malilimutan,Marilyn Reynes,,platinum
6137,Paano Kaya,Jessa Zaragoza,,platinum
9513,Paano Kita libigin,Piolo Pascual &,,platinum
6829,Paano Kita Malilimot,Ric Manrique,,platinum
5193,Paano Kita Malilimutan,Yolly Samson,,platinum
1191,Paano Kita Mapasasalamatan,Kuh Ledesma,,platinum
9642,Paano Maibabalik Ang Kahapon,Jed Madela,,platinum
7743,Paano Makakasiguro,Lovely Mesina,,platinum
5194,Paano Na Ang Aking Puso,Renz Verano,,platinum
11841,Paano Na Ang Puso Ko,Bugoy Drilon,,platinum
7744,Paano Na Ba,Roxy,,platinum
9431,Paano Na Kaya,Bugoy,,platinum
11507,Paasa,All For Patricia,,platinum
11443,Pack Up,Eliza Doolittle,,platinum
7745,Padjakero,Jojit Pelaez,,platinum
7628,Paepek Epek,Joey De Leon,,platinum
7746,Pag Nag-lisa,Philip Kolin,,platinum
5311,Pag Nananalo Ang Ginebra,Gary Granada,,platinum
9627,Pag Tumatagal Lalong Tumitibay,Decadas,,platinum
8849,Pag-Alis,Barbie Almalbis,,platinum
11243,Pagbabalik,Lolita Cabron,,platinum
9031,Pagbabalik Ng Kwago,Kapatid,,platinum
9085,Pagbigyan Ang Puso,Karylle & Jerome,,platinum
8608,Pagbigyan Mo,Big 3 Sullivans,,platinum
7889,Pagbigyang Muli,Eric Santos,,platinum
5513,Pagdating Ng Panahon,Aiza Seguerra,,platinum
8482,Paghahandog,Praise Song,,platinum
8740,Paghigugma,Visayan Song,,platinum
11777,Pag-Ibig,Yeng Constantino,,platinum
8781,Pag-Ibig,Apo Hiking Society,,platinum
8148,Pag-Ibig Ko Sana'y Mapansin,Faith Cuneta,,platinum
0116,Pag-Ibig Ko Sayo'y Di Magbabago,Men Oppose,,platinum
1055,Pag-Ibig Kong Litong-Lito,April Boys,,platinum
1359,Pag-Ibig Ko'y Iba,Cinderella,,platinum
8179,Pag-Ibig Ko'y Pansinin,Sexballs,,platinum
0312,Pag-Ibig Mo,April Boy Regino,,platinum
7790,Pag-Ibig Mo Pala,Aiza Seguerra,,platinum
1492,Pag-Ibig Na Sana,Roselle & Tony,,platinum
11204,Pag-ibig Na Tunay,Julie Anne San Jose,,platinum
0130,Pag-Ibig Na Walang Dangal,Eva Eugenio,,platinum
9715,Pag-Ibig Sa Tag-Araw,Beth Del Rosario,,platinum
6138,Pagkagat Ng Dilim,Didith Reyes,,platinum
0325,Pagkakataon,Ogie Alcasid,,platinum
11538,Pagkakataon,Shamrock Feat.,,platinum
1802,Pagkat Wala Ka Na,Lloyd Umali,,platinum
8741,Paglaum,Visayan Song,,platinum
7424,Paglisan,Color It Red,,platinum
9346,Paglisan,Jericho Rosales,,platinum
4971,Pagmamahal,Miles,,platinum
1110,Pagsubok,Orient Pearl,,platinum
8947,Pagsure Oi,Agipo,,platinum
0109,Pagtawid,After Image,,platinum
5840,Pag-Utlan,Visayan Song,,platinum
5999,Paikot-Ikot,Randy Santiago,,platinum
9716,Pain,Martin Nievera,,platinum
1111,Pain In My Heart,Ella Mae Saison,,platinum
0013,Paint It Black,Rolling Stones,,platinum
3228,Paint My Love,Michael Learns To,,platinum
6883,Paki Sabi Lang,Ivy Violan,,platinum
8982,Pakikay,Joey De Leon,,platinum
6677,Pakinggan Mo,Sarah Geronimo,,platinum
1468,Pakisabi Na Lang,The Company,,platinum
6701,Pakisabi Na Lang,Aiza Seguerra,,platinum
7581,Pakita Mo,Vst & Co.,,platinum
6493,Pakiusap,Donna Cruz,,platinum
8965,Pakiusap,Acel,,platinum
11414,Pakiusap Lang Lasingin Nyo Ako,Parokya Ni Edgar,,platinum
6757,Pakyut,Joey De Leon,,platinum
6710,Palagay Ko Mahal Kita,Aiza Seguerra,,platinum
7791,Palaging Luhaan,,,platinum
8805,Palagot Sa Kontra,(Phylum)Bis-Rock,,platinum
5465,Palayain Mo Ako,Yamani,,platinum
6494,Paligaw-Ligaw Tingin,Ashley Imler,,platinum
2692,Paloma Blanca,George Baker,,platinum
9086,Pambihira,Francis M.,,platinum
7564,Pamela Wan,Vhong Navarro,,platinum
1081,Paminsan-Minsan,Raymond Lauchengco,,platinum
1271,Pamulinawen,Ilocano Folk Song,,platinum
11605,Panaginip,Noel Cabangon,,platinum
8518,Panaginip,Crazy As Pinoys,,platinum
6306,Panahon,Juan Dela Cruz,,platinum
5696,Panahon Na Naman,Rivermaya,,platinum
1048,Panalangin,Apo Hiking Society,,platinum
8506,Panalangin,Moonstar 88,,platinum
8160,Panalangin Sa Paglilingkod,Keynotes Chorale,,platinum
11029,Pananagutan,Bugoy Drilon,,platinum
8332,Pandesal,Viva Hot Men,,platinum
3230,Pang Habang-Buhay,Jessa Zaragoza,,platinum
0302,Pangako,The Flippers,,platinum
11402,Pangako,Cueshe,,platinum
11790,Pangako,Kindred Garden,,platinum
5196,Pangako,Rey Valera,,platinum
5635,Pangako,Regine Velasquez,,platinum
6758,Pangako Ko,Ogie Alcasid,,platinum
7747,Pangako Ko'y Di Kukupas,Bing Rodrigo,,platinum
9717,Pangako Sa'yo,Sharon Cuneta,,platinum
8999,Pangako Yan,Luke Mejares,,platinum
1388,Pangandoy,Visayan Song,,platinum
6603,Pangandoy,Al Comendador,,platinum
5636,Pangarap,Cinderella,,platinum
8186,Pangarap,Sexbomb,,platinum
8573,Pangarap,Yeng Constantino,,platinum
8818,Pangarap,Totoy Bato,,platinum
6822,Pangarap Ka,Geneva Cruz,,platinum
8256,Pangarap Ka,Karel Marquez,,platinum
6604,Pangarap Ko Ang Ibigin Ka,Regine Velasquez,,platinum
11520,Pangarap Lang Kita,Parokya Ni Edgar Ft,,platinum
11244,Pangarap Na Bituin,Sharon Cuneta,,platinum
6605,Pangarap Na Bituin,Regine Velasquez,,platinum
6141,Panggaon Ko Ikaw,Visayan Song,,platinum
8742,Pangutana,Visayan Song,,platinum
0143,Pano Kaya,Jessa Zaragoza,,platinum
9718,Pa'no Kaya,Ella Mae Saison,,platinum
8743,Panumpa,Visayan Song,,platinum
6606,Panunumpa,Carol Banawa,,platinum
2661,Papa,Paul Anka,,platinum
8443,Papa Cologne,Parokya Ni Edgar,,platinum
3569,Papa Don't Preach,Madonna,,platinum
6953,Papa Ka Ba,Dj Alvaro,,platinum
44853,Paparazzi,Lady Gaga,,platinum
0941,Papa's Got A Brand New Bag,James Brown,,platinum
0429,Paper Back Writer,The Beatles,,platinum
11011,Paper Gangsta,Lady Gaga,,platinum
11323,Paper Planes,M.I.A.,,platinum
2613,Paper Roses,Spielman,,platinum
7890,Papercut,Linkin Park,,platinum
8920,Papilit,Bisrock,,platinum
7643,Papromise Promise,April Boys,,platinum
9514,Para Hindi Ka Mawala,Rico Blanco,,platinum
7748,Para Lang Sa 'Yo,Edmon Tumana,,platinum
8948,Para Lang Sa'yo,Aiza Seguerra,,platinum
1082,Para Sa 'Yo,Prettier Than Pink,,platinum
8412,Para Sa Akin,Sitti,,platinum
8938,Para Sa Akin Ay Ikaw,Willie Revillame,,platinum
3231,Para Sa Masa,Eraser Heads,,platinum
8392,Para Sa'yo,Manny Pacquiao,,platinum
9088,Para Sa'yo,Parokya Ni Edgar,,platinum
11706,Paradise,Coldplay,,platinum
0899,Paradise City,Guns N' Roses,,platinum
8181,Paraiso,Smokey Mountain,,platinum
11229,Paralyzer,Finger Eleven,,platinum
1805,Parang Ayoko Na Yata,Parokya Ni Edgar,,platinum
1389,Parang Baliw,Sharon Cuneta,,platinum
7749,Parang Boomerang,Blazing Star,,platinum
11042,Parang Si Ely Buendia,Soapdish,,platinum
4685,Paranoid,Black Sabbath,,platinum
4686,Pardon Me Sir,Joe Cocker,,platinum
1390,Pare Ko,Eraserheads,,platinum
9747,Paris,Chicosci,,platinum
0525,Part Of Your Wold,Little Mermaid,,platinum
8201,Part Time Lover,Stevie Wonder,,platinum
0234,Parting Time,Rockstar,,platinum
44889,Party In The U.S.A.,Miley Cyrus,,platinum
44668,Party People,Nelly Feat. Fergie,,platinum
11824,Party Rock Anthem,LMFAO,,platinum
8625,Pasan,Callalily,,platinum
8094,Pasaway,J. Brothers,,platinum
9343,Pasaway,Cambio,,platinum
8744,Pasayawa Ko Day,Milyonaryo,,platinum
5015,Pasayloa Kon Ugaling,Visayan,,platinum
5197,Pasayloa Ug Hikalimti,Visayan Song,,platinum
5900,Pasensya Na,Mike Hanopol,,platinum
8629,Pasensya Na,Cueshe,,platinum
7052,Pasko Ang Araw Ng Pag-Ibig,Siakol,,platinum
1464,Pasko Na Naman,Janet Basco,,platinum
0604,Pasko Na Sinta Ko,Gary Valenciano,,platinum
1083,Pasko Na Wala Ka Pa,R. Cortez,,platinum
9719,Pasko Na, Pasko Na,Noel Cabangon,,platinum
8929,Pasko Ng Mahirap,Sandugo,,platinum
8930,Pasko Para Sa Lahat,Allstar,,platinum
6988,Pasko Sa Puso Ko,Jeremiah,,platinum
6607,Passenger Seat,Stephen Speaks,,platinum
8023,Past Christmas,Nelson Del Castillo,,platinum
9032,Pasubali,Spongecola,,platinum
0327,Pasulyap-Sulyap,Geleen Guevarra,,platinum
8121,Pasumpa Sumpa,Milyo Naryo,,platinum
9447,Pataasan Ng WeeWee,Itchyworms,,platinum
7750,Patawad Baby,Ariel Rivera,,platinum
6496,Patawarin Mo,Rockstar 2,,platinum
8994,Patcha,Mocha,,platinum
6989,Patience,Guns & Roses,,platinum
9959,Patience,Take That,,platinum
11503,Patuloy Ang Pangarap,Angeline Quinto,,platinum
9748,Patuloy Pa Rin,Yasmien Kurdi,,platinum
11529,Patunayan,Silent Sanctuary,,platinum
9426,Patunayan Mo,Sheryn Regis,,platinum
5842,Paulit-Ulit,April Boys,,platinum
7891,Paulit-Ulit,Danica Sotto,,platinum
11632,Pawiin,B.B.S. Feat Kian Cipriano,,platinum
9364,Payong (Umbrella),Tagalog,,platinum
15021,Payphone,Maroon 5 ft Wiz Khalifa,,platinum
6308,Peace Of Mind,Boston,,platinum
11471,Peacock,Katy Perry,,platinum
4689,Peanut Butter,Traditional,,platinum
1391,Pearly Shells,Various Artists,,platinum
3570,Peg,Steely Dan,,platinum
4690,Peggy Sue,Buddy Holly,,platinum
5735,Pekeng Dalaga,Porkchop,,platinum
6000,Peksman,Siakol,,platinum
9259,Peng Yu,Kim Chiu Ft. Mymp,,platinum
9409,Penge Naman Ako Niyan,Itcyworms,,platinum
7892,Penny And Me,Hanson,,platinum
2953,Penny Lane,The Beatles,,platinum
3572,Penny Royal Tea,Nirvana,,platinum
11284,People Are Crazy,Billy Currington,,platinum
0514,People Are Strange,Doors,,platinum
0778,People In Neighbor,Bob,,platinum
44325,People Like Us,Aaron Tippin,,platinum
6001,Pepito Pepito,Various Artist,,platinum
11519,Pera Pera,Sandwich,,platinum
3232,Perfect,True Faith,,platinum
4692,Perfect,Alanis Morissette,,platinum
7088,Perfect,Simple Plan,,platinum
6608,Perfect Moment,Martin Mccuthheon,,platinum
11459,Perfect Nightmare,Shontelle,,platinum
9014,Perfect World,Toni Gonzaga,,platinum
3030,Perfidia,Julio Iglesias,,platinum
0900,Perhaps Love,John Denver,,platinum
9515,Permanent Monday,Jordin Sparks,,platinum
1392,Pers Lab,Hot Dog,,platinum
5312,Philippines Geography,Yoyoy Villame,,platinum
44849,Phonography,Britney Spears,,platinum
11073,Photograph,Nickelback,,platinum
11428,Photograph,Ariel Rivera,,platinum
9776,Photograph,Paolo Santos,,platinum
6474,Photographs And Memories,Jim Croce,,platinum
7971,Physical,Olivia Newton-John,,platinum
8931,Piano In The Dark,Brenda Russel,,platinum
0849,Piano Man,Billy Joel,,platinum
4697,Picasso's Last Words,Paul Mccartney,,platinum
7659,Picha Pie,Parokya Ni Edgar,,platinum
4282,Picture Of You,Boyzone,,platinum
11051,Picture Picture,Tanya Markova,,platinum
11298,Picture To Burn,Taylor Swift,,platinum
5428,Pictured Life,Scorpions,,platinum
44633,Piece Of Me,Britney Spears,,platinum
8002,Pieces Of Me,Ashly Simpson,,platinum
8801,Pilit,Hilera,,platinum
8144,Pinakamagandang Lalaki,Janno Gibbs,,platinum
6609,Pinakamamahal,Louie Heredia,,platinum
7412,Pinakamamahal,Aiza Seguerra,,platinum
3233,Pinakamamahal Kita,April Boy Regino,,platinum
0947,Pinball Wizard,Elton John,,platinum
6678,Pink,Aerosmith,,platinum
7792,Pink Palaka,Andrew E.,,platinum
8995,Pinoti,Mantequilla,,platinum
5112,Pinoy,Freddie Aguilar,,platinum
8237,Pinoy Ako,Orange And Lemons,,platinum
8056,Pinoy Folk Medley,Various Artist,,platinum
8850,Pintig Ng Puso,Yasmien Kurdi,,platinum
8550,Pintura,Kjwan,,platinum
6309,Piper,Abba,,platinum
1270,Pira-Pirasong Alaala,Rey Valera,,platinum
9381,Pitong Araw,Hale,,platinum
5313,Pitong Gatang,Fred Panopio,,platinum
7425,Pito-Pito,Willie Revillame,,platinum
5198,Pizza Pie,Parokya Ni Edgar,,platinum
6310,Planet Caravan,Black Sabbath,,platinum
6708,Play,Jennifer Lopez,,platinum
44749,Play My Music,Jonas Brothers,,platinum
3576,Play That Funky Music,Wild Cherries,,platinum
9488,Played,Sarah Geronimo,,platinum
2917,Playground In My Mind,Ray Conniff,,platinum
4337,Please Be Careful With My Heart,Jose Mari Chan,,platinum
0270,Please Be Good To Me,Menudo,,platinum
9758,Please Don't Leave Me,Pink,,platinum
11342,Please Don't Stop The Rain,James Morrison,,platinum
5274,Please Don't Ask Me,John Famham,,platinum
3396,Please Don't Go,Kc And Sunshine,,platinum
44298,Please Don't Go,Rick Astley,,platinum
11460,Please Don't Let Me Go,Olly Murs,,platinum
11760,Please Don't Stop Remembering,Randy Edelman,,platinum
1131,Please Don't Throw,Martin Nievera,,platinum
4013,Please Forgive Me,Bryan Adams,,platinum
3550,Please Mr. Postman,Carpenters,,platinum
9479,Please Naman,Cueshe,,platinum
0430,Please Please Me,Beatles,,platinum
9869,Please, Don't Touch My Birdie,Parokya Ni Edgar,,platinum
8086,Plush,S.T.P.,,platinum
9015,Pobre,Mantequilla,,platinum
1235,Pobreng Alindahaw,Melinda Veloso,,platinum
44630,Pocketful Of Sunshine,Natasha Bedingfield,,platinum
8103,Points Of View,Joey Albert,,platinum
11431,Poison,Nicole Scherzinger,,platinum
9912,Poison,Alice Cooper,,platinum
9653,Poker Face,Lady Gaga,,platinum
0750,Poor Boy,Elvis Presley,,platinum
6312,Poor Little Fool,Ricky Nelson,,platinum
0901,Poor Man's Moody Blues,B.J. Harvest,,platinum
6521,Pop,N'Sync,,platinum
4018,Pop Goes The Weasel,Various,,platinum
11283,Poppin My Collar,Three 6 Mafia,,platinum
11496,Porque,Maldita,,platinum
11498,Porque (Full Tagalog),Maldita,,platinum
1631,Portrait Of My Love,Matt Monroe,,platinum
8408,Posible,Rivermaya,,platinum
5314,Postcards From Heaven,Lighthouse Family,,platinum
1112,Pothograph,Ariel Rivera,,platinum
6314,Power Of Love,Huey Lewis,,platinum
9881,Power Of The Dream,Toni Gonzaga,,platinum
7413,Power Of Two,Aiza Seguerra,,platinum
4703,Praise You Father,Gospel,,platinum
9401,Praning,Sino Sikat,,platinum
11477,Pray,Justine Bieber,,platinum
4234,Praying For Time,George Michael,,platinum
3235,Presence Of The Lord,Eric Clapton,,platinum
7582,Pretend That I Don't Love You,Cookie Chua,,platinum
6610,Pretty Baby,Vanessa Carlton,,platinum
5200,Pretty Boy,M2M,,platinum
6885,Pretty Fly,Offspring,,platinum
11801,Pretty Girls,Iyaz Ft. Travie Mccoy,,platinum
6142,Pretty Little Baby,Sexbomb Girls,,platinum
3577,Pretty Paper,Roy Orbison,,platinum
8424,Pretty Vegas,Inxs,,platinum
11287,Pretty Wings,Maxwell,,platinum
3236,Pretty Woman,Roy Orbison,,platinum
11541,Price Tag,Jessie J Ft B.O.B,,platinum
4235,Pride,U2,,platinum
9911,Prince Charming,Adam And The Ants,,platinum
1272,Princesa,Apo,,platinum
9310,Princesa,Itchyworms,,platinum
11704,Princess Of China,Coldplay Ft. Rihanna,,platinum
5638,Prinsesa,The Teeth,,platinum
8544,Prinsipal,Visayan Song,,platinum
0903,Private Dancer,Tina Turner,,platinum
44418,Private Emotion,Ricky Martin,,platinum
3237,Private Number,Isaac Hayes,,platinum
8851,Probinsyana,Bamboo,,platinum
5111,Problema,Freddie Aguilar,,platinum
11553,Problemang Puso,Jude Michael,,platinum
9295,Procastinator,Sandwich,,platinum
6143,Project,Juan Dela Cruz,,platinum
11282,Prom Queen,Lil Wayne,,platinum
0619,Promise Me,Beverly Craven,,platinum
6144,Promise Me,J. Brothers,,platinum
1032,Promises,Basia,,platinum
2614,Proud Mary,Creedence C. Revival,,platinum
3578,Puff The Magic Dragon,Peter Paul & Mary,,platinum
3579,Pulling Teeth,Green Day,,platinum
0110,Pumapatak Ang Ulan,Apo Hiking Society,,platinum
11314,Pump It,Black Eyed Peas,,platinum
1573,Pump Up The Jam,Technotronic,,platinum
1394,Punch And Judy,Cascades,,platinum
4236,Punky Reggae Party,Bob Marley,,platinum
2809,Puppy Love,Paul Anka,,platinum
3580,Purple Haze,Jimi Hendrix,,platinum
0904,Purple Rain,Prince,,platinum
5315,Push,Matchbox 20,,platinum
11306,Push It To The Limit,High School Musical 2,,platinum
8284,Push The Button,Sugababes,,platinum
9423,Puso,Spongecola,,platinum
11641,Pusong Bato,Aimee Torres,,platinum
11028,Pusong Ligaw,Jericho Rosales,,platinum
7811,Pusong Nalungkot,Sagisag,,platinum
5843,Pusong Salawahan,Mystica,,platinum
0562,Pussywillows Cattails,Kenny Rankin,,platinum
11299,Put A Girl In It,Brooks And Dunn,,platinum
4706,Put It Off Until Tomorrow,Dolly Parton,,platinum
4707,Put It There,Paul Mccartney,,platinum
3581,Put Your Hand In Hand,Anne Murray,,platinum
0479,Put Your Head On My Shoulder,Paul Anka,,platinum
8425,Put Your Records On,Corinne Baely Rae,,platinum
11037,Putik,Sandwich,,platinum
7584,Pwede Ba,Vst And Co.,,platinum
8442,Pwede Ba,Soapdish,,platinum
7583,Pwede Ba Malaman Mo,Lito Camo,,platinum
8559,Pwet Mo'y Ang Laki,Joey De Leon,,platinum
11023,Pyramid,Charice ft Sean,,platinum
11143,Pyromania,Cascada,,platinum
6544,Qing Fei Di Yi,F4,,platinum
1636,Quando Quando Quando,Engelbert Humperdinck,,platinum
8287,Quando Quando Quando,Michael Buble' And,,platinum
5515,Queen Of Hollywood,The Corrs,,platinum
6707,Queen Of My Heart,Westlife,,platinum
7460,Question Of Faith,Lighthouse Family,,platinum
11690,Questions,Bamboo,,platinum
4352,Quit Playing Games With My Heart,Backstreet Boys,,platinum
6449,Quizas,Oswaldo Farres,,platinum
44254,R.E.S.P.E.C.T.,Arenthe Franklin,,platinum
5516,Radio,The Corrs,,platinum
0572,Radio Ga Ga,Queen,,platinum
8745,Ragsak,Ilocano Song,,platinum
0096,Rain,Donna Cruz,,platinum
8598,Rain,Jose Feliciano,,platinum
2617,Rain And Tears,Aphrodite's Child,,platinum
44776,Rain On Your Parade,Duffy,,platinum
11819,Rain Over Me,Pitbull Ft. Marc,,platinum
7707,Rainbow,South Border,,platinum
9505,Rainbow Colored Skies,Freestyle,,platinum
0779,Rainbow Connection,Dana Vallery,,platinum
2616,Raindrops Keep Falling On My Head,Bj Thomas,,platinum
6316,Raining In My Heart,Leo Slayer,,platinum
1714,Rainy Days And Mondays,Carpenters,,platinum
9369,Rakenrol,Marcus Highway,,platinum
3583,Rape Me,Nirvana,,platinum
0907,Raspberry Beret,Prince,,platinum
6317,Rasputin,Boney M,,platinum
7125,Ratratin,Masculados,,platinum
4708,Rave On,Buddy Holly,,platinum
7519,Ray Of Light,Madonna,,platinum
3584,Reach,Gloria Estefan,,platinum
9563,Reach For The Sky,Sarah Geronimo,,platinum
0454,Reach Out I'll Be There,Gloria Gaynor,,platinum
0174,Reachin' Out,Gary Valenciano,,platinum
2722,Reaching Out,Bee Gees,,platinum
6885,Ready To Run,Dixie Chicks,,platinum
1603,Ready To Take..,Barry Manilow,,platinum
9749,Real Girl,Mutya Buena,,platinum
3585,Real Love,Jodi Wayne,,platinum
4710,Real Real Real,Jesus Jones,,platinum
2615,Reality,Richard Sanderson,,platinum
44621,Realize,Colbie Caillat,,platinum
8607,Reasons,Earth Wind And Fire,,platinum
0931,Rebel Yell,Billy Idol,,platinum
9033,Rebound,Silent Sanctuary,,platinum
11205,Red Heaven,General Luna,,platinum
3588,Red Rubber Ball,The Seekers,,platinum
0908,Reelin' In The Years,Steely Dan,,platinum
5316,Reflection,Christina Aguilera,,platinum
4038,Reflections Of My Life,Marmalade,,platinum
1396,Refrain,Jose Mari Chan,,platinum
11595,Regal,Spongecola,,platinum
8966,Reggae Fever,Brownman Revival,,platinum
6990,Reggae Medley,Various Artist,,platinum
0661,Regrets,Fra Lippo Lippi,,platinum
44720,Rehab,Rihanna,,platinum
9238,Rehab,Amy Winehouse,,platinum
7913,Relax,Frankie Goes,,platinum
11163,Release Me,Agnes,,platinum
2887,Release Me,Wilson & Philips,,platinum
5095,Release Me,Engelbert Humperdinck,,platinum
7662,Remember I Love You,Vic Zhou,,platinum
0313,Remember Me,Renz Verano,,platinum
3240,Remember Me This Way,Jordan Hill,,platinum
11551,Remenis,Rivermaya,,platinum
9016,Reminiscing,Little River Band,,platinum
8000,Renz Verano Medley,Renz Verano,,platinum
11074,Replay,Iyaz,,platinum
11417,Reset,Charice,,platinum
3241,Respect Yourself,Isaac Hayes,,platinum
5845,Return To Innocence,Enigma,,platinum
1684,Return To Sender,Elvis Presley,,platinum
7049,Reunited,Peaches And Herbs,,platinum
44827,Revelry,Kings Of Leon,,platinum
3590,Revolution,The Beatles,,platinum
11133,Rewind,Paolo Nutini,,platinum
6991,Rey Valera Medley,Rey Valera,,platinum
8936,Reyna Ng Quezon City,Juana,,platinum
4045,Rhiannon,Fleetwood Mac,,platinum
2913,Rhinestone Cowboy,Glenn Campbell,,platinum
44101,Rhythm Divine,Enrique Iglesias,,platinum
1397,Rhythm Of The Rain,Cascades,,platinum
8535,Rich Girl,Gwen Stefani,,platinum
11315,Ride,Martina McBride,,platinum
0569,Ride Like The Wind,Christopher Cross,,platinum
3592,Riders On The Storm,Doors,,platinum
3242,Ridin' On A Railroad,James Taylor,,platinum
1604,Right Here,S.W.V.,,platinum
2677,Right Here Waiting,Richard Marx,,platinum
9523,"Right Here, Right Now",High School Musical 3,,platinum
9648,Right Now Na Na,Akon,,platinum
44797,Right Round,Flo Rida & Keisha,,platinum
11822,Right There,Nicole Scherzinger ft,,platinum
44346,Right Thurr,Chingy,,platinum
3594,Right Time,The Corrs,,platinum
3593,Rikki Don't Lose That Number,Steely Dan,,platinum
4713,Ring Around The Rosy,Traditional,,platinum
11272,Ring The Alarm,Beyonce',,platinum
5546,Rio,Duran Duran,,platinum
1033,Rip It Up,Elvis Presley,,platinum
4714,River Of Dreams,,,platinum
11319,River Of Love,George Strait,,platinum
0906,Rivers Of Babylon,Bonnie M.,,platinum
7942,Road Trippin',Red Hot Chili Peppers,,platinum
6319,Roadhouse Blues,The Doors,,platinum
9472,Rocabolic,Rochelle Pangilinan,,platinum
1605,Rock Around The Clock,Bill Haley,,platinum
1298,Rock Baby Rock,Vst & Co.,,platinum
6886,Rock DJ,Robbie Williams,,platinum
6320,Rock Me,Abba,,platinum
4716,Rock Me My Baby,Buddy Holly,,platinum
4715,Rock 'N Me,Steve Miller,,platinum
9506,Rock N Rolling,Willie Revillame,,platinum
4717,Rock Show,Paul McCartney,,platinum
8569,Rock Steady,All Saints,,platinum
11336,Rock That Body,Black Eyed Peas,,platinum
4718,Rock The Boat,Hues Corporation,,platinum
0683,Rock With You,Michael Jackson,,platinum
44131,Rock Your Body,Justin Timberlake,,platinum
3596,Rocket Man,Elton John,,platinum
11513,Rocketeer,Far East Movement,,platinum
0601,Rockin' Around The Christmas Tree,Christmas Song,,platinum
9987,Rockstar,Nickelback,,platinum
4722,Roller Coaster,B*Witched,,platinum
11509,Rolling In The Deep,Adele,,platinum
0199,Romeo And Juliet,Dire Strait,,platinum
6322,Ronnie,Four Seasons,,platinum
3599,Roof Garden,Al Jarreau,,platinum
6323,Room With A View,Tony Carey,,platinum
4976,Rosalinda,Thalia,,platinum
1450,Rosanna,Toto,,platinum
3601,Rose Garden,Lynn Anderson,,platinum
6887,Rosemary Blue,Neil Sedaka,,platinum
1653,Roses Are Red,Bobby Vinton,,platinum
6679,Roses Are Red,Aqua,,platinum
8603,Round And Roud,Spandau Ballet,,platinum
6324,Round And Round,Perry Como,,platinum
44218,Round Round,Sugababes,,platinum
1398,Row Row Row Your Boat,,,platinum
0001,Roxanne,Police,,platinum
0780,Rubber Duckie,Ernie,,platinum
9931,Ruby,Kaiser Chiefs,,platinum
6326,Ruby Tuesday,Rolling Stones,,platinum
3602,"Ruby, Don't Take Your",Elvis Presley,,platinum
11548,Rude Boy,Rihanna,,platinum
1456,Rudolph The Red Nose Reindeer,Various,,platinum
9384,Rule No. 1 (Wag Kang Aamin),Overtone,,platinum
4723,Rumor Has It,Reba Mcentire,,platinum
11958,Rumour Has It,Adele,,platinum
44753,Run,Leona Lewis,,platinum
44489,Run Around Sue,Dion And The,,platinum
11124,Run Devil Run,Girls Generation,,platinum
6328,Run For Your Life,The Beatles,,platinum
44742,Run It,Chris Brown,,platinum
6888,Run Samson Run,Neil Sedaka,,platinum
11623,Run The World (Girls),Beyonce,,platinum
0551,Run To Me,Bee Gees,,platinum
0507,Run To You,Whitney Houston,,platinum
11488,Run To You,Regine Velasquez,,platinum
2893,Runaway,Del Shannon,,platinum
4370,Runaway,The Corrs,,platinum
6327,Runaway,Bon Jovi,,platinum
9232,Runaway,Avril Lavigne,,platinum
3603,Runaway Train,Soul Asylum,,platinum
44374,Running Away,Hoobastank,,platinum
4725,Rush,Paula Abdul,,platinum
4054,Russian,Sting,,platinum
11017,Russian Roulette,Rihanna,,platinum
3591,Ryhtm Of The Night,Corona,,platinum
11521,S & M,Rihanna,,platinum
11269,S.O.S.,Jonas Brothers,,platinum
2675,S.O.S.,Abba,,platinum
5920,Sa 'Yo Lamang,Joey Albert,,platinum
9750,Sa Akin Lang Sana,Yasmien Kurdi,,platinum
1041,Sa Aking Daigdig,Sharon Cuneta,,platinum
9365,Sa Aking Mundo (Dyesebel OST),Julie Ann San Jose,,platinum
6611,Sa Aking Pag-lisa,Regine Velasquez,,platinum
8483,Sa Aking Panaginip,Jennylyn Mercado,,platinum
1113,Sa Aking Puso,Ariel Rivera,,platinum
9720,Sa Aking Tabi,Jaya,,platinum
8927,Sa Araw Ng Pasko,Allstar,,platinum
6612,Sa Atin Lang,Angelika,,platinum
1220,Sa Bawat Sandali,Victor Wood,,platinum
7732,Sa Buhay Ko'y Ikaw Lang,Eric Cui,,platinum
8746,Sa Cuyang Pagrumdon,Bicolano Song,,platinum
6834,Sa Diyos Lamang,Sampaguita,,platinum
1185,Sa Hirap At Ginhawa,Sharon Cuneta,,platinum
6811,Sa Isip Ko,Agot Isidro,,platinum
7439,Sa Iyo,Sarah Geronimo,,platinum
7126,Sa Kandungan Mo,Carol Banawa,,platinum
6823,Sa Kanya,Ogie Alcasid,,platinum
9882,Sa Kuko Ng Agila,Freddie Aguilar,,platinum
5517,Sa Langit,Moonstar 88,,platinum
5848,Sa Langit Maghihintay,Larry Miranda,,platinum
5318,Sa Langit Wala Ng Beer,Big Time,,platinum
8747,Sa Lapyahan,Visayan Song,,platinum
8748,Sa Lungsod Sa Buenavista,Visayan Song,,platinum
6004,Sa Mata Makikita,Roel Cortez,,platinum
6475,Sa May Bintana,James Coronel,,platinum
8749,Sa Pangandoy Lang,Visayan Song,,platinum
6005,Sa Pangarap,Vina Morales,,platinum
7751,Sa Paskong Ito,Ariel Rivera,,platinum
1295,Sa Piling Mo,Mabuhay Singers,,platinum
7893,Sa Piling Mo,Regine Velasquez,,platinum
6006,Sa Puso Ko,Ogie Alcasid,,platinum
6498,Sa Puso Ko,Rachel Alejandro,,platinum
7894,Sa Puso Ko,Vina Morales,,platinum
11515,Sa Silid,Slex,,platinum
6830,Sa Sulyap Mo,Ric Manrique,,platinum
7127,Sa Tamang Panahon,Rommel G.,,platinum
7752,Sa Tuwina,Sheila Mae,,platinum
5641,Sa Ugoy Ng Duyan,Jeremiah,,platinum
8751,Sa Una Ug Karon,Visayan Song,,platinum
8750,Sa Unang Pagtan-Aw Ko Sine,Max Surban,,platinum
9355,Sa Wakas (Tuesday Sequel),Rj Jimenez,,platinum
9628,Sa Yahweh Ang Sayaw,Gary Valenciano,,platinum
6009,Sa 'Yo Lamang,Joey Albert,,platinum
9885,Sa 'Yo Lang (Paint My Love),Renz Verano,,platinum
7641,Sa Yong Paglisan,Elaine Lee,,platinum
8752,Saad Sa Gugma,Visayan Song,,platinum
1189,Saan Ako Nagkamali,,,platinum
5117,Saan Ka Man Naroon,Ric Manrique,,platinum
7089,Saan Ka Na Kaya Ngayon,Anna Feigi,,platinum
5697,Saan Na Bang Barkada,Apo Hiking,,platinum
7753,Saan Na Nga Ba,Devine,,platinum
5847,Sabado Nights,Rizal Underground,,platinum
9260,Sabaw,Scrambled Eggs,,platinum
9585,Sabay-Sabay Tayo,Marian Rivera,,platinum
5518,Sabi Mo,Wise Guys,,platinum
5737,Sabi Mo Ako Lamang,Men Oppose,,platinum
9883,Sabi Mo Sa Akin Binata Ka,Mae Rivera,,platinum
6613,Sabi Na Nga Ba,Tootsie Guevarra,,platinum
7663,Sabi Ng Kanta,Aiza,,platinum
5206,Sabi Ng Puso Ko,April Boy,,platinum
8854,Sabihin,Zelle,,platinum
7754,Sabihin Man Nilang Baliw Ako,Laarni Mendoza,,platinum
8439,Sabihin Mo Na,Tops Suzara,,platinum
9400,Sabihin Mo Na,Yeng Constantino,,platinum
5739,Sabik,Imelda Papin,,platinum
6146,Sabik Na Sabik,Razzamanazz,,platinum
6806,Sabik Na Sabik,Gee Girls,,platinum
8753,Sabong Ng Manok,Big 3 Sullivans,,platinum
2832,Sacrifice,Elton John,,platinum
8288,Sacrifice,Tatu,,platinum
7938,Sad But True,Metallica,,platinum
2676,Sad Movies,Lennon Sisters,,platinum
8754,Saging Ug Kapayas Ni Lola,Visayan Song,,platinum
9296,Sagot Kita,6 Cycle Mind,,platinum
7755,Sagutin Mo Na Ko,Willie Revillame,,platinum
0054,Said I Love You But I Lied,Michael Bolton,,platinum
11654,Sailing,Christopher Cross,,platinum
2619,Sailing,Rod Stewart,,platinum
6329,Sailor Moon Theme,,,platinum
7780,Sakaling Mahalin Mo,Rannie Raymundo,,platinum
9215,Sakayan Ng Jeep,Nikki Gil,,platinum
1245,Saksit Ti Langit,Anselmo Pelayre,,platinum
8968,Sala,Pupil,,platinum
0485,Salamat,The Dawn,,platinum
8626,Salamat,Yeng Constantino,,platinum
4978,Salamat Sa Iyo,April Boy Regino,,platinum
4057,Salawahan,Ric Rodrigo,,platinum
7585,Salawikain,Apo Hiking Society,,platinum
9017,Salawikain,Mcoy Of Orange &,,platinum
8755,Salimu-Ang Sa Hubog,Visayan Song,,platinum
9991,Salita,Angulo,,platinum
4726,Sally G.,Paul McCartney,,platinum
4727,Salome,Latino,,platinum
9412,Saludo,6 Cycle Minds,,platinum
6682,Salvation,Cranberries,,platinum
8621,Sama Na,Chilities,,platinum
8756,Sama Sa Usa Ka Damgo,Visayan Song,,platinum
11209,Sama-Sama,Letterday Story,,platinum
11285,Same Girl,R Kelly Ft Usher,,platinum
8199,Same Ground,Kitchie Nadal,,platinum
44821,Same Mistake,James Blunt,,platinum
6848,Same Old Brand New,A1,,platinum
1086,Sampaguita,Traditional,,platinum
2620,San Francisco,Glenn Camble,,platinum
5207,Sana,Ibang Versyon,,platinum
6007,Sana,Kuh Ledesma,,platinum
6614,Sana,Ogie Alcasid,,platinum
8484,Sana,Shamrock,,platinum
8562,Sana,Gagong Rapper,,platinum
9297,Sana,La Famille Dembele,,platinum
1168,Sana Ay Ikaw Na Nga,Zsa Zsa Padilla,,platinum
3244,Sana Ay Ikaw Na Nga,Basil Valdez,,platinum
1087,Sana Ay Mahalin Mo Rin Ako,April Boy,,platinum
0586,Sana Ay Malaman Mo,Ric Segreto,,platinum
6683,Sana Ay Nandito Ka,Regine Velasquez,,platinum
6504,Sana Bukas Mahal Mo Na Ako,Ogie Alcasid,,platinum
1313,Sana Dalawa Ang Puso Ko,Bodjie's Law,,platinum
9524,Sana Di Lang Puro Sana,Aiza Seguerra,,platinum
7129,Sana Do,Andrew E.,,platinum
5919,Sana Ikaw,Piolo Pascual,,platinum
1400,Sana Kahit Minsan,Ariel Rivera,,platinum
9721,Sana Lagi,Jasmine Trias,,platinum
7782,Sana Magbalik,Mannie Mesina,,platinum
7387,Sana Magbuhat Ng Una,Jessa Zaragoza,,platinum
7131,Sana Mama,Masculados,,platinum
9643,Sana Man Lang,Roselle Nava,,platinum
9861,Sana Na Lang,Blue Ketchup,,platinum
1287,Sana Naman,Tricia,,platinum
8585,Sana Naman,Civil Eyes,,platinum
9090,Sana Naman,Session Road,,platinum
1226,Sana Pag-Ibig,Rico J. Puno,,platinum
1367,Sana'y Laging Makapiling,April Boy,,platinum
1133,Sana'y Maulit Muli,Gary V.,,platinum
11766,Sana'y Ako Na Lang,Six Part Invention,,platinum
5849,Sana'y Bigyan Mo Ng Pansin,Mystica,,platinum
5208,Sana'y Di Ko Na Nakita,Carol Banawa,,platinum
9884,Sana'y Dinggin Mo,Mark Bautista,,platinum
6849,Sana'y Dumating Ka Na,Vina Morales,,platinum
5372,Sana'y Kapiling Ka,Jolina Magdangal,,platinum
6833,Sana'y Malaman Mo,Rica Peralejo,,platinum
9852,Sana'y Malaman Mo,OJ Mariano,,platinum
6706,Sana'y Sabihin Mo,Vina Morales,,platinum
1606,Sana'y Wala Nang Wakas,Sharon Cuneta,,platinum
8908,Sanctuary,Callalily,,platinum
8355,Sandalan,6 Cycle Minds,,platinum
9789,Sandali Na Lang,Hale,,platinum
11539,Sandata,Shamrock,,platinum
4238,Sandman,America,,platinum
5320,Sandy,Carpenters,,platinum
0955,Santa Claus Is Coming To Town,Christmas Song,,platinum
0527,Santa Fe,Bon Jovi,,platinum
5741,Sapagkat Kami Ay Tao Lamang,Ric Manrique,,platinum
6008,Sapagkat Mahal Kita,Larry Miranda,,platinum
9091,Sapat Na Ang Minsan,Jennylyn Mercado,,platinum
9565,Sapata Ta Ed Buwan,"Andrew Paulino, Jr.",,platinum
3606,Sara,Steve Nicks,,platinum
9722,Saranggola Sa Ulan,Gary Granada,,platinum
11609,Sari-Saring Kwento,Champ Lui Pio Feat.,,platinum
9723,Sasakay Sa Pangarap,Yeng Constantino,,platinum
7706,Sasakyan Kita,K & The Boxers,,platinum
3607,Satisfaction,Tom Jones,,platinum
4059,Saturday Night,Bay City Rollers,,platinum
9971,Saturday Night,Whigfield,,platinum
5547,Save A Pray,Duran Duran,,platinum
2779,Save The Best For Last,Vanessa Williams,,platinum
2864,Save The Last Dance,De Franco Family,,platinum
8216,Save The Last Dance,Michael Buble,,platinum
7944,Save Tonight,Eagle Eye Cherry,,platinum
11230,Savin' Me,Nickelback,,platinum
2741,Saving All My Love For You,Whitney Houston,,platinum
11231,Say,John Mayer,,platinum
5851,Say A Little Prayer,Diana King,,platinum
11798,Say Hello To Goodbye,Shontelle,,platinum
44685,Say It Again,Natasha Bedingfield,,platinum
11101,Say It Right,Nelly Furtado,,platinum
5778,Say My Name,Destiny's Child,,platinum
8093,Say That You Love Me,Regine Velasquez,,platinum
8224,Say That You Love Me,Martin Nievera,,platinum
9092,Say That You Love Me,Christian Bautista,,platinum
9810,Say That You Love Me,Kyla Feat. Jay-R,,platinum
4730,Say What You Want,,,platinum
9525,Say You Do,The Bloomfields,,platinum
2715,Say You Say Me,Lionel Richie,,platinum
2657,Say You Will,David Liang,,platinum
44306,Say You'll Be Mine,Steps,,platinum
3608,Say You'll Be There,Spice Girls,,platinum
8378,Say You'll Never Go,Neo Colours,,platinum
1782,Sayang,Parokya Ni Edgar,,platinum
8969,Sayang,Moonstar 88,,platinum
9216,Sayang,Stonefree,,platinum
9261,Sayang,Rivermaya,,platinum
8473,Sayang Ang Lahat,True Faith,,platinum
1088,Sayang Na Sayang,Marilyn Reynes,,platinum
6500,Sayang Na Sayang,Aegis,,platinum
11187,Sayang Sayang,Aljur Abrenica,,platinum
8996,Sayaw Darling,Willie Revillame,,platinum
8405,Sayaw Ng Puso,Yvette & Michael Cruz,,platinum
0176,Sa'yo Lamang,Joey Albert,,platinum
6681,Sa'yo Pa Rin,Alex M.,,platinum
8757,Sayri Ako,Visayan Song,,platinum
0066,Scarborough Fair,Simon & Garfunkel,,platinum
3306,School,Supertramp,,platinum
4732,School's Out,Alice Cooper,,platinum
11642,Science And Faith,The Script,,platinum
9924,Scooby Snacks,Fun Loving Criminals,,platinum
8214,Scooter Boy,Mojo Fly,,platinum
7672,Scratch Mo Baby,Marc Logan,,platinum
44721,Scream,Timbaland Ft. Nicole,,platinum
44765,Scream,Troy,,platinum
0910,Sea Of Heartbreak,Poco,,platinum
2622,Sealed With A Kiss,Letterman,,platinum
6615,Season Of Fireworks,F4,,platinum
8895,Season Of Smile,Itchyworms,,platinum
2726,Seasons In The Sun,Westlife,,platinum
11326,Second Chance,Shinedown_,,platinum
1607,Secret,Madonna,,platinum
1621,Secret Love,George Michael,,platinum
11142,Secrets,One Republic,,platinum
11620,See No More,Joe Jonas,,platinum
44652,See You Again,Miley Cyrus,,platinum
1554,See You Later Alligator,Bill Haley,,platinum
7054,Seek And Destroy,Metallica,,platinum
8901,Seksi Seksi,Kamikazee,,platinum
2697,Self Control,Laura Branigan,,platinum
1455,Selfish,The Other Two,,platinum
5785,Selling The Drama,Live,,platinum
1780,Selos,Rico J. Puno,,platinum
9451,Selos,Sandwich,,platinum
7883,Selosa,Andrea,,platinum
5429,Send Me An Angel,Scorpions,,platinum
0293,Send Me Your Pillow,Jolina Magdangal,,platinum
8543,Senior Citizen,Visayan Song,,platinum
44746,Senior Year Spring,High School Musical,,platinum
1978,Sentencia,Javier Solis,,platinum
8970,Senti,Yano,,platinum
9596,Senti,Moonstar 88,,platinum
4735,Sentimental Journey,Doris Day,,platinum
6450,Sentimental Lady,Bob Welch,,platinum
8307,Separate Lives,Phil Collins And Cindy,,platinum
8419,Separate Ways,Journey,,platinum
3245,September,Eart Wind & Fire,,platinum
0663,September Morn',Neil Diamond,,platinum
6331,September Song,Kurt Weil,,platinum
3609,Sergeant Pepper's Lonely Hearts Club Band,Beatles,,platinum
1703,Sesame Street,Joe Raposo,,platinum
11765,Set Fire To The Rain,Adele,,platinum
0579,Set You Free,Side A Band,,platinum
6616,Settling,Tara Mclean,,platinum
2623,Seven Daffodils,The Brothers Four,,platinum
44864,Seventeen Forever,Metro Station,,platinum
4980,Sex Bomb,Tom Jones,,platinum
44828,Sex On Fire,Kings Of Leon,,platinum
4239,Sexual Healing,Marvin Gaye,,platinum
6718,Sexy,French Affair,,platinum
0540,Tell Me,Side A,,platinum
0957,Tell Me That You Love Me,Anne Murray,,platinum
9544,Tell Me That You Love Me,Regine Velasquez,,platinum
0580,Tell Me Where It Hurts,Kati Trocolli,,platinum
2954,Tell Me Why,The Beatles,,platinum
1526,Tell Me Your Name,Jose Mari Chan,,platinum
9994,Tell Me Your Name,Christian Bautista,,platinum
4782,Ten Little Indians,Various,,platinum
11354,Ten Out Of Ten,Paulo Nutini,,platinum
1646,Tender Is The Night,Tony Bennett,,platinum
0684,Tenderly,Various Artist,,platinum
2637,Tennessee Waltz,Patti Page,,platinum
9103,Tensyonado,Soapdish,,platinum
3655,Tequilla Sunrise,Eagles,,platinum
1995,Teresa,Los Yaquis,,platinum
8427,Terminal,Rrupert Holmes,,platinum
11630,Terrified,Katharine Mcphee,,platinum
7388,Thank God I Found You,Mariah Carey,,platinum
5522,Thank You,Dido,,platinum
6687,Thank You,Alanis Morissette,,platinum
1294,Thank You For Loving Me,Janet Basco,,platinum
8863,Thank You For Loving Me,Bon Jovi,,platinum
0263,Thank You For The Music,Abba,,platinum
1116,Thank You Love,Jose Mari Chan,,platinum
0985,Thanks To You,Tyler Collins,,platinum
4785,That Day Is Done,Paul Mccartney,,platinum
6895,That Old Black Magic,Frank Sinatra,,platinum
11564,That Should Be Me,Justin Bieber Ft Rascal,,platinum
3670,That Thing You Do,The Wonders,,platinum
7462,That's When I Love You,Aslyn,,platinum
3656,That'll Be The Day,R. Linda Ronstadt,,platinum
3267,That's Life,Frank Sinatra,,platinum
5469,That's Me,Abba,,platinum
44710,That's Not My Name,The Ting Tings,,platinum
6626,That's The Way (I Like It),Backstreet Boys,,platinum
3657,That's The Way I Like It,Kc And The...,,platinum
6149,That's The Way It Is,Celine Dion,,platinum
0654,That's The Way Love Goes,Janet Jackson,,platinum
0070,That's What Friends Are For,Dionne Warwick,,platinum
11162,That's What You Get,Paramore,,platinum
2862,That's Why They,Call It Blues,,platinum
0958,That's Why You Go,Mtr,,platinum
0720,The Actor,Michael Learns To,,platinum
6150,The Air That I Breathe,Simply Red,,platinum
7357,The Apl Song,Blackeyed Peas,,platinum
8859,The Ballad Of,Hale,,platinum
3652,The Beat Goes On,Sonny & Cher,,platinum
3660,The Best,Tna Turner,,platinum
5373,The Best Of Love,Michael Bolton,,platinum
7907,The Best Of Me,Bryan Adams,,platinum
4110,The Best Of Times,Styx,,platinum
8165,The Bible,Yoyoy Villame,,platinum
7949,The Big Love,Roxette,,platinum
0918,The Boxer,Simon & Garfunkel,,platinum
9762,The Boy Does Nothing,Alesha Dixon,,platinum
4788,The Boy Is Mine,Brandy And Monica,,platinum
3350,The Brady Bunch,Candle Box,,platinum
5524,The Call,Backstreet Boys,,platinum
3367,The Captain Of Her Heart,Double,,platinum
2982,The Ceremony,Wynette & Jones,,platinum
3376,The Chauffuer,Duran Duran,,platinum
7950,The Cheap Seats,Alabama,,platinum
6628,The Cheeky Song,Cheeky Girls,,platinum
1441,The Christmas Song,Christmas Song,,platinum
44834,The Climb,Miley Cirus,,platinum
0798,The Closer I Get To You,R. Flack,,platinum
5864,The Color Of The Night,Lauren Christy,,platinum
4789,The Colour Of My Love,,,platinum
7520,The Day We Caught The Train,Ocean Colour,,platinum
8209,The Day You Said Goodnight,Hale,,platinum
3392,The Devil Went Down To Georgia,Charlie Daniels Band,,platinum
1671,The Diary,Neil Sedaka,,platinum
11714,The Distance,Evan And Jaron,,platinum
6190,The Distance Between Us,Fra Lippo Lippi,,platinum
7521,The Earth, Sun, Rain,Color Me Badd,,platinum
2624,The End,Earl Grant,,platinum
44789,The Fear,Lily Allen,,platinum
9442,The Fight Is Over,Urbandub,,platinum
44103,The Final Countdown,Europe,,platinum
0018,The First Noel,Christmas Song,,platinum
0162,The First Time Ever I Saw Your Face,Roberta Flack,,platinum
0534,The First Time I Loved Forever,Beauty And The Beast,,platinum
11367,The Flood,Take That,,platinum
3000,The Fool On The Hill,The Beatles,,platinum
44163,The Game Of Love,Michelle Branch Ft,,platinum
4791,The Gang That Sang "Hear,,,platinum
7463,The Ghost Of You,Michael Learns To,,platinum
5215,The Gift,Jim Brickman,,platinum
0558,The Gift Of Love,Bette Midler,,platinum
3439,The Girl Is Mine,Michael Jackson,,platinum
11232,The Great Escape,Boys Like Girls,,platinum
4792,The Great Pretender,The Platters,,platinum
9613,The Greatest Day,Kitchie Nadal feat Barbie,,platinum
7844,The Greatest Love Affair,Martin Nievera,,platinum
3026,The Greatest Love Of All,Whitney Houston,,platinum
2572,The Green Green Grass Of Home,Tom Jones,,platinum
2733,The Green Leaves Of Summer,Brothers Four,,platinum
3460,The Headline News,Weird Al,,platinum
0934,The Heart Of Rock And Roll,Huey Lewis,,platinum
5375,The Heat Is On,Glen Frey,,platinum
6022,The Hurt,Kalapana,,platinum
1701,The Icicle Melts,The Cranberries,,platinum
0047,The Impossible Dream,Andy Williams,,platinum
4793,The Joker,Steve Miller,,platinum
4120,The Kid Is Hot Tonite,Lover Boy,,platinum
4121,The Knife,Rockwell,,platinum
5035,The Lady In Red,Chris De Burgh,,platinum
3509,The Lady Is A Tramp,Frank Sinatra,,platinum
5376,The Lady Is A Vamp,Spice Girls,,platinum
11278,The Last Day Of My Life,Phil Vassar,,platinum
11640,The Last Goodbye,David Cook,,platinum
1371,The Last Leaf,The Cascades,,platinum
11157,The Last Of American Girls,Greenday,,platinum
6239,The Last Resort,Eagles,,platinum
3494,The Last Supper,Jesus Christ Superstar,,platinum
4794,The Last Thing On My Mind,Venga Boys,,platinum
9371,The Last Time,Richard Poon,,platinum
2711,The Last Waltz,Englebert Humperdinck,,platinum
11516,The Lazy Song,Bruno Mars,,platinum
0840,The Letter,Box Tops,,platinum
3516,The Lion Sleeps Tonight,The Token,,platinum
44691,The Little Things,Colbie Caillat,,platinum
2706,The Locomotion,Little Eva,,platinum
0761,The Logical Song,Supertramp,,platinum
2951,The Long And Winding Road,The Beatles,,platinum
6247,The Long Run,Eagles,,platinum
5470,The Longest Time,Billy Joel,,platinum
4795,The Look,,,platinum
7522,The Look Of Love,Michelle Branch Feat,,platinum
3523,The Lord's Prayer,,,platinum
8057,The Love Boat,Jack Jones,,platinum
5279,The Love She Found In Me,Michael Johnson,,platinum
3269,The Love You Save,F. Peren,,platinum
7523,The Love You Want,,,platinum
44777,The Loving Kind,Girls Aloud,,platinum
11808,The Man I Was With You,Jimmy Bondoc,,platinum
11774,The Man Who Can't Be Moved,The Script,,platinum
3662,The Man Who Sold The World,Nirvana,,platinum
7437,The Memory Of Him,Denise Laurel,,platinum
7116,The Memory Remains,Metallica,,platinum
0836,The Midnight Special,CCR,,platinum
0260,The Minute Your Gone,Harry Ventura,,platinum
1506,The Moment Of Truth,Survivor,,platinum
44858,The More Boys I Meet,Carrie Underwood,,platinum
4124,The More We Get Together,Alice Hooksen,,platinum
0614,The More You Ignore Me,Morrissey,,platinum
1594,The More You Live The More You Love,Flock Of Seagulls,,platinum
8108,The Most Beautiful Girl In The World,Charlie Rich,,platinum
4797,The Most Happy Fella,Play,,platinum
6273,The Most Happy Fella,Frank Loesser,,platinum
4125,The Mulberry Bush,Various,,platinum
1637,The Music Played,Matt Monroe,,platinum
4246,The Name Of The Game,Abba,,platinum
1638,The Nearness Of You,Sheena Easton,,platinum
8223,The Next Best Superstar,Mel C.,,platinum
0694,The Next Time I Fall,Eter Cetera,,platinum
3557,The Night Before,The Beatles,,platinum
6285,The Night Has A Thousand Eyes,Gary Lewis,,platinum
4799,The Old Gray Mare,Various,,platinum
5325,The Old Songs,David Pomeranz,,platinum
3663,The One,Elton John,,platinum
44729,The One,Kylie Minogue,,platinum
5326,The One I Love,Mike Mcklellan,,platinum
8372,The One I Love,Rem,,platinum
11738,The One That Got Away,Katy Perry,,platinum
11685,The One That You Love,Air Supply,,platinum
4801,The One That You Love,Graham Russell,,platinum
9404,The One Who Won My Heart,Christian Bautista,,platinum
2784,The One You Love,Glen Frey,,platinum
11333,The Only Exception,Paramore,,platinum
5471,The Only One,Chicago,,platinum
7524,The Only Thing That,Bryan Adams,,platinum
11838,The Past,Jed Madela,,platinum
6759,The Past,Ray Parker,,platinum
3573,The Phantom Of The Opera,Charles Hart,,platinum
5378,The Power Of Goodbye,Madonna,,platinum
2845,The Power Of Love,Celine Dion,,platinum
6024,The Promise,Martin Nievera,,platinum
6760,The Promise,Plus One,,platinum
9984,The Promise,Girls Aloud,,platinum
4802,The Promise Of A New Day,Peter Lord,,platinum
3383,The Promise You Made,Cock Robin,,platinum
44690,The Quest,Christopher Bryn,,platinum
4803,The Reason,Celine Dion,,platinum
7867,The Reason,Hoobastank,,platinum
0488,The Reason Why,John Farnham,,platinum
4039,The Reflex,Duran Duran,,platinum
8998,The Remedy,Jason Mraz,,platinum
5660,The Right One,Aiza Seguerra,,platinum
6761,The Right Time,The Corrs,,platinum
3665,The River,Bruce Springsteen,,platinum
0734,The River Of Dreams,Billy Joel,,platinum
0204,The River Of No Return,N. Villanueva,,platinum
9940,The Riverboat Song,Ocean Colour,,platinum
0360,The Rose,Bette Midler,,platinum
4129,The Saddest Thing,Melanie Safka,,platinum
6896,The Scientist,Coldplay,,platinum
6799,The Search Is Over,Survivor,,platinum
9421,The Search Is Over,Rachelle Ann Go,,platinum
9752,The Search Is Over,Jed Madela,,platinum
11321,The Seashores Of Old Mexico,George Strait,,platinum
4804,The Second Time Around,Sammy Cahn,,platinum
2963,The Shadow Of Your Smile,Brenda Lee,,platinum
44836,The Shock Of Lightning,Oasis,,platinum
7525,The Shoop Shoop Song,Whitney Houston,,platinum
11161,The Show,Lenka,,platinum
8084,The Show,South Border,,platinum
3616,The Show Must Go On,Queen,,platinum
0228,The Sign,Ace Of Base,,platinum
7464,The Song Of My Soul,Carol Banawa,,platinum
3271,The Soul Cages,Sting,,platinum
2628,The Sound Of Silence,Simon & Garfunkel,,platinum
4807,The Star-Spangled Banner,Francis Scott Key,,platinum
4132,The Stranger,Billy Joel,,platinum
8606,The Sweet Escape,Gwen Stefani,,platinum
0281,The Sweetest Days,Vanessa Williams,,platinum
7985,The Sweetest Thing,U2,,platinum
4133,The Temple Of The King,Rainbow,,platinum
3671,The Thin Ice,Pink Floyd,,platinum
6800,The Things We Never Did,A1,,platinum
6627,The Tide Is High,Atomic Kitten,,platinum
7526,The Tide Is High,Blondie,,platinum
11464,The Time (Dirty Bit),Black Eyed Peas,,platinum
4810,The Turn Of A Friendly Card,Alan Parsons Project,,platinum
4811,The Twelve Days Of Christmas,,,platinum
8217,The Unforgiven,Metallica,,platinum
7860,The Voice Within,Christina Aguilera,,platinum
3689,The Wanderer,Dion,,platinum
11339,The Way I Am,Eminem,,platinum
6897,The Way I Feel,Air Supply,,platinum
3668,The Way It Is,Bruce Hornsby,,platinum
1686,The Way It Used To Be,Englebert Humperdinck,,platinum
44723,The Way That I Love You,Ashanti,,platinum
2638,The Way We Were,Barbra Streisand,,platinum
7861,The Way You Look At Me,Christian Bautista,,platinum
3272,The Way You Look Tonight,Frank Sinatra,,platinum
6025,The Way You Make Me Feel,Ronan Keating,,platinum
4814,The Ways To Love A Man,Billy Sherrill,,platinum
0205,The Wedding,Julie Rogers,,platinum
3710,The Wind Cries Mary,Jimmy Hendrix,,platinum
2785,The Winner Takes It All,Abba,,platinum
0770,The Woman In My Life,The Commodores,,platinum
3718,The Wonder Of You,Elvis Presley,,platinum
5659,The Wonderful Sound,Tom Jones,,platinum
4816,The Word,The Beatles,,platinum
11316,The World,Brad Paisley,,platinum
44367,The World Is Not Enough,Garbage,,platinum
3722,The Year Of The Cat,Al Stewart,,platinum
7411,The Yes Yes Show,Parokya Ni Edgar,,platinum
2782,The Young Ones,Cliff Richard,,platinum
7674,The Zephyr Song,Red Hot Chili Peppers,,platinum
1632,Theme For A Dream,Cliff Richard,,platinum
4817,Theme From New York New Yorkf,Frank Sinatra,,platinum
4820,There Goes My Baby,,,platinum
0700,There Goes My Everything,Engelbert Humperdinck,,platinum
4821,There Is A Mountain,Donovan Leitch,,platinum
7018,There Must Be An Angel,Eurythmics,,platinum
3664,There Must Be An Angels,Eurythmics,,platinum
4320,There She Goes,Sixpence None The,,platinum
4822,There Will Never Be Another,Andy Williams,,platinum
44413,There You Go,Pink,,platinum
8304,There You'll Be,Faith Hill,,platinum
9583,There You'll Be,Nina,,platinum
4823,There'll Be Sad Songs,,,platinum
3013,There's A Kind Of Hush,Herman's Hermit,,platinum
5052,There's A Reason,Cascades,,platinum
44512,There's Always Something There To Remind Me,Lou Johnson,,platinum
6629,There's Your Trouble,Dixie Chicks,,platinum
3390,These Are The Days Of Our Lives,Queen,,platinum
3666,These Boots Are Made For Walking,Nancy Sinatra,,platinum
8335,These Days,Bamboo,,platinum
1696,These Dreams,Heart,,platinum
4824,These Eyes,Guess Who,,platinum
11275,These Hard Times,Matchbox Twenty,,platinum
6318,They Call The Wind Mariah,Kingston Trio,,platinum
11448,Thingking Of Me,Olly Murs,,platinum
6898,Think I'm In Love,Paul Anka,,platinum
8019,Think Of Laura,Christopher Cross,,platinum
3672,Think Of Me,Charles Hart,,platinum
3673,Think Of You,Whigfield,,platinum
4827,Think Twice,Celine Dion,,platinum
11063,Thinking Of You,Katy Perry,,platinum
6899,This Ain't A Love Song,Bon Jovi,,platinum
11288,This Ain't A Scene, Its An Arms Race,Fall Out Boy,,platinum
6353,This Boy,The Beatles,,platinum
4828,This Could Be The Night,Paul Dean,,platinum
7527,This Girl Has Turned Into A Woman,Mary Macgregor,,platinum
6630,This Guy's In Love With You Pare,Parokya Ni Edgar,,platinum
5806,This I Promise You,N Sync,,platinum
44527,This I Swear,Sam Milby,,platinum
11012,This Is It,Michael Jackson,,platinum
44601,This Is Life,Amy Mcdonald,,platinum
9464,This Is Me,Julianne and Miquel,,platinum
9654,This Is Me,Demi Lovato,,platinum
4137,This Is My Night,Chaka Khan,,platinum
5661,This Is My Song,Engelbert Humperdinck,,platinum
6027,This Is Our Song,Code Red,,platinum
7837,This Is The Moment,Erik Santos,,platinum
4829,This Is The Right Time,Lisa Stansfield,,platinum
11816,This Is What Rock N Roll Looks Like,Porcelain Black,,platinum
44473,This Is Where I Came In,Bee Gees,,platinum
11258,This Is Why Im Hot,Mims,,platinum
11405,This Kind Of Silence,Typecast,,platinum
7311,This Kiss,Faith Hill,,platinum
44444,This Land Is Your Land,Traditional,,platinum
0361,This Little Bird,Marianne Faithfull,,platinum
7857,This Love,Maroon 5,,platinum
2639,This Masquerade,Leon Russell,,platinum
0524,This Old Man,Traditional,,platinum
4248,This One's For You,Barry Manilow,,platinum
5865,This Time,Freestyle,,platinum
7528,This Time I Know Is Forever,Howard Houston,,platinum
8502,This Time I'll Be Sweeter,Angela Bofill,,platinum
0693,This Time It's Forever,Eric Brown,,platinum
5803,This Used To Be My Playground,Madonna,,platinum
8858,Thnks Fr Th Mmrs,Fall Out Boy,,platinum
44296,Thoia Thoing,R Kelly,,platinum
2721,Those Were The Days,Mary Hopkins,,platinum
1314,Three Blind Mice,Traditional,,platinum
7919,Three Coins In A Fountain,Frank Sinatra,,platinum
9934,Three Lions (Football's Coming Home),Lightning Seeds,,platinum
3275,Three Little Birds,Bob Marley,,platinum
4831,Three Little Pigs,Traditional,,platinum
6801,Three Ring Circus,Blue Magic,,platinum
0379,Three Times A Lady,Lionel Richie,,platinum
7048,Thriller,Michael Jackson,,platinum
5384,Through It All,Andre Crouch,,platinum
8876,Through The Barricades,Spandau Ballet,,platinum
6900,Through The Rain,Mariah Carey,,platinum
1712,Through The Years,Kenny Rogers,,platinum
11311,Throw Some DS,Rich Boy,,platinum
0721,Thru The Fire,Chaka Khan,,platinum
5774,Thumpthumping,Chumbawamba,,platinum
5761,Thy Word,A.Smith,,platinum
1266,Ti Ayat Ti'maysa,Ilocano Folk Song,,platinum
6631,Ti Li Shi Chyen,F4,,platinum
5746,Tibok Ng Puso,Willie Garte,,platinum
3659,Ticket To Ride,The Beatles,,platinum
11301,Ticks,Brad Paisley,,platinum
0007,Tie A Yellow Ribbon Round The Old Oak Tree,Tony Orlando,,platinum
5379,Tien Mee Mee,Chinese Traditional,,platinum
4833,Tiger Feet,Chapman,,platinum
9587,Tikman,Sugarfree,,platinum
11175,Tik-Tok,Keisha,,platinum
11533,Tila,General Luna,,platinum
6955,Tila,Lani Misalucha,,platinum
0363,Till,Tom Jones,,platinum
0588,Till Death Do Us Part,White Lion,,platinum
7858,Till I Found You,Freestyle,,platinum
11676,Till I Hear It From You,Gin Blossoms,,platinum
6856,Till I Loved You,Barbara Streisand,,platinum
1679,Till I Met You,Joey Albert,,platinum
0746,Till My Heartaches End,Ella Mae Saison,,platinum
11562,Till The World Ends,Britney Spears,,platinum
6632,Till There Was You,Piolo Pascual,,platinum
7055,Till There Was You (Live),The Beatles,,platinum
7019,Till There Was You (Unplugged),Piolo Pascual,,platinum
0028,Till They Take My Heart Away,Claire Marlow,,platinum
1528,Time,Alan Parsons Project,,platinum
0723,Time & Chance,Color Me Badd,,platinum
11783,Time After Time,Cindy Lauper,,platinum
6354,Time And Motion,Rush,,platinum
9818,Time And Tide,Basia,,platinum
6355,Time For Me To Fly,Reo Speedwagon,,platinum
8798,Time In,Yeng Constantino,,platinum
0404,Time In A Bottle,Jim Croce,,platinum
11406,Time Machine,Nyoy Volante,,platinum
9454,Time Of My Life,David Cook,,platinum
0452,Time Of The Season,Zombies,,platinum
4834,Time Stand Still,Rush,,platinum
9857,Time To Say Goodbye,Nina,,platinum
3674,Time Warp,Artist,,platinum
7094,Time Will Reveal,El Debarge,,platinum
0960,Times Of Your Life,Paul Anka,,platinum
8934,Tindahan Ni Aling Nena,Eraserheads,,platinum
1215,Tingin,Timmy Cruz,,platinum
5216,Tingnan Mo Ang Ginawa Mo,Fourmula,,platinum
5747,Tingnan Mo Naman Ako,Jolina Magdangal,,platinum
9218,Tinig,Join The Club,,platinum
6505,Tinig Ko'y Pakinggan Mo,Idan Cortez,,platinum
7859,Tinitiis Ko,Noel Cabangon,,platinum
1328,Tiny Bubbles,Various Artists,,platinum
11804,Tired,Adele,,platinum
7756,Tita Nanay,Virgie Miranda,,platinum
8138,Titigas Lalambot,Masculados,,platinum
11789,Titser's Enemy No. 1,Juan Dela Cruz Band,,platinum
2744,To All The Girls I've Loved Before,Julio Iglesias,,platinum
1682,To Be With You,Mr. Big,,platinum
3279,To Know You Is To Love You,Bobby Vinton,,platinum
44847,To Lose My Life,White Lies,,platinum
44877,To Love Again,Alesha Dixon,,platinum
6802,To Love Again,Sharon Cuneta,,platinum
2829,To Love Somebody,Bee Gees & Michael,,platinum
6634,To Love You More,Celine Dion,,platinum
6029,To Reach You,Regine Velasquez,,platinum
3014,To Sir With Love,Lulu,,platinum
5419,To The Moon And Back,Savage Garden,,platinum
7666,To Where You Are,Josh Groban,,platinum
0207,To You,Leslie Chung,,platinum
2641,Today,Jimmy Rogers,,platinum
11434,Today I'll See The Sun,Frencheska Farr,,platinum
11694,Today My Life Begins,Bruno Mars,,platinum
1996,Todo Todo Todo,Daniela Romo,,platinum
7800,Together,Glay,,platinum
8292,Together,Avril Lavigne,,platinum
2932,Together Again,Buck Owens,,platinum
4377,Together Again,Janet Jackson,,platinum
5280,Together Again,Eddie Peregrina,,platinum
4835,Together Forever,Rick Astley,,platinum
6356,Together In Electric Dreams,Human League,,platinum
8452,Toll Gate,Hale,,platinum
7965,Tom Dooley,Kingston Trio,,platinum
8986,Tomboy,Bisrock,,platinum
8011,Tong Song,Sexbomb Girls,,platinum
3280,Tonight,Alex E.,,platinum
6688,Tonight,Rod Stewart,,platinum
9903,Tonight,FM Static,,platinum
0364,Tonight I Celebrate My Love,Peabo Bryson &,,platinum
5019,Tonight I Climbed The Wall,Alan Jackson,,platinum
11080,Tonight I Wanna Cry,Keith Urban,,platinum
11556,Tonight I'm Loving You,Enrique Iglesias Ft,,platinum
44755,Too Cool,Meaghan Martin,,platinum
8200,Too Crazy,South Border,,platinum
6636,Too Late Too Soon,John Secada,,platinum
4333,Too Many Walls,Cathy Dennis,,platinum
1683,Too Much,Elvis Presley,,platinum
4356,Too Much,Spice Girls,,platinum
2743,Too Much Heaven,Bee Gees,,platinum
0568,Too Much Love Will Kill You,Brian May,,platinum
2642,Too Young,Donny Osmond,,platinum
2686,Top Of The World,Carpenters,,platinum
5526,Torete,Moonstar 88,,platinum
2294,Tormento,Javier Solis,,platinum
3281,Torn,Natalie Imbruglia,,platinum
2825,Torn Between Two Lovers,Mary Macgregor,,platinum
9557,Torpe,Kontagious,,platinum
11202,Torpedo,Eraserheads,,platinum
9265,Torpedo,Gloc 9 feat. JP Cuison of,,platinum
11036,Torres,Mayonnaise,,platinum
2237,Total,Jose Maria Gomez,,platinum
3410,Total Eclipse Of The Heart,Bonnie Tyler,,platinum
8009,Totoy Bibo,Vhong Navarro,,platinum
2665,Touch By Touch,Joy,,platinum
1713,Touch Me In The Morning,Diana Ross,,platinum
9352,Touch My Body,Mariah Carey,,platinum
9793,Touch My Hand,David Archuleta,,platinum
11719,Touch The Sky,Franco,,platinum
11252,Tough,Craig Morgan,,platinum
7667,Toxic,Britney Spears,,platinum
8766,Toy Karayo,Ilocano Song,,platinum
1412,Toyang,Eraserheads,,platinum
4836,Traces,Johnny Mathis,,platinum
8174,Trackin',Joe Crawford,,platinum
4837,Tragedy,Bee Gees,,platinum
6992,Tragedy,Steps,,platinum
3282,Travelin' Band,Ccr,,platinum
6357,Travelin' Man,Ricky Nelson,,platinum
2975,Treat Her Like A Lady,Cornelio Bros & Rose,,platinum
5536,Trip,Parokya Ni Edgar,,platinum
8455,Trip,6 Cycle Mind,,platinum
5663,Trip Mo Ba?,Freshmen,,platinum
4839,Triste,Tom Jobim,,platinum
11546,Tropa,Siakol,,platinum
11348,Trouble Is A Friend,Lenka,,platinum
6359,Truckin',Grateful Dead,,platinum
0764,True,Spandau Ballet,,platinum
8115,True,Ryan Cabrera,,platinum
44155,True Blue,Madonna,,platinum
4840,True Colors,Phil Collins,,platinum
8169,True Love,All About Eve,,platinum
0262,True Love Ways,Buddy Holly,,platinum
11500,True Romance,Regine Velasquez,,platinum
0247,Truly,Lionel Richie,,platinum
4355,Truly Madly Deeply,Savage Garden,,platinum
4841,Trust In Me,Francesca Beghe,,platinum
8458,Truth,Bamboo,,platinum
3675,Try A Little Kindness,Glen Campbell,,platinum
3654,Try A Little Tenderness,Kiss,,platinum
8170,Try Again,Aaliyah,,platinum
11441,Try Sleeping With A Broken Heart,Alicia Keys,,platinum
11043,Try To Follow Me,2NE1,,platinum
2709,Try To Remember,Andy Williams,,platinum
0961,Trying To Get The..,Barry Manilow,,platinum
44637,Trying To Stop Your Leaving,Dierks Bentley,,platinum
8090,Tsaka Na Lang,Parokya Ni Edgar,,platinum
44855,T-Shirt,Shontelle,,platinum
9388,Tsobols-25,Greenpeace,,platinum
4843,Tug Of War,Paul Mccartney,,platinum
1794,Tugon Sa King Dasal,Lyod Umali,,platinum
11246,Tukso,Eva Eugenio,,platinum
8622,Tulak Ng Bibig,Julianne,,platinum
1414,Tulak Ng Bibig Kabig Ng Dibdib,Jolina Magdangal,,platinum
0531,Tulak Ng Bibig-Kabig Ng Dibdib,Cinderella,,platinum
9647,Tuldok,Asin,,platinum
8594,Tuliro,Spongecola,,platinum
9002,Tulo Seven Hundred,Kabobo,,platinum
8386,Tulog Na,Sugarfree,,platinum
6518,Tulog Na Baby,Sex Bomb Girls,,platinum
0495,Tuloy Pa Rin,Randy Santiago,,platinum
8380,Tuloy Pa Rin,Neo Colours,,platinum
9018,Tuloy Pa Rin,Spongecola,,platinum
8333,Tuloy Pa Rin Ang Awit,Jolina Magdangal,,platinum
9753,Tumatakbo,Mojofly,,platinum
1293,Tumibok Kasi,Rachel Alejandro,,platinum
7138,Tunay,Miles,,platinum
8767,Tunay,Visayan Song,,platinum
0114,Tunay Na Ligaya,Ariel Rivera,,platinum
5020,Tunay Na Mahal,Lani Misalucha,,platinum
6030,Tunay Na Pag-Ibig,April Boys,,platinum
5867,Tunay Na Tunay,,,platinum
6763,Tunay Na Tunay,Tootsie Guevarra,,platinum
4844,Turkey In The Straw,Traditional,,platinum
8130,Turn,Mojo Fly,,platinum
4291,Turn Back Time,Aqua,,platinum
44583,Turn Off The Lights,Nelly Furtado,,platinum
6360,Turn On The Night,Kiss,,platinum
6361,Turn The Page,Bob Seeger,,platinum
0209,Turn, Turn, Turn,The Byrds,,platinum
0986,Turning Japanese,The Vapors,,platinum
9439,Turning My Safety Off,Sino Sikat,,platinum
44687,Turpentine,Brandi Carlile,,platinum
0451,Tutti Frutti,Little Richard,,platinum
5868,Tutulungan Kita,Imelda Papin,,platinum
5281,Tuwing Umuulan,Regine Velasquez,,platinum
1194,Tuyo Nang Damdamin,Apo,,platinum
8907,Tuyo Nang Damdamin,Silent Sanctuary,,platinum
6362,Twelfth Of Century,Johnny Mathis,,platinum
3676,Twenty-One,Cranberries,,platinum
9727,Twice Broken,Jessa Zaragoza,,platinum
1415,Twilight Time,A. Dunn/ The Platters,,platinum
8338,Twin Hearts,Sarah Geronimo,,platinum
1416,Twinkle Little Star,Various,,platinum
4145,Twist And Shout,The Beatles,,platinum
4845,Twist Of Fate,Stephen A. Kipner,,platinum
11152,Two Is Better Than One,Boys Like Girls Ft,,platinum
8508,Two Less Lonely People In The World,Air Supply,,platinum
3678,Two Out Of Three Ain't Bad,Meatloaf,,platinum
3301,Two Princess,Spin Doctors,,platinum
0701,Two Steps Behind,Def Leppard,,platinum
9923,Two Tribes,Frankie Goes To,,platinum
9105,Ty 4 Ur Luv,Dimsum,,platinum
8768,Type Na Type Kita,Ilocano Song,,platinum
11081,U & Ur Hand,Pink,,platinum
44536,U Remind Me,Usher,,platinum
7533,Ubos Na Ang Pasensya,Ogie N Salbakuta,,platinum
11598,Ugly,2ne1,,platinum
8303,Ugly,Sugababes,,platinum
8769,Uha,Visayan Song,,platinum
1094,Uhaw,Eva Eugenio,,platinum
7139,Uhhya Uhhya,Masculados,,platinum
8522,Ulam,Michael V.,,platinum
3751,Ulan,Rivermaya,,platinum
8350,Ulan,Cueshe,,platinum
11178,Ulap,Hale,,platinum
9019,Ulaw-Ulaw,Assembly Language,,platinum
9020,Ulingling,Sexbomb Girls,,platinum
44818,Ulyssess,Franz Ferdinand,,platinum
8398,Umaambisyon,Yasmien Kurdi,,platinum
6033,Umaaraw, Umuulan,Rivermaya,,platinum
8552,Umaasa,6 Cycle Mind,,platinum
8939,Umaasa Lang Sa 'Yo,Six Part Invention,,platinum
1796,Umaasa Pa Rin,Lloyd Umali,,platinum
3285,Umasa Ka,April Boy Regino,,platinum
11361,Umbrella,The Baseballs,,platinum
8779,Umbrella,Rihanna Ft. Jayzee,,platinum
8893,Umibig Muli,Janno Gibbs,,platinum
1097,Umiibig Ako,John Melo,,platinum
1233,Umiibig Ka Pala Sa Akin,Cristina Paner,,platinum
7645,Umiibig Na,Ann Jomeo,,platinum
1096,Umiibig Nga Ba Ang..,Boysboyz,,platinum
0095,Umiiyak Ang Puso,April Boy Regino,,platinum
9490,Una Kang Naging Akin,Ram Chavez,,platinum
1165,Unang Halik,Anthony Castello,,platinum
5328,Unang Pag-Ibig,Yolly Samson,,platinum
8974,Unang Pasko,Willie Revillame,,platinum
11030,Unang Tikim,Kamikazee,,platinum
7047,Unbreak My Heart,Toni Braxton,,platinum
6519,Unbreakable,Westlife,,platinum
2826,Unchain My Heart,Joe Cocker,,platinum
2643,Unchained Melody,Righteous Brothers,,platinum
3681,Under Pressure,Queen,,platinum
9278,Under Repair,Imago,,platinum
3658,Under The Boardwalk,Bette Midler,,platinum
3682,Under The Bridge,Red Hot Chili Pepper,,platinum
3680,Under The Sea,Sebastian,,platinum
2926,Under Your Spell Again,Buck Owens,,platinum
4849,Underground,Colin Hay,,platinum
6637,Underneath Your Clothes,Shakira,,platinum
8469,Unfaithful,Rihanna,,platinum
0449,Unforgettable,Natalie Cole,,platinum
5748,Uninvited,Alanis Morissette,,platinum
4850,Union Of The Snake,Bates,,platinum
44439,Unpretty,TLC,,platinum
8987,Unsa Ning Tamaa,Jimmy Cycle,,platinum
9361,Unsaid,Lala ft. Christian,,platinum
8770,Unsay Nahimo Ko,Visayan Song,,platinum
11517,Unspoken,Hurts,,platinum
8736,Unta Masayod Ka,Visayan Song,,platinum
8110,Until I Fall Inlove Again,David Pomeranz,,platinum
44722,Until The End Of Time,Justin Timberlake &,,platinum
9629,Until Then,Gary Valenciano,,platinum
8175,Untitled,Simple Plan,,platinum
44850,Unusual You,Britney Spears,,platinum
6902,Unwell,Matchbox 20,,platinum
44600,Unwritten,Natasha Bedingfield,,platinum
6903,Up,Shania Twain,,platinum
3286,Up Around The Bend,J.C. Fogerty,,platinum
6765,Up Up And Away,5th Dimension,,platinum
9998,Up Up Down Down,Krissy And Ericka,,platinum
0921,Up Where We Belong,Joe Cocker,,platinum
6766,Upakan,Tito Vic & Joey,,platinum
44865,Uprising,Muse,,platinum
11082,Upside Down,Jack Johnson,,platinum
6904,Upside Down,Diana Ross,,platinum
8587,Upside Down,2 Minds Crack,,platinum
4851,Uptown,The Crystals,,platinum
0835,Uptown Girl,Billy Joel,,platinum
9906,Upuan,Gloc 9 Feat. Jeazell,,platinum
0542,Urong-Sulong,Regine Velasquez,,platinum
8771,Usa Ka Lang Sa Gugma Ko,Visayan Song,,platinum
0112,Usahay,,,platinum
6638,Usapan,Aegis,,platinum
9649,Use Somebody,Kings Of Leon,,platinum
11247,Usok,Asin,,platinum
0632,Usted,Luis Miguel,,platinum
8772,Utang Lipay, Bayad Dugay,Milyo Naryo,,platinum
6506,Utos Ng Puso,Justine Draper,,platinum
8866,Vacation,Connie Francis,,platinum
9556,Vaklushii,Sexbomb Girls,,platinum
0344,Valentine,Martina Mcbride,,platinum
9967,Valerie,The Zutons,,platinum
3287,Ventura Highway,America,,platinum
2681,Venus,Bananarama,,platinum
5021,Veronica,Elvis Costello,,platinum
8921,V-Hire,Bisrock,,platinum
6640,Victims Of Love,Joe Lamont,,platinum
3683,Video Killed Radio Star,Buggles,,platinum
4153,Vincent,Don Mclean,,platinum
44672,Violet Hill,Coldplay,,platinum
8091,Virtual Insanity,Jamiroquai,,platinum
0987,Vision Of Love,Mariah Carey,,platinum
6641,Visions Of A Sunset,Shawn Stockman,,platinum
4361,Viva Forever,Spice Girls,,platinum
9981,Viva La Vida,Coldplay,,platinum
0834,Viva Las Vegas,Elvis Presley,,platinum
3684,Vogue,Madonna,,platinum
4858,Volare,Domenico Modugno,,platinum
5668,Voltes 5 (Japanese),Voltes 5,,platinum
5669,Voltes 5 (Tagalog),Voltes 5,,platinum
4154,Voulez Vous,Abba,,platinum
6369,Vulnerable,Roxette,,platinum
8773,Wa Mo Ba Ang Diay Hisabti,Visayan Song,,platinum
6854,Wag Ka Lang Mawawala,Ogie Alcasid,,platinum
7441,Wag Ka Nang Lalayo,Aiza Seguerra,,platinum
8905,Wag Ka Ng Umiyak,Sugarfree,,platinum
11027,Wag Kang Magtatanong,Yeng Constantino,,platinum
3151,Wag Kang Malungkot Kaibigan,April Boy Regino,,platinum
9357,Wag Kang Matakot,Shamrock,,platinum
5220,Wag Mo Na Sana,Parokya Ni Edgar,,platinum
6034,Wag Mo Na Sanang Isipin,Gary Valenciano,,platinum
8888,Wag Mong Iwan Ang Aking Puso,Yeng Constantino,,platinum
5022,Wag Mong Pigilin,Willie Revillame,,platinum
11525,Wag Na,Yeng Constantino,,platinum
6035,Wag Na Init Ullo Baby,Rivermaya,,platinum
8178,Wag Na Wag,Michael V.,,platinum
11809,Wag Na Wag Mo Akong Iwanan Mag Isa,Angeline Quinto,,platinum
8098,Wag Na Wag Mong Sasabihin,Kitchie Nadal,,platinum
6768,Wagas,Maricel,,platinum
11708,Wait,David Archuleta,,platinum
11066,Wait A Minute,Pussycat Dolls Feat,,platinum
11268,Wait For Me,Bob Seger,,platinum
4946,Wait For Me,J Brothers,,platinum
9806,Wait For You,Kyla,,platinum
8451,Wait Forever,Gary Valenciano,,platinum
1669,Wait Till You See,Neil Sedaka,,platinum
11407,Waiter,Eevee,,platinum
9313,Waitin',Lala,,platinum
4155,Waiting For A Girl Like You,Foreigner,,platinum
11370,Waiting For The End,Linkin' Park,,platinum
4349,Waiting For Tonight,Jennifer Lopez,,platinum
4156,Waiting For You,Roselle Nava,,platinum
9287,Waiting For Your Love,Stevie B.,,platinum
5221,Waiting In Vain,Bob Marley,,platinum
8382,Waiting In Vain,Bamboo,,platinum
8842,Waiting On The World To Change,John Mayer,,platinum
11633,Waiting Outside The Lines,Greyson Chance,,platinum
11174,Waka Waka,Shakira,,platinum
0296,Wakas,Kuh Ledesma,,platinum
11430,Wake Me Up Before You Go-Go,Wham,,platinum
8300,Wake Me Up When September Ends,Greenday,,platinum
8363,Wake Up,Hillary Duff,,platinum
8880,Wake Up Call,Maroon 5,,platinum
0447,Wake Up Little Suzie,Everly Brothers,,platinum
44852,Waking Up In Vegas,Katy Perry,,platinum
9797,Wala,Kamikazee,,platinum
11005,Wala Kang Katulad,Spongecola,,platinum
9728,Wala Kang Katulad,Ariel Rivera,,platinum
0135,Wala Na Bang Pag-Ibig,Jaya,,platinum
11542,Wala Na Tayo,Bbs Feat. Kean,,platinum
1227,Wala Nang Hahanapin Pa,Apo,,platinum
8988,Wala Ng Iba,Bloomfields,,platinum
8774,Walang Angay,Visayan Song,,platinum
7731,Walang Biro Yan,Patti S.,,platinum
1100,Walang Dangal,Eva Eugenio,,platinum
9282,Walang Daya,Joey De Leon,,platinum
11555,Walang Hanggan,Yeng Constantino,,platinum
6642,Walang Hanggan,Ella May Saison,,platinum
8787,Walang Iba,Ronnie Liang,,platinum
9761,Walang Iwanan,6 Cydeminds,,platinum
8860,Walang Kadala-Dala,Janno Gibbs,,platinum
8889,Walang Kadala-Dala,Sandwich,,platinum
0297,Walang Kaliwaan,Christy Mendoza,,platinum
0484,Walang Kapalit,Rey Valera,,platinum
1280,Walang Kapantay,Carmen Soriano,,platinum
5869,Walang Kasing Tamis,Mike Hanopol,,platinum
8940,Walang Misteryo,Imago,,platinum
11482,Walang Natira,Gloc 9 ft Sheng,,platinum
9729,Walang Pangarap Kundi Siya,Zsa Zsa Zaturnah,,platinum
8096,Walang Sabit,Sandara Park,,platinum
9510,Walang Sayang,Aiza Seguerra,,platinum
7141,Walang Sigla,Ella,,platinum
8575,Walang Yamang (Mas Hihigit Sayo),Cueshe,,platinum
8775,Walay Isip,Visayan Song,,platinum
9021,Walay Title,Mantequilla,,platinum
2710,Walk Away,Matt Monro,,platinum
8428,Walk Away,Kelly Clarkson,,platinum
11286,Walk It Out,Dj Unk,,platinum
7999,Walk Like An Egyptian,Bangles,,platinum
0846,Walk Of Life,Dire Straits,,platinum
3686,Walk On By,Dionne Warwick,,platinum
0256,Walk Right Back,Everly Brothers,,platinum
6905,Walk Through This World With Me,Engelbert Humperdinck,,platinum
4250,Walkin' The Dog,Rolling Stones,,platinum
6151,Walking Away,Craig David,,platinum
7952,Walking Contradiction,Greenday,,platinum
4859,Walking In My Shoes,Depeche Mode,,platinum
7465,Walking In The Rain,A1,,platinum
3685,Walking On The Moon,Police,,platinum
8369,Walking On The Sun,Smashmouth,,platinum
7963,Wall,Kansas,,platinum
8511,Waltz,Hale,,platinum
8776,Walug Sa Luha,Visayan Song,,platinum
4860,Wanderlust,Paul Mccartney,,platinum
6643,Wang Ching Chuy,Andy Lau,,platinum
4861,Wannabe,Spice Girls,,platinum
11296,Want To,Sugarland,,platinum
4164,Wanted,Dollys,,platinum
0833,Wanted Dead Or Alive,Bon Jovi,,platinum
11435,War Of My Life,John Mayer,,platinum
5921,Warior Is A Child,Gary Valenciano,,platinum
8220,Warpigs,Black Sabbath,,platinum
44692,Warwick Avenue,Duffy,,platinum
1419,Was I Dreamin',The Cascades,,platinum
5331,Was It Something I Didn't Say,98 Degrees,,platinum
11408,Wasak Wattz,Ely Buendia Ft Francis M,,platinum
2966,Wasted Days And Wasted Nights,,,platinum
8604,Wasted Time,Skidrow,,platinum
11265,Watching Airplanes,Gary Allan,,platinum
11425,Water Runs Dry,Boyz Ii Men,,platinum
8302,Waterfall,TLC,,platinum
9963,Waterfall,The Stone Roses,,platinum
2996,Waterloo,Abba,,platinum
6152,Wave,Sergio Mendes,,platinum
11344,Wavin' Flag,K'naan,,platinum
8894,Way Back Into Love,Adam & Drew,,platinum
9558,Way Enak Inam Ammo,Jefferson Anton,,platinum
1098,Way Palad,Visayan Song,,platinum
6153,Way We Were,Rico Puno,,platinum
9567,Waynasdi,Margaret Paleng,,platinum
3692,We Are Family,Sledge Sisters,,platinum
15074,We Are Never Ever Getting Back Together,Taylor Swift,,platinum
3289,We Are The Champions,Queen,,platinum
11445,We Are The People,Empire Of The Sun,,platinum
0766,We Are The World,Usa For Africa,,platinum
9328,We Be Burnin',Sean Paul,,platinum
8454,We Belong,Tori Gonzaga,,platinum
11474,We Belong Together,Miguel Escueta,,platinum
8244,We Belong Together,Mariah Carey,,platinum
4363,We Built This City,Starship,,platinum
0815,We Can Work It Out,The Beatles,,platinum
7530,We Could Have It All,MAUREEN Mcgoverrn,,platinum
8499,We Didn't Start The Fire,Billy Joel,,platinum
44857,We Don't Care,Akon,,platinum
3008,We Don't Talk Anymore,Cliff Richard,,platinum
11764,We Found Love,Rihanna,,platinum
4267,We Got Married,Paul Mccartney,,platinum
5408,We Have No Secrets,Carly Simon,,platinum
4307,We Like To Party,Venga Boys,,platinum
8111,We May Never Love Like..,Maureen Mcgovern,,platinum
11388,We R Who We R,Kesha,,platinum
11300,We Taking Over,Dj Khaled,,platinum
3691,We Three Kings,Christmas Song,,platinum
11018,We Weren't Born To Follow,Bon Jovi,,platinum
3597,We Will Rock You,Queen,,platinum
3696,We Wish You A Merry Christmas,Traditional,,platinum
0724,Weak,SWV,,platinum
0767,Wear My Ring Around...,Elvis Presley,,platinum
4167,Wedding March,,,platinum
4168,Wednesday's Child,Matt Monro,,platinum
7466,Wei Ni Ch Chu Who,Vic Zhu,,platinum
8126,Welcome To My Life,Simple Plan,,platinum
0366,Welcome To My World,Anita Kerr Singers,,platinum
8538,Welcome To The Black Parade,My Chemical Romance,,platinum
11661,Welcome To The Jungle,Guns & Roses,,platinum
4867,Well All Right,Buddy Holly,,platinum
11775,We'll Never Have To Say Goodbye Again,England Dan And John,,platinum
3610,We'll Share The..,Bill Batstone,,platinum
7021,We'll Share These Moments,Bill Batstone,,platinum
11504,Well Well Well,Duffy,,platinum
11461,Wer Na U?,Ara Muna,,platinum
2738,We're All Alone,Boz & Scaggs,,platinum
44573,We're All In This Together,High School Musical,,platinum
4864,We're Going To Ibiza,Venga Boys,,platinum
8218,Were In This Love Together,Al Jarreau,,platinum
9943,West End Girls,Pet Shop Boys,,platinum
11199,Westside,TQ,,platinum
0988,We've Got Tonight,Kenny Rogers,,platinum
1324,We've Only Just Begun,Carpenters,,platinum
4366,What A Girl Wants,Christina Aguilera,,platinum
7349,What A Mighty God,Gospel Song,,platinum
0367,What A Wonderful World,Louis Armstrong,,platinum
1535,What About Love,Heart,,platinum
6858,What About Me,Kim Carnes,,platinum
9456,What About Now,Chris Daughtry,,platinum
6838,What Am I Living For,Eddie Peregrina,,platinum
11369,What Am I To You,Norah Jones,,platinum
11700,What Are Words,Chris Medina,,platinum
4315,What Can I Do,The Corrs,,platinum
1716,What Child Is This,Traditional,,platinum
7590,What Do I Do,Nyoy Volante,,platinum
11440,What Do You Got,Bon Jovi,,platinum
11076,What Goes Around Comes...,Justin Timberlake,,platinum
4868,What Goes Up,Alan Parsons Project,,platinum
4869,What Have You Done For Me,,,platinum
1634,What I Did For Love,Jack Jones,,platinum
9825,What I Do Best,Sheryn Regis,,platinum
11373,What If,Kate Winslet,,platinum
7900,What If,Nina,,platinum
8092,What If,Baby Face,,platinum
5283,What I'm Living For,Eddie Peregrina,,platinum
44631,What Is It,Baby Bash Feat. Sean,,platinum
4871,What Is Love,Haddaway,,platinum
4252,What Is This Thing Called Love,Frank Sinatra,,platinum
7953,What It Feels Like For A Girl,Madonna,,platinum
9351,What I've Done,Linkin Park,,platinum
4872,What Kind Of Fool..,Rick Springfield,,platinum
5483,What Makes A Man,Westlife,,platinum
15026,What Makes You Beautiful,One Direction,,platinum
3290,What Matters Most,Kenny Rankin,,platinum
1624,What Now My Love,Shirley Bassey,,platinum
11567,What The Hell,Avril Lavigne,,platinum
3716,What The World Needs Now,Burt Bacharach,,platinum
11291,What Time Is It,High School Musical 2,,platinum
7353,What Took You So Long,Emma Bunton,,platinum
9630,What You Are To Me,Regine Velasquez,,platinum
4929,What You See Is What You Get,Britney Spears,,platinum
8125,What You Waiting F,Gwen Stefani,,platinum
5385,What You Won't Do For Love,Babby Caldwell,,platinum
11335,Whataya Want From Me,Adam Lambert,,platinum
44844,Whatcha Think About That,The Pussycat,,platinum
11233,Whatever It Takes,Lifehouse,,platinum
7954,Whatever We Imagine,James Ingram,,platinum
1536,What's Going On,Marvin Gaye,,platinum
0769,What's Love Got To Do With It,Tina Turner,,platinum
6689,What's My Age Again,Blink 182,,platinum
11387,What's My Name,Rihanna Ft Drake,,platinum
2892,What's New Pussycat,Burt Bacharach,,platinum
6645,What's On The Other Side,Martin Nievera,,platinum
0532,What's Up,4 Non Blondes,,platinum
44075,What's Your Flava,Craig David,,platinum
11412,What's Your Poison,Chicosci,,platinum
3699,Wheel Of Fortune,Ace Of Base,,platinum
11166,Wheels,Foo Fighters,,platinum
4875,When,Shania Twain,,platinum
2746,When A Man Loves A Woman,Percy Sledge,,platinum
44701,When I Grow Up,Pussycat Dolls,,platinum
3700,When I Come Around,Greenday,,platinum
0964,When I Die,Milli Vanilli,,platinum
0801,When I Fall In Love,Ant And Dec,,platinum
11261,When I Get Where Im Going,Brad Paisley & Dolly,,platinum
9652,When I Grow Up,Pussycat Dolls,,platinum
9545,When I Hear You Call,Gary V.,,platinum
11039,When I Look At You,Miley Cyrus,,platinum
7022,When I Met You,Apo Hiking Society,,platinum
2737,When I Need You,,,platinum
8407,When I See You Smile,Kris Lawrence,,platinum
44830,When I Think Of You,Lee Ryan,,platinum
2890,When I Was Young,The Animals,,platinum
3701,When I'm 64,The Beatles,,platinum
11317,When I'm Gone,Eminem,,platinum
44871,When I'm Gone,Simple Plan,,platinum
4879,When Irish Eyes Are..,Traditional,,platinum
9651,When It Rains,Paramore,,platinum
0751,When It Rains, It Really Pours,Elvis Presley,,platinum
44532,When It's Over,Sugar Ray,,platinum
8599,When Love And Hate Collide,Def Leppard,,platinum
9107,When Love Is Gone,Martin Nievera,,platinum
44885,When Love Takes Over,David Guetta feat. Kelly,,platinum
8605,When She Cries,Restless Heart,,platinum
3380,When The Children Cry,White Lion,,platinum
0695,When The Girl,Cliff Richardson,,platinum
1444,When The Saints Go Marching,Louis Armstrong,,platinum
5474,When The Smoke Is Going Down,Scorpions,,platinum
11072,When We Were Young,The Killers,,platinum
9329,When We Were Young,Dolores O'riordan,,platinum
6370,When Will I Be Loved,Everly Brothers,,platinum
2740,When Will I See You..,The Three Degrees,,platinum
7023,When Will You Say I Love You,Billy Flurry,,platinum
6646,When You Believe,Mariah Carey,,platinum
7352,When You Look At Me,Christina Milian,,platinum
44643,When You Look Me In The Eyes,Jonas Brothers,,platinum
7025,When You Say Nothing At All,Ronan Keating,,platinum
9730,When You Smile,Amee Hidalgo,,platinum
5386,When You Tell Me That You Love Me,Diana Ross,,platinum
3316,When You Wish Upon A Star,Pinochio,,platinum
8780,When You're Gone,Avril Lavigne,,platinum
6647,When You're In Love With Another Woman..,Dr. Hook,,platinum
6507,When You're Looking Like That,Westlife,,platinum
0274,Whenever I Call You Friend,Kenny Loggins,,platinum
6648,Whenever I Call You..,Johnson & Krauss,,platinum
6649,Whenever Wherever,Shakira,,platinum
44417,Whenever You Need Somebody,Rick Astley,,platinum
11123,Where Are You Now,Honor Society,,platinum
1663,Where Are You Now,Jimmy Harnen,,platinum
5475,Where Are You Now,Nazareth,,platinum
44271,Where Did Our Love Go,Diana Ross,,platinum
44322,Where Do Broken Hearts Go,Whitney Houston,,platinum
3530,Where Do I Begin (Love Story Theme),Shirley Bassey,,platinum
11803,Where Do We Go From Here,Chris Brown Ft. Pitbull,,platinum
0210,Where Have All The Flowers Gone,Kingston Trio,,platinum
15034,Where Have You Been,Rihanna,,platinum
7026,Where He Leads Me,Jamie Rivera,,platinum
11304,Where I'm From,Jason Michael,,platinum
8861,Where Is Love,Nina,,platinum
7095,Where Is The Love,Black Eyed Peas,,platinum
11234,Where Is Your Heart Tonight,Jordan Knight,,platinum
6650,Where Love Has Gone,Isay Alvarez,,platinum
7098,Where The Boys Are,Connie Francis,,platinum
3291,Where The Streets Have No Name,U2,,platinum
4884,Where You Lead,Toni Stern,,platinum
6037,Where's The Good In Goodbye,Sharon Cuneta,,platinum
9731,Wherever I Go,Pops Fernandez,,platinum
8197,Wherever You Are,South Border,,platinum
6651,Wherever You Will Go,The Calling,,platinum
3702,While My Guitar Gently Weeps,The Beatles,,platinum
44715,Whine Up,Kat Deluna Ft. Elephant,,platinum
3703,Whipping Post,Allman Brothers,,platinum
0285,Whispering Waves,Donna Summer,,platinum
11257,White & Nerdy,Weird Al Yankovic,,platinum
1457,White Christmas,Christmas Song,,platinum
7080,White Flag,Dido,,platinum
11019,White Horse,Taylor Swift,,platinum
4253,White Room,Eric Clapton,,platinum
3704,White Wedding,Billy Idol,,platinum
11698,Who Am I,Casting Crowns',,platinum
1411,Who Can I Turn To,Tony Bennet,,platinum
4174,Who Can It Be Now,Men At Work,,platinum
8524,Who Do You Think You Are,Spice Girls,,platinum
11060,Who I Am,Nick Jonas,,platinum
1691,Who Is It,Michael Jackson,,platinum
11068,Who Knew,Pink,,platinum
5911,Who Let The Dogs Out,Baha Men,,platinum
7467,Who Let You Cry,Vaness Wu,,platinum
11376,Who Owns My Heart,Miley Cyrus,,platinum
11514,Who Says,Selena Gomez,,platinum
11075,Who Says You Can't Go Home,Bon Jovi,,platinum
3708,Who Wants To Live Forever,Queen,,platinum
44744,Who Will I Be,Demi Lovato,,platinum
11281,Who You'd Be Today,Kenny Chesney,,platinum
5769,Whole Again,Atomic kitten,,platinum
3707,Whole Lotta Love,Led Zeppelin,,platinum
4176,Whole Lotta Loving,Fats Domino,,platinum
2819,Who'll Stop The Rain,C.C.R,,platinum
6038,Whoops Kiri,Fruitcake,,platinum
4175,Who's Cryin' Now,Journey,,platinum
9022,Who's Holding Donna Now,El De Barge,,platinum
8339,Who's Loving You Now,Erik Santos,,platinum
11833,Who's That Girl,Guy Sebastian,,platinum
3706,Who's That Girl,Madonna,,platinum
2818,Why,Carole King,,platinum
5332,Why,3t Brotherhood,,platinum
8527,Why,Tiggy,,platinum
7468,Why Can't I,Tom Jones,,platinum
0101,Why Can't It Be,Rannie Raymundo,,platinum
9530,Why Can't We Be Together,Piolo Pascual,,platinum
1099,Why Do I Love You,Geneva Cruz,,platinum
11776,Why Do We Always Hurt The Ones...,Dan Hill,,platinum
5382,Why Me,Kris Kristofferson,,platinum
3709,Why Worry,Dire Straits,,platinum
4886,Why Would I Say Goodbye,K.Brooks,,platinum
7592,Why, Tell Me,Avril Lavigne,,platinum
11935,Wide Awake,Katy Perry,,platinum
5476,Wild Boys,Duran Duran,,platinum
7993,Wild Flower,Skylark,,platinum
11984,Wild Ones,Flo Rida ft. Sia,,platinum
4888,Wild Thing,Jimi Hendrix,,platinum
6652,Wild Women,Mtr,,platinum
5383,Wild World,Mr. Big,,platinum
5224,Will Ever,Side A,,platinum
1537,Will I Survive,Introvoys,,platinum
0965,Will Of The Wind,Jim Photoglo,,platinum
1422,Will You Be There,Michael Jackson,,platinum
9298,Will You Ever Learn,Typecast,,platinum
2895,Will You Still Love Me Tomorrow,Carole King,,platinum
0925,Willie And The..,Eric Clapton,,platinum
0623,Wind Beneath My Wings,Bette Midler,,platinum
11059,Wind It Up,Gwen Stefani,,platinum
0696,Wind Me Up (Let Me Go),Cliff Richard,,platinum
2849,Wind Of Change,Scorpions,,platinum
4180,Winter Time,Steve Miller Band,,platinum
1434,Winter Wonderland,Christmas Song,,platinum
44839,Wire To Wire,Razorlight,,platinum
44782,Wise Men,James Blunt,,platinum
6039,Wish,Donna Cruz,,platinum
6040,Wish I Could,Dingdong Avanzado,,platinum
9529,Wish List,M.Y.M.P.,,platinum
11603,Wish You Were Here,Avril Lavigne,,platinum
3712,Wish You Were Here,Pink Floyd,,platinum
3292,Wishful Thinking,China Crisis,,platinum
8227,Wishing I Was There,Natalie Imbruglia,,platinum
1612,Wichita Lineman,Glen Campbell,,platinum
3713,Witchy Woman,Eagles,,platinum
4890,With A Little Luck,Paul Mccartney,,platinum
1134,With A Smile,Eraserheads,,platinum
8230,With Arms Wide Open,Creed,,platinum
3293,With Or Without You,U2,,platinum
6041,With These Hands,Tom Jones,,platinum
0533,With You,Pippin,,platinum
9027,With You,M.Y.M.P.,,platinum
9344,With You,Chris Brown,,platinum
2664,Within You'll Remain,Tokyo Square,,platinum
0702,Without Love,Engelbert Humperdinck,,platinum
44564,Without Me,Eminem,,platinum
11686,Without You,Aj Rafael,,platinum
2660,Without You,Harry Nilsson,,platinum
5670,Without You,Samantha Cole,,platinum
6717,Without You,After Image,,platinum
6907,Without You,Mariah Carey,,platinum
7028,Without You,Bad Finger,,platinum
9732,Without You,Joey Albert,,platinum
7668,Wo Hu Xi Ni,Vic Zu,,platinum
0049,Woman,John Lennon,,platinum
2650,Woman In Love,Barbra Streisand,,platinum
4891,Woman To Woman,Joe Cocker,,platinum
9453,Womanizer,Britney Spears,,platinum
11372,Wonderful Life,Hurts,,platinum
2647,Wonderful Tonight,Eric Clapton,,platinum
4892,Wonderwall,Oasis,,platinum
4961,Won't Cry,Krezip,,platinum
3719,Woodstock,Joni Mitchell,,platinum
2920,Wooly Bully,,,platinum
2805,Words,F.R.David,,platinum
5078,Words,Bee Gees,,platinum
1660,Words Get In The Way,Gloria Estefan,,platinum
4894,Words Of Love,Buddy Holly,,platinum
44634,Workin' For A Livin',Huey Lewis,,platinum
2992,Working For The Weekend,Lover Boy,,platinum
11158,Working On A Dream,Bruce Springsteen,,platinum
0554,World,Bee Gees,,platinum
6042,World Of Our Own,Westlife,,platinum
0771,Would I Lie To You,Annie Lennox,,platinum
6656,Would You Be Happier,The Corrs,,platinum
3294,Would'nt It Be Nice,Beacj Boys,,platinum
44624,Wow,Kylie Minogue,,platinum
8241,Wowowee,Lito Camo,,platinum
3720,Wrapped Around Your Finger,Police,,platinum
4895,Written In The Stars,Elton John,,platinum
7991,Xanadu,Olivia Newton John,,platinum
8185,Xibom Bom Bom,T-Rio,,platinum
3721,Y.M.C.A,Village People,,platinum
11147,Yakap,Hale,,platinum
11409,Yakap,Ogie Alcasid,,platinum
5870,Yakap,L.A. Lopez,,platinum
1192,Yakap Sa Dilim,Apo,,platinum
0328,Yakapin Mo Ako,Joey Albert,,platinum
0086,Yakap-Yakap,Randy Santiago,,platinum
0772,Yakety Yak,The Coasters,,platinum
11670,Yan Naman,Rizal Underground,,platinum
1424,Yankee Doodle,Various,,platinum
8140,Ye Ye Vonel,April Boy Regino,,platinum
7802,Yeah,Usher,,platinum
11565,Yeah 3x,Chris Brown,,platinum
6657,Yellow,Coldplay,,platinum
3723,Yellow Brick Road,Elton John,,platinum
4181,Yellow Submarine,The Beatles,,platinum
4182,Yes We Can Can,The Pointer Sisters,,platinum
0369,Yester Me Yester You Yester Day,Stevie Wonder,,platinum
2648,Yesterday,The Beatles,,platinum
8795,Yesterday And Today,Mom's Cake,,platinum
2649,Yesterday Once More,Carpenters,,platinum
11014,You,Rhian Ramos,,platinum
1304,You,Basil Valdez,,platinum
8526,You,Carpenters,,platinum
9631,You,Erik Santos,,platinum
7029,You Always Hurt The One You Love,Patti Page,,platinum
11608,You And I,Lady Gaga,,platinum
11778,You And I,Kenny Rogers Feat.,,platinum
6804,You And I,Rico Puno,,platinum
4898,You And Me,Alice Cooper,,platinum
8471,You And Me,Lifehouse,,platinum
9108,You And Me,Rachelle And Christian,,platinum
5477,You And Me Against The World,Helen Reddy,,platinum
8341,You And Me..,Rachel & Christian,,platinum
1614,You Are Everything,S Club 7,,platinum
7030,You Are My All In All,Gospel Song,,platinum
1721,You Are My Destiny,Paul Anka,,platinum
7348,You Are My God,Carol Banawa,,platinum
7031,You Are My Hiding Place,Gospel Song,,platinum
7032,You Are My King,Gospel Song,,platinum
9858,You Are My Obsession,Rachelle Ann Go,,platinum
0106,You Are My Song,Regine Velasquez,,platinum
0067,You Are My Sunshine,Gary Davis,,platinum
1028,You Are Not Alone,Michael Jackson,,platinum
7931,You Are So Beautiful,Joe Cocker,,platinum
7033,You Are The Love Of My Life,Diana Ross,,platinum
6457,You Are The One,Martin Nievera,,platinum
8495,You Are The One,Toni G. & Sam Milby,,platinum
11779,You Are The Reason,Ketama,,platinum
3295,You Are The Sunshine Of My Life,,,platinum
1724,You Are To Me,Divo,,platinum
6909,You Belong To Him,The Duprees,,platinum
44856,You Belong With Me,Taylor Swift,,platinum
0370,You Call It Love,Karoline Kruger,,platinum
8294,You Can Do Magic,America,,platinum
3724,You Can Leave Your Hat On,Joe Cocker,,platinum
2672,You Can Win If You Want,Modern Talking,,platinum
4899,You Can't Deny It,Lisa Stansfield,,platinum
5432,You Can't Do That,Beatles,,platinum
5387,You Can't Hurry Love,Diana Ross,,platinum
5284,You Changed My Life In A Moment,Angela Bofill,,platinum
9655,You Changed My Life In A Moment,Sarah Geronimo,,platinum
11831,You Da One,Rihanna,,platinum
4900,You Decorated My Life,Debbie Hupp,,platinum
9632,You Do,Agot Isidro,,platinum
0149,You Don't Have To Say You Love Me,Vic Damone,,platinum
11403,You Don't Know,Regine Velasquez,,platinum
11826,You Don't Know Her Like I Do,Brantley Gilbert,,platinum
0078,You Don't Know Me,Ray Charles,,platinum
7034,You Don't Know Me,Floyd Cramer,,platinum
0491,You Don't Love Me Anymore,Weir Al,,platinum
3725,You Drive Me Crazy,Shakin Stevens,,platinum
44805,You Found Me,The Fray,,platinum
2874,You Give Love A Bad Name,Bon Jovi,,platinum
5416,You Got It,Roy Orbison,,platinum
44572,You Got The Music In Me,High School Musical,,platinum
4901,You Gotta Be,,,platinum
6690,You Learn,Alanis Morissette,,platinum
2644,You Light Up My Life,Debbie Boone,,platinum
11198,You Lost Me,Christina Aguilera,,platinum
1119,You Made Me Live Again,Janet Basco,,platinum
4902,You Made Me Love You,Patti Page,,platinum
0490,You Make It Hard,Kalapana,,platinum
11003,You Make Me Feel,Kyla,,platinum
0745,You Make Me Feel Brand New,Stylistics,,platinum
4903,You Make Me Feel Like A Natural..,Carole King,,platinum
3727,You Make Me Feel Like Dancing,Leo Sayer,,platinum
6910,You Make Me Feel So Young,Frank Sinatra,,platinum
6692,You Make Me Sick,Pink,,platinum
9733,You Make Me,Carol Banawa,,platinum
7036,You May Be Right,Billy Joel,,platinum
2635,You Mean Everything To Me,Neil Sedaka,,platinum
1431,You Mean The World To Me,Toni Braxton,,platinum
4904,You Might Need Somebody,T.Snow,,platinum
6769,You Must Love Me,Madonna,,platinum
2618,You Needed Me,Anne Murray,,platinum
4318,You Needed Me,Boyzone,,platinum
0962,You On My Mind,Swing Out Sisters,,platinum
4905,You Only Get What You Give,,,platinum
5411,You Oughta Know,Alanis Morissette,,platinum
7647,You Raise Me Up,Josh Groban,,platinum
6478,You Really Got A Hold A Hold On Me,The Beatles,,platinum
3587,You Really Got Me,The Nicks,,platinum
6911,You Rock My World,Michael Jackson,,platinum
6770,You Sang To Me,Marc Anthony,,platinum
7037,You Sat Down,,,platinum
6044,You Should Be Dancing,Bee Gees,,platinum
7038,You Should Know By Now,Angela Bofill,,platinum
11422,You Smile,Justin Bieber,,platinum
11173,You Still Have My Heart,Princess,,platinum
1725,You To Me Are Everything,Real Thing,,platinum
11750,You Took My Heart Away,Michael Learns To,,platinum
1425,You Were There,Southern Sons,,platinum
6458,You Were There,Regine Velasquez,,platinum
6045,You Will Be My Music,Frank Sinatra,,platinum
9968,You Will, You Won't,The Zutons,,platinum
8404,You Win The Game,Mark Bautista,,platinum
44490,You Won't Get To Heaven,Dionne Warwick,,platinum
2798,You Won't See Me,The Beatles,,platinum
3731,You've Lost That Loving Feeling,The Righteous,,platinum
0235,You'd Be So Nice To Come,Frank Sinatra,,platinum
44854,You'll Always Find Your Way Back Home,Miley Cyrus,,platinum
5479,You'll Be In My Heart,Phil Collins,,platinum
8139,You'll Be Safe Here,Rivermaya,,platinum
0236,You'll Never Find Another Love Like Mine,Lou Rawls,,platinum
7039,You'll Never Walk Alone,Frank Sinatra,,platinum
4372,You'll See,Madonna,,platinum
6508,Young At Heart,Frank Sinatra,,platinum
2854,Young Girl,Gary Puckett,,platinum
0211,Young Love,Tab Hunter,,platinum
5913,Young Love,Toyz,,platinum
8503,Young Love,Air Supply,,platinum
7669,Your Body Is A Wonderland,John Mayer,,platinum
0068,Your Cheatin' Heart,Elvis Presley,,platinum
0747,Your Cheatin' Heart,Hank Williams,,platinum
11742,Your Eyes,La Boum 2,,platinum
4909,Your Good Girl's Gonna Get..,,,platinum
9268,Your Guardian Angel,The Red Jumpsuit,,platinum
11635,Your Love,Marie Digby,,platinum
7040,Your Love,Gospel Song,,platinum
8085,Your Love,Alamid,,platinum
8464,Your Love,Jim Brickman,,platinum
44662,Your Love Is A Lie,Simple Plan,,platinum
1502,Your Love Is King,Sade,,platinum
11531,Your Love Is My Drug,Kesha,,platinum
7955,Your My You,Nyoy Volante,,platinum
6459,Your Smiling Face,James Taylor,,platinum
11444,Your Song,Ellie Goulding,,platinum
2841,Your Song,Elton John,,platinum
3729,Your Time Is Gonna Come,Led Zeppelin,,platinum
7041,Your Unfailing Love,Gospel,,platinum
9471,Your Universe,Rico Blanco,,platinum
3732,Your Wildest Dreams,Moody Blues,,platinum
5550,You're A God,Vertical Horizon,,platinum
5388,You're A Woman,Bad Boy Blue,,platinum
0503,You're All I Need,White Lion,,platinum
1531,You're Always On My Mind,Gallery,,platinum
7042,You're Beautiful,J. Chisum,,platinum
8299,You're Beautiful,James Blunt,,platinum
3296,You're Closer To Me,Matt Monroe,,platinum
5433,You're Going To Lose That Girl,Beatles,,platinum
5912,You're In Love,Wilson Philips,,platinum
4907,You're My Best Friend,Queen,,platinum
2627,You're My Everything,Santa Esmeralda,,platinum
6047,You're My Everything,Martin Nievera,,platinum
2669,You're My Heart-You're My Soul,Modern Talking,,platinum
1231,You're My Home,Odette Quesada :,,platinum
1639,You're My World,Helen Reddy,,platinum
44348,You're My World,Cilla Black,,platinum
7593,You're My You,Nyoy Volante,,platinum
11156,You're Not Sorry,Taylor Swift,,platinum
2811,You're Sixteen,Bobby Sherman,,platinum
11183,You're So Hot,Xlr8,,platinum
7043,You're So Square Baby I Don't Care,Elvis Presley,,platinum
6477,You're So Vain,Carly Simon,,platinum
4292,You're Still The One,Shania Twain,,platinum
7442,You're Still You,Josh Groban,,platinum
5333,You're The Best Thing That Ever Happen To Me,Ray Price,,platinum
0773,You're The Best..,Skool Boys,,platinum
0719,You're The Inspiration,Chicago,,platinum
0963,You're The One,The Carpenters,,platinum
7972,You're The One That I Want,Travolta & N-John,,platinum
5581,Your's Until Tomorrow,Engelbert Humperdinck,,platinum
44179,Youth Of The Nation,Pod,,platinum
2812,You've Got A Friend,Carole King,,platinum
7045,You've Got A Way,Shania Twain,,platinum
8509,You've Got It All,Jetts,,platinum
4908,You've Got Love,Buddy Holly,,platinum
7191,You've Got The Magic Touch,The Platters,,platinum
7904,You've Got To Hide Your Love Away,Beatles,,platinum
7694,You've Made Me Stronger,Regine Velasquez,,platinum
9263,Yue Liang Dai Biao Wo De Xin,Kim Chiu,,platinum
9450,Yugto,Rico Blanco,,platinum
8782,Yugyugan Na,P.O.T,,platinum
11087,Yun Lang,True Faith,,platinum
11621,Yuoy,Q-York,,platinum
8906,Zaido,Sandwich,,platinum
7979,Zero,Smashing Pumpkins,,platinum
0079,Zombie,Cranberries,,platinum
44315,Zombie,Cranberries,,platinum
8312,Zoom,Regine Velasquez,,platinum
8296,Zutto Futaride,Glay,,platinum